"Southeast Regional Climate Center",
"Regional Climate Perspectives product generated on 2026-03-03 at 3:55PM",
"Average Maximum Temperature for Saturday, November 29th, 2025 to Saturday, February 28th, 2026 (3 month)",
"Station","Name","City","State","Lat","Lon","Startdate","Enddate","Period","Period_text","Year Count","Average Maximum Temperature Value (F)"," Dep. From Normal (F)","Average Maximum Temperature Rank","Average Maximum Temperature Percentile",
010116,"Alabaster Shelby Co Ap","Alabaster","AL",33.17835,-86.78178,"Nov 29, 2025","Feb 28, 2026","3_MONTH","Past Three Months",31,59.9,1.8,"9th warmest",71,
010117,"Alabama State Farm","Madison","AL",34.6891,-86.8819,"Nov 29, 2025","Feb 28, 2026","3_MONTH","Past Three Months",74,53.1,1.4,"T-36th warmest",51,
010272,"Anniston Metro Ap","Anniston","AL",33.59043,-85.84788,"Nov 29, 2025","Feb 28, 2026","3_MONTH","Past Three Months",83,57.9,0.9,"T-30th warmest",64,
010390,"Athens","Athens","AL",34.77528,-86.95083,"Nov 29, 2025","Feb 28, 2026","3_MONTH","Past Three Months",35,53.4,-0.5,"17th coldest",46,
010402,"Atmore","Atmore","AL",31.18194,-87.43889,"Nov 29, 2025","Feb 28, 2026","3_MONTH","Past Three Months",62,62.8,-0.1,"29th warmest",53,
010425,"Auburn No.2","Auburn","AL",32.59917,-85.46528,"Nov 29, 2025","Feb 28, 2026","3_MONTH","Past Three Months",29,59.2,1.0,"11th coldest",34,
010583,"Bay Minette","Bay Minette","AL",30.88389,-87.78528,"Nov 29, 2025","Feb 28, 2026","3_MONTH","Past Three Months",92,65.3,2.5,"T-25th warmest",73,
010655,"Belle Mina 2 N","Madison","AL",34.6891,-86.8819,"Nov 29, 2025","Feb 28, 2026","3_MONTH","Past Three Months",74,53.1,1.4,"T-36th warmest",51,
010764,"Bessemer 3 Wsw","Bessemer","AL",33.39528,-87.00778,"Nov 29, 2025","Feb 28, 2026","3_MONTH","Past Three Months",48,59.6,1.5,"16th warmest",67,
010831,"Birmingham Ap Asos","Birmingham","AL",33.56545,-86.7449,"Nov 29, 2025","Feb 28, 2026","3_MONTH","Past Three Months",96,58.6,1.8,"18th warmest",81,
012372,"Dothan Regional AP","Dothan","AL",31.31767,-85.44324,"Nov 29, 2025","Feb 28, 2026","3_MONTH","Past Three Months",58,64.4,0.6,"T-19th warmest",67,
013160,"Gainesville Lock","Gainesville","AL",32.83472,-88.13417,"Nov 29, 2025","Feb 28, 2026","3_MONTH","Past Three Months",66,58.8,0.8,"T-19th warmest",71,
013251,"Geneva #2","Geneva","AL",31.03833,-85.87083,"Nov 29, 2025","Feb 28, 2026","3_MONTH","Past Three Months",49,65.2,1.3,"7th warmest",86,
013511,"Greensboro","Greensboro","AL",32.69212,-87.57603,"Nov 29, 2025","Feb 28, 2026","3_MONTH","Past Three Months",113,60.3,1.9,"T-35th warmest",69,
013573,"Guntersville","Guntersville","AL",34.33444,-86.32972,"Nov 29, 2025","Feb 28, 2026","3_MONTH","Past Three Months",65,55.5,2.6,"T-22nd warmest",66,
013620,"Haleyville","Haleyville","AL",34.23111,-87.63472,"Nov 29, 2025","Feb 28, 2026","3_MONTH","Past Three Months",71,56.3,2.9,"14th warmest",80,
013645,"Hamilton 3 S","Hamilton","AL",34.13884,-87.99466,"Nov 29, 2025","Feb 28, 2026","3_MONTH","Past Three Months",61,55.5,0.5,"T-26th warmest",57,
014064,"Huntsville Intl Ap","Madison","AL",34.64406,-86.78615,"Nov 29, 2025","Feb 28, 2026","3_MONTH","Past Three Months",85,54.7,-0.1,"26th warmest",69,
014193,"Jackson","Jackson","AL",31.52528,-87.92778,"Nov 29, 2025","Feb 28, 2026","3_MONTH","Past Three Months",34,64.7,2.8,"T-4th warmest",88,
015478,"Mobile Regional Ap","Mobile","AL",30.68833,-88.24556,"Nov 29, 2025","Feb 28, 2026","3_MONTH","Past Three Months",78,65.8,2.2,"T-14th warmest",82,
015550,"Montgomery Ap Asos","Montgomery","AL",32.2997,-86.40745,"Nov 29, 2025","Feb 28, 2026","3_MONTH","Past Three Months",78,61.9,-0.2,"T-25th warmest",68,
015553,"Montgomery 6sw","Montgomery","AL",32.26,-86.21806,"Nov 29, 2025","Feb 28, 2026","3_MONTH","Past Three Months",26,62.6,0.0,"T-12th warmest",54,
015749,"Muscle Shoals Ap","Muscle Shoals","AL",34.74388,-87.59971,"Nov 29, 2025","Feb 28, 2026","3_MONTH","Past Three Months",129,56.4,1.6,"22nd warmest",83,
016121,"Oneonta","Oneonta","AL",33.9265,-86.42116,"Nov 29, 2025","Feb 28, 2026","3_MONTH","Past Three Months",90,54.9,-0.4,"T-35th warmest",61,
017131,"Russellville #2","Russellville","AL",34.51,-87.73194,"Nov 29, 2025","Feb 28, 2026","3_MONTH","Past Three Months",48,53.8,0.2,"T-14th warmest",71,
017999,"Sylacauga 4 Ne","Sylacauga","AL",33.20528,-86.21139,"Nov 29, 2025","Feb 28, 2026","3_MONTH","Past Three Months",64,57.3,0.6,"T-31st coldest",48,
018380,"Tuscaloosa Acfd","Tuscaloosa","AL",33.21194,-87.61611,"Nov 29, 2025","Feb 28, 2026","3_MONTH","Past Three Months",51,60.8,1.3,"T-11th warmest",78,
018383,"Tuscaloosa Arpt Asos","Tuscaloosa","AL",33.21217,-87.61552,"Nov 29, 2025","Feb 28, 2026","3_MONTH","Past Three Months",45,59.9,2.0,"13th warmest",71,
020287,"Anvil Rch","Tucson","AZ",31.9793,-111.3837,"Nov 29, 2025","Feb 28, 2026","3_MONTH","Past Three Months",45,72,5.6,"1st warmest",98,
020678,"Bellemont Wfo","Bellemont","AZ",35.23,-111.82139,"Nov 29, 2025","Feb 28, 2026","3_MONTH","Past Three Months",27,51.6,7.1,"1st warmest",96,
021282,"Carefree","Carefree","AZ",33.81611,-111.90194,"Nov 29, 2025","Feb 28, 2026","3_MONTH","Past Three Months",38,72,6.8,"1st warmest",97,
021306,"Casa Grande","Casa Grande","AZ",32.8875,-111.7147,"Nov 29, 2025","Feb 28, 2026","3_MONTH","Past Three Months",78,73.8,4.2,"5th warmest",94,
021363,"Cave Creek 3 Ese","Scottsdale","AZ",33.81667,-111.9,"Nov 29, 2025","Feb 28, 2026","3_MONTH","Past Three Months",38,72,6.8,"1st warmest",97,
022782,"East Mesa","Mesa","AZ",33.41917,-111.64444,"Nov 29, 2025","Feb 28, 2026","3_MONTH","Past Three Months",22,75.5,7.7,"1st warmest",95,
024640,"Kingman Ap","Kingman","AZ",35.25745,-113.93405,"Nov 29, 2025","Feb 28, 2026","3_MONTH","Past Three Months",28,62.6,4.8,"2nd warmest",93,
025825,"Natural Brg","Pine","AZ",34.322,-111.4532,"Nov 29, 2025","Feb 28, 2026","3_MONTH","Past Three Months",67,60.7,5.9,"T-2nd warmest",97,
026242,"Paradise","San Simon","AZ",31.93528,-109.21861,"Nov 29, 2025","Feb 28, 2026","3_MONTH","Past Three Months",46,60.7,5.1,"T-2nd warmest",96,
026323,"Payson","Payson","AZ",34.2325,-111.34472,"Nov 29, 2025","Feb 28, 2026","3_MONTH","Past Three Months",66,61.5,5.0,"1st warmest",98,
026481,"Phoenix Ap","Phoenix","AZ",33.4278,-112.00365,"Nov 29, 2025","Feb 28, 2026","3_MONTH","Past Three Months",88,75.4,7.2,"1st warmest",99,
026513,"Picacho 8 Se","Picacho","AZ",32.6463,-111.4017,"Nov 29, 2025","Feb 28, 2026","3_MONTH","Past Three Months",33,74.6,7.0,"1st warmest",97,
026796,"Prescott","Prescott","AZ",34.57056,-112.43222,"Nov 29, 2025","Feb 28, 2026","3_MONTH","Past Three Months",111,59.6,6.4,"1st warmest",99,
026801,"Prescott Faa Ap","Prescott","AZ",34.64915,-112.42234,"Nov 29, 2025","Feb 28, 2026","3_MONTH","Past Three Months",77,59.7,5.9,"1st warmest",99,
027560,"San Simon","San Simon","AZ",32.29329,-109.22691,"Nov 29, 2025","Feb 28, 2026","3_MONTH","Past Three Months",61,69.1,6.9,"1st warmest",98,
027619,"Sasabe","Sasabe","AZ",31.48306,-111.54361,"Nov 29, 2025","Feb 28, 2026","3_MONTH","Past Three Months",48,71.9,5.8,"T-1st warmest",98,
027855,"Show Low Ap","Show Low","AZ",34.26389,-110.0075,"Nov 29, 2025","Feb 28, 2026","3_MONTH","Past Three Months",50,54.3,6.7,"1st warmest",98,
027880,"Sierra Vista","Sierra Vista","AZ",31.53699,-110.28073,"Nov 29, 2025","Feb 28, 2026","3_MONTH","Past Three Months",29,65.2,2.7,"T-4th warmest",86,
028396,"Tacna 3 Ne","Tacna","AZ",32.7225,-113.91917,"Nov 29, 2025","Feb 28, 2026","3_MONTH","Past Three Months",55,77.8,6.4,"1st warmest",98,
028820,"Tucson Intl Ap","Tucson","AZ",32.13153,-110.95638,"Nov 29, 2025","Feb 28, 2026","3_MONTH","Past Three Months",96,72.1,5.1,"2nd warmest",98,
029334,"Willcox","Willcox","AZ",32.2553,-109.8369,"Nov 29, 2025","Feb 28, 2026","3_MONTH","Past Three Months",105,66.6,4.5,"5th warmest",95,
029439,"Winslow Ap","Winslow","AZ",35.02806,-110.72083,"Nov 29, 2025","Feb 28, 2026","3_MONTH","Past Three Months",116,57.5,6.0,"1st warmest",99,
030064,"Alicia 2nne","Alicia","AR",35.9307,-91.055,"Nov 29, 2025","Feb 28, 2026","3_MONTH","Past Three Months",59,48.8,1.7,"23rd coldest",37,
030286,"Ashdown 4 Sse","Ashdown","AR",33.61944,-94.09944,"Nov 29, 2025","Feb 28, 2026","3_MONTH","Past Three Months",32,57.3,1.5,"12th warmest",62,
030536,"Beedeville 4 Ne","Newport","AR",35.4586,-91.0567,"Nov 29, 2025","Feb 28, 2026","3_MONTH","Past Three Months",47,49.8,0.3,"T-21st coldest",45,
030582,"Benton","Benton","AR",34.5675,-92.60056,"Nov 29, 2025","Feb 28, 2026","3_MONTH","Past Three Months",75,57.6,2.8,"14th warmest",81,
030764,"Blakely Mtn Dam","Royal","AR",34.56972,-93.19472,"Nov 29, 2025","Feb 28, 2026","3_MONTH","Past Three Months",60,57.1,4.8,"1st warmest",98,
031132,"Calico Rock 2 Wsw","Calico Rock","AR",36.10917,-92.16361,"Nov 29, 2025","Feb 28, 2026","3_MONTH","Past Three Months",81,55.1,6.6,"T-3rd warmest",96,
031457,"Clarksville 6 Ne","Clarksville","AR",35.53278,-93.40361,"Nov 29, 2025","Feb 28, 2026","3_MONTH","Past Three Months",24,54.9,5.6,"1st warmest",96,
031596,"Conway","Conway","AR",35.1034,-92.4903,"Nov 29, 2025","Feb 28, 2026","3_MONTH","Past Three Months",118,54.9,3.4,"40th warmest",66,
031632,"Corning","Corning","AR",36.41972,-90.58583,"Nov 29, 2025","Feb 28, 2026","3_MONTH","Past Three Months",122,49.6,2.0,"55th warmest",55,
031953,"Dequeen Sevier Co Ap","De Queen","AR",34.04799,-94.40157,"Nov 29, 2025","Feb 28, 2026","3_MONTH","Past Three Months",25,59.2,2.5,"5th warmest",80,
032300,"El Dorado Goodwin Fld","El Dorado","AR",33.22072,-92.81404,"Nov 29, 2025","Feb 28, 2026","3_MONTH","Past Three Months",113,59.8,1.7,"T-25th warmest",78,
032420,"Fayetteville Drake Fld","Fayetteville","AR",36.01027,-94.16824,"Nov 29, 2025","Feb 28, 2026","3_MONTH","Past Three Months",28,55.9,6.0,"1st warmest",96,
032443,"Fayetteville Faa Ap","Fayetteville","AR",36.01027,-94.16824,"Nov 29, 2025","Feb 28, 2026","3_MONTH","Past Three Months",60,55.9,6.0,"1st warmest",98,
032574,"Ft Smith Rgnl Ap","Fort Smith","AR",35.33346,-94.36526,"Nov 29, 2025","Feb 28, 2026","3_MONTH","Past Three Months",81,59,5.3,"1st warmest",99,
033165,"Harrison Boone Co Ap","Harrison","AR",36.26727,-93.15657,"Nov 29, 2025","Feb 28, 2026","3_MONTH","Past Three Months",67,55.5,6.4,"1st warmest",99,
033166,"Harrison Airway","Harrison","AR",36.26727,-93.15657,"Nov 29, 2025","Feb 28, 2026","3_MONTH","Past Three Months",67,55.5,6.4,"1st warmest",99,
033470,"Hot Springs Asos","Bismarck","AR",34.47551,-93.10413,"Nov 29, 2025","Feb 28, 2026","3_MONTH","Past Three Months",40,57.4,2.7,"T-6th warmest",85,
034248,"Little Rock Adams Fld","Little Rock","AR",34.72727,-92.2358,"Nov 29, 2025","Feb 28, 2026","3_MONTH","Past Three Months",106,56.1,3.3,"17th warmest",84,
034562,"Malvern","Malvern","AR",34.39472,-92.83639,"Nov 29, 2025","Feb 28, 2026","3_MONTH","Past Three Months",102,56.1,2.2,"T-40th warmest",61,
034572,"Mammoth Spring","Mammoth Spring","AR",36.49472,-91.535,"Nov 29, 2025","Feb 28, 2026","3_MONTH","Past Three Months",115,52.7,3.3,"22nd warmest",81,
034756,"Mena","Mena","AR",34.5979,-94.29,"Nov 29, 2025","Feb 28, 2026","3_MONTH","Past Three Months",127,55,3.3,"T-20th warmest",84,
034900,"Monticello Muni Ap","Monticello","AR",33.63602,-91.7555,"Nov 29, 2025","Feb 28, 2026","3_MONTH","Past Three Months",27,58.6,2.6,"11th warmest",59,
034938,"Morrilton","Morrilton","AR",35.15806,-92.76722,"Nov 29, 2025","Feb 28, 2026","3_MONTH","Past Three Months",90,56.5,3.9,"T-9th warmest",90,
034991,"Mount Ida Asos","Amity","AR",34.33,-93.35,"Nov 29, 2025","Feb 28, 2026","3_MONTH","Past Three Months",25,57.9,2.9,"T-5th warmest",80,
035046,"Mtn View","Mountain View","AR",35.8445,-92.0979,"Nov 29, 2025","Feb 28, 2026","3_MONTH","Past Three Months",56,54.1,3.7,"5th warmest",91,
035112,"Nashville","Nashville","AR",33.92944,-93.85833,"Nov 29, 2025","Feb 28, 2026","3_MONTH","Past Three Months",86,58.4,2.1,"T-12th warmest",86,
035320,"North Little Rock Wfo","North Little Rock","AR",34.83528,-92.25972,"Nov 29, 2025","Feb 28, 2026","3_MONTH","Past Three Months",50,54.1,2.8,"T-12th warmest",76,
035563,"Paragould 1s","Paragould","AR",36.03361,-90.49778,"Nov 29, 2025","Feb 28, 2026","3_MONTH","Past Three Months",47,49.9,1.6,"20th warmest",57,
035754,"Pine Bluff","Pine Bluff","AR",34.2255,-92.0185,"Nov 29, 2025","Feb 28, 2026","3_MONTH","Past Three Months",120,57.6,3.5,"30th warmest",75,
035756,"Pine Bluff Grider Fld","Pine Bluff","AR",34.175,-91.93472,"Nov 29, 2025","Feb 28, 2026","3_MONTH","Past Three Months",64,58,4.0,"7th warmest",89,
035866,"Portland","Portland","AR",33.25111,-91.50583,"Nov 29, 2025","Feb 28, 2026","3_MONTH","Past Three Months",102,55.2,0.4,"T-29th coldest",28,
036928,"Subiaco","Subiaco","AR",35.30278,-93.63694,"Nov 29, 2025","Feb 28, 2026","3_MONTH","Past Three Months",110,57.6,6.2,"8th warmest",93,
037048,"Texarkana Webb Fld","Texarkana","AR",33.45606,-93.98777,"Nov 29, 2025","Feb 28, 2026","3_MONTH","Past Three Months",121,62.6,6.7,"6th warmest",95,
037488,"Waldron","Waldron","AR",34.9229,-94.0944,"Nov 29, 2025","Feb 28, 2026","3_MONTH","Past Three Months",93,58.3,5.2,"7th warmest",92,
037530,"Walnut Ridge Faa Ap","Walnut Ridge","AR",36.12528,-90.92444,"Nov 29, 2025","Feb 28, 2026","3_MONTH","Past Three Months",25,50.1,1.9,"9th warmest",64,
040263,"Arcata Faa Ap","Arcata","CA",40.97844,-124.10479,"Nov 29, 2025","Feb 28, 2026","3_MONTH","Past Three Months",34,56.9,0.5,"11th warmest",68,
040442,"Bakersfield Ap","Bakersfield","CA",35.43424,-119.05524,"Nov 29, 2025","Feb 28, 2026","3_MONTH","Past Three Months",89,60,-0.4,"T-43rd warmest",52,
040521,"Barstow","Barstow","CA",34.89278,-117.02194,"Nov 29, 2025","Feb 28, 2026","3_MONTH","Past Three Months",40,64.6,4.9,"5th warmest",87,
040790,"Big Sur Stn","Big Sur","CA",36.24722,-121.78028,"Nov 29, 2025","Feb 28, 2026","3_MONTH","Past Three Months",22,65.4,5.1,"2nd warmest",91,
040822,"Bishop Ap","Bishop","CA",37.37114,-118.35886,"Nov 29, 2025","Feb 28, 2026","3_MONTH","Past Three Months",78,60.2,3.5,"5th warmest",94,
040897,"Blue Canyon Nyack Ap","Blue Canyon","CA",39.27617,-120.70927,"Nov 29, 2025","Feb 28, 2026","3_MONTH","Past Three Months",73,50.7,5.3,"T-4th warmest",95,
040927,"Blythe Asos","Blythe","CA",33.61861,-114.71417,"Nov 29, 2025","Feb 28, 2026","3_MONTH","Past Three Months",77,73.8,4.9,"2nd warmest",97,
040931,"Boca","Truckee","CA",39.38861,-120.09361,"Nov 29, 2025","Feb 28, 2026","3_MONTH","Past Three Months",86,50.7,6.5,"2nd warmest",98,
040983,"Borrego Desert Park","Ranchita","CA",33.2559,-116.4036,"Nov 29, 2025","Feb 28, 2026","3_MONTH","Past Three Months",59,74.9,4.8,"2nd warmest",97,
041194,"Burbank Vly Pump Plt","Burbank","CA",34.18667,-118.34806,"Nov 29, 2025","Feb 28, 2026","3_MONTH","Past Three Months",77,73.6,5.0,"3rd warmest",96,
041253,"Cachuma Lake","Santa Ynez","CA",34.58223,-119.98159,"Nov 29, 2025","Feb 28, 2026","3_MONTH","Past Three Months",71,71.5,4.1,"4th warmest",94,
041424,"Campo","Campo","CA",32.62333,-116.47278,"Nov 29, 2025","Feb 28, 2026","3_MONTH","Past Three Months",69,69.9,6.3,"1st warmest",99,
041838,"Cloverdale","Cloverdale","CA",38.79296,-123.0263,"Nov 29, 2025","Feb 28, 2026","3_MONTH","Past Three Months",55,62,1.4,"5th warmest",91,
041964,"Concord Buchanan Fld","Concord","CA",37.99165,-122.05268,"Nov 29, 2025","Feb 28, 2026","3_MONTH","Past Three Months",27,59.2,-0.0,"14th warmest",48,
042149,"Crescent City Caa Ap","Crescent City","CA",41.78333,-124.23333,"Nov 29, 2025","Feb 28, 2026","3_MONTH","Past Three Months",29,56.7,0.9,"3rd warmest",90,
042257,"Daggett Ap","Barstow","CA",34.85371,-116.78702,"Nov 29, 2025","Feb 28, 2026","3_MONTH","Past Three Months",77,66.8,4.6,"2nd warmest",97,
042294,"Davis 2 Wsw Exp Farm","Davis","CA",38.535,-121.77611,"Nov 29, 2025","Feb 28, 2026","3_MONTH","Past Three Months",119,59,1.6,"20th warmest",83,
042319,"Death Valley","Death Valley","CA",36.46222,-116.86694,"Nov 29, 2025","Feb 28, 2026","3_MONTH","Past Three Months",110,70.6,1.9,"T-20th warmest",82,
042574,"Dunsmuir Trtmnt Plt","Dunsmuir","CA",41.1831,-122.28167,"Nov 29, 2025","Feb 28, 2026","3_MONTH","Past Three Months",47,55.3,5.8,"2nd warmest",96,
042910,"Eureka Wfo Woodley Is","Eureka","CA",40.80972,-124.16028,"Nov 29, 2025","Feb 28, 2026","3_MONTH","Past Three Months",140,56.7,1.6,"T-20th warmest",86,
043257,"Fresno Yosemite Ap","Fresno","CA",36.77999,-119.72016,"Nov 29, 2025","Feb 28, 2026","3_MONTH","Past Three Months",77,59.1,1.8,"T-20th warmest",74,
043261,"Friant Government Camp","Friant","CA",36.99694,-119.70722,"Nov 29, 2025","Feb 28, 2026","3_MONTH","Past Three Months",80,58.5,0.9,"T-32nd warmest",60,
043573,"Grass Valley #2","Grass Valley","CA",39.20417,-121.06806,"Nov 29, 2025","Feb 28, 2026","3_MONTH","Past Three Months",60,60.9,7.2,"1st warmest",98,
043574,"Grass Valley Nid","Grass Valley","CA",39.2041,-121.068,"Nov 29, 2025","Feb 28, 2026","3_MONTH","Past Three Months",60,60.9,7.2,"1st warmest",98,
043714,"Half Moon Bay","Half Moon Bay","CA",37.4725,-122.44333,"Nov 29, 2025","Feb 28, 2026","3_MONTH","Past Three Months",81,63.2,3.9,"2nd warmest",98,
043747,"Hanford 1 S","Hanford","CA",36.31583,-119.63694,"Nov 29, 2025","Feb 28, 2026","3_MONTH","Past Three Months",113,59.8,1.6,"T-24th warmest",79,
043861,"Hayward Air Terminal","Hayward","CA",37.65886,-122.12116,"Nov 29, 2025","Feb 28, 2026","3_MONTH","Past Three Months",28,61.4,1.2,"6th warmest",79,
043875,"Healdsburg","Healdsburg","CA",38.62935,-122.86646,"Nov 29, 2025","Feb 28, 2026","3_MONTH","Past Three Months",110,61.3,2.5,"T-21st warmest",81,
043914,"Henshaw Dam","Santa Ysabel","CA",33.23722,-116.76139,"Nov 29, 2025","Feb 28, 2026","3_MONTH","Past Three Months",77,66.9,6.5,"2nd warmest",97,
044224,"Imperial Faa Ap","Imperial","CA",32.83464,-115.57656,"Nov 29, 2025","Feb 28, 2026","3_MONTH","Past Three Months",44,76.4,5.5,"1st warmest",98,
044500,"Kentfield","Kentfield","CA",37.95694,-122.54389,"Nov 29, 2025","Feb 28, 2026","3_MONTH","Past Three Months",109,59,1.1,"T-29th warmest",73,
044555,"King City","King City","CA",36.20694,-121.13778,"Nov 29, 2025","Feb 28, 2026","3_MONTH","Past Three Months",97,67.1,3.6,"22nd warmest",77,
044712,"Lake Solano","Winters","CA",38.492,-122.0039,"Nov 29, 2025","Feb 28, 2026","3_MONTH","Past Three Months",50,59.6,1.0,"T-13th warmest",74,
044749,"Lancaster Atc","Lancaster","CA",34.74111,-118.21167,"Nov 29, 2025","Feb 28, 2026","3_MONTH","Past Three Months",50,63.4,4.2,"5th warmest",90,
044881,"Lee Vining","Lee Vining","CA",37.95667,-119.11944,"Nov 29, 2025","Feb 28, 2026","3_MONTH","Past Three Months",33,43.5,1.0,"13th warmest",61,
044890,"Lemon Cove","Lemon Cove","CA",36.38167,-119.02639,"Nov 29, 2025","Feb 28, 2026","3_MONTH","Past Three Months",117,62.8,1.6,"T-10th warmest",91,
044995,"Livermore Muni Ap","Livermore","CA",37.69278,-121.81444,"Nov 29, 2025","Feb 28, 2026","3_MONTH","Past Three Months",28,60.5,1.8,"9th warmest",68,
045085,"Long Bch Daugherty Ap","Long Beach","CA",33.81177,-118.14718,"Nov 29, 2025","Feb 28, 2026","3_MONTH","Past Three Months",76,71.3,4.3,"3rd warmest",96,
045114,"Los Angeles Intl Ap","Los Angeles","CA",33.93806,-118.38889,"Nov 29, 2025","Feb 28, 2026","3_MONTH","Past Three Months",89,69.7,3.7,"T-2nd warmest",98,
045118,"Los Banos","Los Banos","CA",37.05333,-120.86972,"Nov 29, 2025","Feb 28, 2026","3_MONTH","Past Three Months",91,58,0.4,"T-44th coldest",51,
045360,"Markley Cove","Napa","CA",38.49167,-122.12417,"Nov 29, 2025","Feb 28, 2026","3_MONTH","Past Three Months",55,60.9,2.2,"8th warmest",85,
045388,"Marysville Ap (asos)","Marysville","CA",39.10194,-121.56778,"Nov 29, 2025","Feb 28, 2026","3_MONTH","Past Three Months",25,57.4,0.4,"11th coldest",40,
045738,"Modesto Ap","Modesto","CA",37.62544,-120.95492,"Nov 29, 2025","Feb 28, 2026","3_MONTH","Past Three Months",29,58.4,0.3,"15th warmest",48,
045785,"Montague 5 Ne","Montague","CA",41.78151,-122.471,"Nov 29, 2025","Feb 28, 2026","3_MONTH","Past Three Months",29,50.4,2.1,"T-2nd warmest",93,
045795,"Monterey","Monterey","CA",36.5927,-121.8555,"Nov 29, 2025","Feb 28, 2026","3_MONTH","Past Three Months",75,63.5,3.5,"T-9th warmest",88,
045796,"Monterey Faa Ap","Monterey","CA",36.59041,-121.84881,"Nov 29, 2025","Feb 28, 2026","3_MONTH","Past Three Months",35,64.4,2.7,"3rd warmest",91,
045799,"Monterey Nalf","Monterey","CA",36.59041,-121.84881,"Nov 29, 2025","Feb 28, 2026","3_MONTH","Past Three Months",35,64.4,2.7,"3rd warmest",91,
045933,"Mt Hamilton","Mount Hamilton","CA",37.34336,-121.63473,"Nov 29, 2025","Feb 28, 2026","3_MONTH","Past Three Months",67,55.2,6.2,"1st warmest",99,
045983,"Mt Shasta","Mount Shasta","CA",41.32175,-122.31725,"Nov 29, 2025","Feb 28, 2026","3_MONTH","Past Three Months",36,47.5,2.7,"7th warmest",81,
046066,"Napa Co Ap","Napa","CA",38.2075,-122.28041,"Nov 29, 2025","Feb 28, 2026","3_MONTH","Past Three Months",28,58.7,0.4,"T-14th warmest",50,
046074,"Napa State Hospital","Napa","CA",38.27778,-122.26472,"Nov 29, 2025","Feb 28, 2026","3_MONTH","Past Three Months",119,62.2,2.2,"T-11th warmest",91,
046174,"New Melones Dam Hq","Sonora","CA",38.00472,-120.48639,"Nov 29, 2025","Feb 28, 2026","3_MONTH","Past Three Months",32,61.8,3.4,"4th warmest",87,
046335,"Oakland Wso Ap","Oakland","CA",37.7178,-122.23301,"Nov 29, 2025","Feb 28, 2026","3_MONTH","Past Three Months",61,60.2,1.6,"8th warmest",87,
046336,"Oakland Museum","Oakland","CA",37.79833,-122.26417,"Nov 29, 2025","Feb 28, 2026","3_MONTH","Past Three Months",47,63.4,2.8,"3rd warmest",94,
046457,"Ontario Faa Ap","Ontario","CA",34.05314,-117.57689,"Nov 29, 2025","Feb 28, 2026","3_MONTH","Past Three Months",28,72.1,4.5,"3rd warmest",89,
046627,"Palmdale Faa Ap","Palmdale","CA",34.62944,-118.08309,"Nov 29, 2025","Feb 28, 2026","3_MONTH","Past Three Months",61,62.9,3.5,"6th warmest",90,
046636,"PALM SPRINGS ASOS","","CA",33.8222,-116.5043,"Nov 29, 2025","Feb 28, 2026","3_MONTH","Past Three Months",27,76.1,5.1,"2nd warmest",93,
046742,"Paso Robles Muni Ap","Paso Robles","CA",35.66936,-120.62918,"Nov 29, 2025","Feb 28, 2026","3_MONTH","Past Three Months",74,64.4,3.0,"8th warmest",89,
046826,"Petaluma Ap","Petaluma","CA",38.25778,-122.60778,"Nov 29, 2025","Feb 28, 2026","3_MONTH","Past Three Months",98,59.7,0.8,"T-32nd warmest",67,
047109,"Potter Valley P H","Potter Valley","CA",39.36194,-123.12861,"Nov 29, 2025","Feb 28, 2026","3_MONTH","Past Three Months",59,63.1,5.0,"3rd warmest",95,
047195,"Quincy","Quincy","CA",39.93667,-120.9475,"Nov 29, 2025","Feb 28, 2026","3_MONTH","Past Three Months",97,52.2,6.7,"T-9th warmest",91,
047292,"Red Bluff Muni Ap","Red Bluff","CA",40.15186,-122.25478,"Nov 29, 2025","Feb 28, 2026","3_MONTH","Past Three Months",90,58.1,0.5,"T-29th warmest",68,
047304,"Redding Muni Ap","Redding","CA",40.51462,-122.29773,"Nov 29, 2025","Feb 28, 2026","3_MONTH","Past Three Months",40,59.1,1.1,"11th warmest",72,
047339,"Redwood City","Redwood City","CA",37.47667,-122.23861,"Nov 29, 2025","Feb 28, 2026","3_MONTH","Past Three Months",91,64.4,4.7,"1st warmest",99,
047630,"Sacramento Ap","Sacramento","CA",38.50659,-121.49604,"Nov 29, 2025","Feb 28, 2026","3_MONTH","Past Three Months",85,57.6,-0.1,"25th warmest",71,
047669,"Salinas Ap","Salinas","CA",36.66352,-121.60928,"Nov 29, 2025","Feb 28, 2026","3_MONTH","Past Three Months",91,66.7,4.3,"4th warmest",96,
047735,"Sandberg","Gorman","CA",34.74361,-118.72417,"Nov 29, 2025","Feb 28, 2026","3_MONTH","Past Three Months",65,54.9,2.5,"6th warmest",91,
047740,"San Diego Wso Ap","San Diego","CA",32.73361,-117.18306,"Nov 29, 2025","Feb 28, 2026","3_MONTH","Past Three Months",87,69.5,3.3,"5th warmest",94,
047769,"San Francisco Wso Ap","San Francisco","CA",37.61962,-122.36562,"Nov 29, 2025","Feb 28, 2026","3_MONTH","Past Three Months",80,59.7,0.7,"11th warmest",86,
047772,"San Francisco Dwtn","San Francisco","CA",37.77056,-122.42694,"Nov 29, 2025","Feb 28, 2026","3_MONTH","Past Three Months",151,60.1,1.4,"14th warmest",91,
047821,"San Jose","San Jose","CA",37.35938,-121.92444,"Nov 29, 2025","Feb 28, 2026","3_MONTH","Past Three Months",98,62.7,2.2,"9th warmest",91,
047824,"San Jose Intl Ap","San Jose","CA",37.35938,-121.92444,"Nov 29, 2025","Feb 28, 2026","3_MONTH","Past Three Months",28,62.7,2.2,"8th warmest",71,
047902,"Santa Barbara","Santa Barbara","CA",34.4167,-119.6844,"Nov 29, 2025","Feb 28, 2026","3_MONTH","Past Three Months",115,69.3,2.7,"9th warmest",92,
047905,"Santa Barbara Muni Ap","Santa Barbara","CA",34.4241,-119.84249,"Nov 29, 2025","Feb 28, 2026","3_MONTH","Past Three Months",82,67.8,3.7,"T-6th warmest",93,
047910,"Santa Catalina Wb Ap","Avalon","CA",33.40419,-118.41456,"Nov 29, 2025","Feb 28, 2026","3_MONTH","Past Three Months",36,66.4,5.6,"2nd warmest",94,
047946,"Santa Maria Public Ap","Santa Maria","CA",34.89403,-120.45216,"Nov 29, 2025","Feb 28, 2026","3_MONTH","Past Three Months",78,68.8,4.2,"4th warmest",95,
047965,"Santa Rosa","Santa Rosa","CA",38.45579,-122.71335,"Nov 29, 2025","Feb 28, 2026","3_MONTH","Past Three Months",108,63.8,3.1,"1st warmest",99,
047971,"Santa Rosa Sonoma Co Ap","Santa Rosa","CA",38.50369,-122.81101,"Nov 29, 2025","Feb 28, 2026","3_MONTH","Past Three Months",28,59.9,0.9,"11th warmest",61,
048558,"Stockton Ap","Stockton","CA",37.88997,-121.22637,"Nov 29, 2025","Feb 28, 2026","3_MONTH","Past Three Months",78,58.5,-0.4,"T-20th warmest",74,
048606,"Strawberry Valley","Strawberry Valley","CA",39.56306,-121.10778,"Nov 29, 2025","Feb 28, 2026","3_MONTH","Past Three Months",71,55.1,4.3,"7th warmest",90,
048762,"South Lake Tahoe Ap","South Lake Tahoe","CA",38.89838,-119.99617,"Nov 29, 2025","Feb 28, 2026","3_MONTH","Past Three Months",52,45.7,2.6,"6th warmest",88,
048973,"Torrance Ap","Torrance","CA",33.80167,-118.34111,"Nov 29, 2025","Feb 28, 2026","3_MONTH","Past Three Months",87,70.6,4.2,"5th warmest",94,
049127,"Ukiah Faa Ap","Ukiah","CA",39.12781,-123.20015,"Nov 29, 2025","Feb 28, 2026","3_MONTH","Past Three Months",26,62,3.5,"T-4th warmest",85,
049152,"U C L A","Los Angeles","CA",34.06972,-118.44278,"Nov 29, 2025","Feb 28, 2026","3_MONTH","Past Three Months",87,71.4,4.1,"2nd warmest",98,
050114,"Akron 1 N","Akron","CO",40.1743,-103.21458,"Nov 29, 2025","Feb 28, 2026","3_MONTH","Past Three Months",88,52.5,10.6,"1st warmest",99,
050130,"Alamosa Bergman Fld","Alamosa","CO",37.43931,-105.8618,"Nov 29, 2025","Feb 28, 2026","3_MONTH","Past Three Months",78,47.5,10.4,"1st warmest",99,
050373,"ASPEN ASOS","","CO",39.22994,-106.87052,"Nov 29, 2025","Feb 28, 2026","3_MONTH","Past Three Months",28,40.7,5.1,"1st warmest",96,
050848,"Boulder","Boulder","CO",39.99194,-105.26667,"Nov 29, 2025","Feb 28, 2026","3_MONTH","Past Three Months",125,55.4,8.2,"1st warmest",99,
051071,"Buena Vista 2s","Buena Vista","CO",38.8246,-106.1276,"Nov 29, 2025","Feb 28, 2026","3_MONTH","Past Three Months",104,47.8,6.7,"3rd warmest",97,
051121,"Burlington","Burlington","CO",39.3062,-102.26085,"Nov 29, 2025","Feb 28, 2026","3_MONTH","Past Three Months",115,54.6,9.9,"1st warmest",99,
051186,"Cabin Creek","","CO",39.65528,-105.70889,"Nov 29, 2025","Feb 28, 2026","3_MONTH","Past Three Months",54,35.1,3.3,"3rd warmest",94,
051268,"Campo 7 S","","CO",37.01029,-102.55367,"Nov 29, 2025","Feb 28, 2026","3_MONTH","Past Three Months",46,58.7,8.5,"1st warmest",98,
051294,"Canon City","Canon City","CO",38.4599,-105.2255,"Nov 29, 2025","Feb 28, 2026","3_MONTH","Past Three Months",122,57.4,7.7,"3rd warmest",98,
051528,"Cheesman","","CO",39.22028,-105.27833,"Nov 29, 2025","Feb 28, 2026","3_MONTH","Past Three Months",118,52.6,7.5,"2nd warmest",98,
051660,"Climax","Climax","CO",39.3671,-106.1898,"Nov 29, 2025","Feb 28, 2026","3_MONTH","Past Three Months",65,29.8,2.5,"T-4th warmest",94,
051778,"Colorado Spgs Muni Ap","Colorado Springs","CO",38.80949,-104.68873,"Nov 29, 2025","Feb 28, 2026","3_MONTH","Past Three Months",78,51.8,6.5,"1st warmest",99,
051886,"Cortez","Cortez","CO",37.34444,-108.59306,"Nov 29, 2025","Feb 28, 2026","3_MONTH","Past Three Months",95,52.6,8.2,"1st warmest",99,
051887,"CORTEZ ASOS","","CO",37.30705,-108.62646,"Nov 29, 2025","Feb 28, 2026","3_MONTH","Past Three Months",30,49.8,6.4,"1st warmest",97,
051931,"CRAIG ASOS","","CO",40.49296,-107.52399,"Nov 29, 2025","Feb 28, 2026","3_MONTH","Past Three Months",30,44.3,11.4,"1st warmest",97,
051959,"Crested Butte","Crested Butte","CO",38.8738,-106.9772,"Nov 29, 2025","Feb 28, 2026","3_MONTH","Past Three Months",110,34.6,7.2,"10th warmest",91,
051964,"Crestone 2 Se","Crestone","CO",37.98054,-105.68978,"Nov 29, 2025","Feb 28, 2026","3_MONTH","Past Three Months",44,42.6,7.7,"6th warmest",86,
052184,"Del Norte 2e","Del Norte","CO",37.69099,-106.30791,"Nov 29, 2025","Feb 28, 2026","3_MONTH","Past Three Months",102,45.4,8.3,"2nd warmest",98,
052211,"Denver Intl Ap","Denver","CO",39.84657,-104.65623,"Nov 29, 2025","Feb 28, 2026","3_MONTH","Past Three Months",31,54,9.2,"1st warmest",97,
052223,"Denver Water Dept","Denver","CO",39.72944,-105.00833,"Nov 29, 2025","Feb 28, 2026","3_MONTH","Past Three Months",27,56.6,8.3,"1st warmest",96,
052281,"Dillon 1 E","Dillon","CO",39.62455,-106.03353,"Nov 29, 2025","Feb 28, 2026","3_MONTH","Past Three Months",113,39.2,7.1,"3rd warmest",97,
052433,"DURANGO ASOS","","CO",37.1431,-107.76023,"Nov 29, 2025","Feb 28, 2026","3_MONTH","Past Three Months",30,47.9,7.8,"1st warmest",97,
052790,"Evergreen","Evergreen","CO",39.63793,-105.31504,"Nov 29, 2025","Feb 28, 2026","3_MONTH","Past Three Months",63,51.2,6.9,"1st warmest",98,
053005,"Ft Collins","Fort Collins","CO",40.61472,-105.13139,"Nov 29, 2025","Feb 28, 2026","3_MONTH","Past Three Months",131,55.3,10.0,"1st warmest",99,
053116,"Fraser","Fraser","CO",39.9425,-105.81722,"Nov 29, 2025","Feb 28, 2026","3_MONTH","Past Three Months",28,37.2,5.2,"1st warmest",96,
053261,"Georgetown","Georgetown","CO",39.71556,-105.69667,"Nov 29, 2025","Feb 28, 2026","3_MONTH","Past Three Months",52,42.5,5.6,"1st warmest",98,
053307,"Glade Park 17w","Glade Park","CO",38.95422,-109.05309,"Nov 29, 2025","Feb 28, 2026","3_MONTH","Past Three Months",26,45.2,5.5,"1st warmest",96,
053446,"Gould 4se Sfsp","","CO",40.50917,-106.00556,"Nov 29, 2025","Feb 28, 2026","3_MONTH","Past Three Months",24,36.2,6.3,"1st warmest",96,
053488,"Grand Junction Walker","Grand Junction","CO",39.13437,-108.54081,"Nov 29, 2025","Feb 28, 2026","3_MONTH","Past Three Months",126,48.7,7.7,"2nd warmest",98,
053489,"Grand Junction 6 Ese","","CO",39.04222,-108.46639,"Nov 29, 2025","Feb 28, 2026","3_MONTH","Past Three Months",62,49,7.3,"2nd warmest",97,
053553,"Greeley Unc","Greeley","CO",40.40222,-104.69917,"Nov 29, 2025","Feb 28, 2026","3_MONTH","Past Three Months",57,56.5,11.5,"1st warmest",98,
053629,"Gross Rsvr","","CO",39.93639,-105.35028,"Nov 29, 2025","Feb 28, 2026","3_MONTH","Past Three Months",25,46.5,6.9,"1st warmest",96,
053662,"Gunnison 3sw","Gunnison","CO",38.5254,-106.9672,"Nov 29, 2025","Feb 28, 2026","3_MONTH","Past Three Months",123,38,9.6,"5th warmest",96,
053867,"Hayden","Hayden","CO",40.49278,-107.25472,"Nov 29, 2025","Feb 28, 2026","3_MONTH","Past Three Months",102,43.4,11.3,"2nd warmest",98,
054076,"Holly","Holly","CO",38.0517,-102.1316,"Nov 29, 2025","Feb 28, 2026","3_MONTH","Past Three Months",111,55.5,8.3,"4th warmest",96,
054082,"Holyoke","Holyoke","CO",40.54528,-102.34111,"Nov 29, 2025","Feb 28, 2026","3_MONTH","Past Three Months",100,53,10.3,"1st warmest",99,
054254,"Ignacio 8e","Ignacio","CO",37.08556,-107.53333,"Nov 29, 2025","Feb 28, 2026","3_MONTH","Past Three Months",21,48.1,7.5,"1st warmest",95,
054452,"Kassler","","CO",39.49,-105.09528,"Nov 29, 2025","Feb 28, 2026","3_MONTH","Past Three Months",100,54.6,8.0,"5th warmest",95,
054720,"La Junta Municipal Ap","La Junta","CO",38.04948,-103.51335,"Nov 29, 2025","Feb 28, 2026","3_MONTH","Past Three Months",79,55.6,7.9,"1st warmest",99,
054742,"Lake George 8 Sw","Lake George","CO",38.9075,-105.47056,"Nov 29, 2025","Feb 28, 2026","3_MONTH","Past Three Months",64,43.7,9.7,"1st warmest",98,
054771,"LAMAR MUNICIPAL AP","Prowers County","CO",38.07177,-102.68747,"Nov 29, 2025","Feb 28, 2026","3_MONTH","Past Three Months",29,57.5,10.9,"1st warmest",97,
054885,"Leadville 2 Sw","Leadville","CO",39.22803,-106.31625,"Nov 29, 2025","Feb 28, 2026","3_MONTH","Past Three Months",46,35.9,6.0,"T-1st warmest",98,
054945,"Leroy 9 Wsw","","CO",40.51461,-102.99068,"Nov 29, 2025","Feb 28, 2026","3_MONTH","Past Three Months",92,51.3,10.4,"1st warmest",99,
055017,"Limon","Limon","CO",39.27332,-103.66737,"Nov 29, 2025","Feb 28, 2026","3_MONTH","Past Three Months",52,53.3,10.3,"1st warmest",98,
055018,"Limon Wsmo","Limon","CO",39.27332,-103.66737,"Nov 29, 2025","Feb 28, 2026","3_MONTH","Past Three Months",53,53.3,10.3,"1st warmest",98,
055025,"Lindon 5 Wnw","Lindon","CO",39.75556,-103.49861,"Nov 29, 2025","Feb 28, 2026","3_MONTH","Past Three Months",36,53.1,7.9,"1st warmest",97,
055116,"Longmont 2 Ese","Longmont","CO",40.15889,-105.07361,"Nov 29, 2025","Feb 28, 2026","3_MONTH","Past Three Months",102,53,7.6,"1st warmest",99,
055236,"Loveland 2n","Loveland","CO",40.435,-105.085,"Nov 29, 2025","Feb 28, 2026","3_MONTH","Past Three Months",32,53.7,9.1,"1st warmest",97,
055402,"Marston Fltr Plt","Denver--Aurora","CO",39.62111,-105.06556,"Nov 29, 2025","Feb 28, 2026","3_MONTH","Past Three Months",25,53.8,7.9,"1st warmest",96,
055485,"MEEKER ASOS","","CO",40.04437,-107.88836,"Nov 29, 2025","Feb 28, 2026","3_MONTH","Past Three Months",29,45.2,8.8,"1st warmest",97,
055706,"Monte Vista 2w","Monte Vista","CO",37.58114,-106.18656,"Nov 29, 2025","Feb 28, 2026","3_MONTH","Past Three Months",77,47.1,11.4,"1st warmest",99,
055718,"MONTROSE ASOS","","CO",38.50538,-107.89813,"Nov 29, 2025","Feb 28, 2026","3_MONTH","Past Three Months",30,47.5,6.8,"1st warmest",97,
055970,"Northdale","","CO",37.8123,-109.0132,"Nov 29, 2025","Feb 28, 2026","3_MONTH","Past Three Months",81,46,7.7,"2nd warmest",98,
055984,"Northglenn","Northglenn","CO",39.89889,-105.01333,"Nov 29, 2025","Feb 28, 2026","3_MONTH","Past Three Months",38,58,9.7,"1st warmest",97,
056131,"Ordway 2 Ene","Ordway","CO",38.21342,-103.82108,"Nov 29, 2025","Feb 28, 2026","3_MONTH","Past Three Months",31,56.3,10.2,"1st warmest",97,
056266,"Palisade","Palisade","CO",39.11361,-108.35056,"Nov 29, 2025","Feb 28, 2026","3_MONTH","Past Three Months",106,49.7,7.2,"3rd warmest",97,
056740,"Pueblo Mem Ap","Pueblo","CO",38.28868,-104.5057,"Nov 29, 2025","Feb 28, 2026","3_MONTH","Past Three Months",72,56.2,7.2,"2nd warmest",97,
057034,"RIFLE ASOS","","CO",39.52791,-107.71965,"Nov 29, 2025","Feb 28, 2026","3_MONTH","Past Three Months",28,45.9,6.8,"1st warmest",96,
057309,"Ruxton Park","","CO",38.8416,-104.9742,"Nov 29, 2025","Feb 28, 2026","3_MONTH","Past Three Months",59,40.2,1.2,"T-6th warmest",90,
057317,"Rye 1sw","Rye","CO",37.91361,-104.94833,"Nov 29, 2025","Feb 28, 2026","3_MONTH","Past Three Months",29,50.4,6.7,"1st warmest",97,
057515,"Sedgwick 5 S","Sedgwick","CO",40.8658,-102.51615,"Nov 29, 2025","Feb 28, 2026","3_MONTH","Past Three Months",68,52.5,11.9,"1st warmest",99,
058022,"Strontia Springs Dam","","CO",39.43444,-105.12083,"Nov 29, 2025","Feb 28, 2026","3_MONTH","Past Three Months",42,51.6,8.0,"1st warmest",98,
058157,"Tacony 13 Se","","CO",38.34206,-104.0566,"Nov 29, 2025","Feb 28, 2026","3_MONTH","Past Three Months",63,55.6,7.5,"1st warmest",98,
058434,"Trinidad Ap","Trinidad","CO",37.26217,-104.33185,"Nov 29, 2025","Feb 28, 2026","3_MONTH","Past Three Months",78,57.5,8.7,"1st warmest",99,
058690,"Virginia Dale 7 Ene","","CO",40.96556,-105.21861,"Nov 29, 2025","Feb 28, 2026","3_MONTH","Past Three Months",31,45.3,7.2,"1st warmest",97,
058756,"Walden","Walden","CO",40.74417,-106.27917,"Nov 29, 2025","Feb 28, 2026","3_MONTH","Past Three Months",93,36.7,8.7,"2nd warmest",98,
058781,"Walsenburg 1 Nw","Walsenburg","CO",37.6303,-104.79566,"Nov 29, 2025","Feb 28, 2026","3_MONTH","Past Three Months",86,55.5,7.8,"2nd warmest",98,
058793,"Walsh 1 W","","CO",37.38222,-102.29861,"Nov 29, 2025","Feb 28, 2026","3_MONTH","Past Three Months",57,57.5,9.9,"1st warmest",98,
058839,"Waterdale","","CO",40.42556,-105.21028,"Nov 29, 2025","Feb 28, 2026","3_MONTH","Past Three Months",104,52.3,8.5,"1st warmest",99,
058931,"Westcliffe","Westcliffe","CO",38.13137,-105.466,"Nov 29, 2025","Feb 28, 2026","3_MONTH","Past Three Months",111,48.3,8.0,"4th warmest",96,
058995,"Wheat Ridge 2","Wheat Ridge","CO",39.7749,-105.117,"Nov 29, 2025","Feb 28, 2026","3_MONTH","Past Three Months",43,54.8,7.4,"1st warmest",98,
059096,"Williams Fork Dam","","CO",40.0375,-106.20389,"Nov 29, 2025","Feb 28, 2026","3_MONTH","Past Three Months",44,41.9,13.4,"1st warmest",98,
060227,"Bakersville","","CT",41.84167,-73.00861,"Nov 29, 2025","Feb 28, 2026","3_MONTH","Past Three Months",36,33.4,-2.7,"7th coldest",17,
060806,"Bridgeport Sikorsky Ap","Bridgeport","CT",41.16424,-73.12664,"Nov 29, 2025","Feb 28, 2026","3_MONTH","Past Three Months",78,37,-4.0,"T-14th coldest",21,
063456,"Hartford","Hartford","CT",41.93742,-72.68202,"Nov 29, 2025","Feb 28, 2026","3_MONTH","Past Three Months",77,34.4,-3.9,"T-15th coldest",19,
065273,"New Haven Wb Ap","New Haven","CT",41.26667,-72.88333,"Nov 29, 2025","Feb 28, 2026","3_MONTH","Past Three Months",51,38.4,-2.4,"T-18th coldest",35,
065445,"Norfolk 2 Sw","","CT",41.9725,-73.22083,"Nov 29, 2025","Feb 28, 2026","3_MONTH","Past Three Months",84,29.2,-3.2,"T-22nd coldest",27,
065910,"Norwich Pub Util Plt","Norwich","CT",41.52694,-72.06417,"Nov 29, 2025","Feb 28, 2026","3_MONTH","Past Three Months",60,37.6,-3.0,"7th coldest",10,
066660,"Putnam Wtr Wks","","CT",41.9442,-71.9031,"Nov 29, 2025","Feb 28, 2026","3_MONTH","Past Three Months",49,34.3,-3.4,"4th coldest",6,
068138,"Storrs","Storrs","CT",41.795,-72.22861,"Nov 29, 2025","Feb 28, 2026","3_MONTH","Past Three Months",126,33.2,-4.4,"T-22nd coldest",18,
069388,"West Thompson Lake","","CT",41.9442,-71.9031,"Nov 29, 2025","Feb 28, 2026","3_MONTH","Past Three Months",49,34.6,-3.2,"T-5th coldest",12,
069704,"Hartford Bradley Fld","Hartford","CT",41.93742,-72.68202,"Nov 29, 2025","Feb 28, 2026","3_MONTH","Past Three Months",77,34.4,-3.9,"T-15th coldest",19,
073561,"GEORGETOWN-DELAWARE COASTAL AIRPORT","Sussex County","DE",38.68974,-75.36246,"Nov 29, 2025","Feb 28, 2026","3_MONTH","Past Three Months",28,42.8,-5.4,"T-2nd coldest",7,
079595,"Wilmington New Castle","Wilmington","DE",39.67444,-75.60566,"Nov 29, 2025","Feb 28, 2026","3_MONTH","Past Three Months",78,40,-4.0,"T-16th coldest",22,
080211,"Apalachicola Ap","","FL",29.72583,-85.02056,"Nov 29, 2025","Feb 28, 2026","3_MONTH","Past Three Months",83,65.5,-0.6,"24th warmest",71,
080945,"Bradenton 5 Ese","Bradenton","FL",27.44667,-82.50139,"Nov 29, 2025","Feb 28, 2026","3_MONTH","Past Three Months",57,74.8,1.1,"20th warmest",65,
081306,"Cape Florida","Miami","FL",25.67194,-80.15667,"Nov 29, 2025","Feb 28, 2026","3_MONTH","Past Three Months",24,77.1,-1.6,"9th coldest",33,
081986,"Crestview Bob Sikes Ap","Crestview","FL",30.77715,-86.51938,"Nov 29, 2025","Feb 28, 2026","3_MONTH","Past Three Months",49,65.8,1.1,"T-17th warmest",65,
082150,"Daytona Beach","Daytona Beach","FL",29.19667,-81.00833,"Nov 29, 2025","Feb 28, 2026","3_MONTH","Past Three Months",59,68.7,-1.4,"T-23rd coldest",41,
082158,"Daytona Beach Intl Ap","Daytona Beach","FL",29.17351,-81.07185,"Nov 29, 2025","Feb 28, 2026","3_MONTH","Past Three Months",89,71.4,0.6,"T-31st warmest",65,
083163,"Ft Lauderdale","Miami","FL",26.10194,-80.20111,"Nov 29, 2025","Feb 28, 2026","3_MONTH","Past Three Months",87,77.6,0.8,"T-30th warmest",66,
083165,"Ft Lauderdale Intl Ap","Miami","FL",26.07875,-80.16223,"Nov 29, 2025","Feb 28, 2026","3_MONTH","Past Three Months",29,77.2,0.3,"14th coldest",45,
083186,"Ft Myers Page Fld Ap","Ft Myers","FL",26.58495,-81.86146,"Nov 29, 2025","Feb 28, 2026","3_MONTH","Past Three Months",102,77.6,0.8,"T-21st warmest",79,
083207,"Ft Pierce","Port St. Lucie","FL",27.46222,-80.35389,"Nov 29, 2025","Feb 28, 2026","3_MONTH","Past Three Months",83,75,1.2,"T-30th warmest",64,
083326,"Gainesville Rgnl Ap","Gainesville","FL",29.6917,-82.27603,"Nov 29, 2025","Feb 28, 2026","3_MONTH","Past Three Months",51,71,1.9,"10th warmest",80,
083874,"Hastings 4ne","Hastings","FL",29.75167,-81.46694,"Nov 29, 2025","Feb 28, 2026","3_MONTH","Past Three Months",47,71.5,2.3,"T-8th warmest",83,
084095,"Homestead Gen Aviation","Homestead","FL",25.50111,-80.55,"Nov 29, 2025","Feb 28, 2026","3_MONTH","Past Three Months",32,79.2,0.5,"T-12th warmest",62,
084358,"Jacksonville Intl Ap","Jacksonville","FL",30.49529,-81.69374,"Nov 29, 2025","Feb 28, 2026","3_MONTH","Past Three Months",86,69.2,1.9,"T-17th warmest",80,
084366,"Jacksonville Beach","Jacksonville","FL",30.2875,-81.39278,"Nov 29, 2025","Feb 28, 2026","3_MONTH","Past Three Months",78,67.3,0.7,"27th warmest",65,
084370,"Jacksonville Craig Ap","Jacksonville","FL",30.33708,-81.51277,"Nov 29, 2025","Feb 28, 2026","3_MONTH","Past Three Months",28,68.1,1.1,"14th coldest",46,
084570,"Key West Intl Ap","Key West","FL",24.55706,-81.75539,"Nov 29, 2025","Feb 28, 2026","3_MONTH","Past Three Months",74,76.3,-0.7,"T-36th warmest",51,
084797,"Lakeland","Lakeland","FL",28.02056,-81.92194,"Nov 29, 2025","Feb 28, 2026","3_MONTH","Past Three Months",63,76.1,0.7,"T-12th warmest",81,
084802,"Lakeland 2","Lakeland","FL",27.99437,-82.01378,"Nov 29, 2025","Feb 28, 2026","3_MONTH","Past Three Months",29,76,0.6,"11th warmest",62,
085076,"Lisbon","Leesburg","FL",28.87278,-81.78444,"Nov 29, 2025","Feb 28, 2026","3_MONTH","Past Three Months",62,70.1,1.3,"T-28th warmest",55,
085359,"Marco Island","Marco","FL",25.94917,-81.71389,"Nov 29, 2025","Feb 28, 2026","3_MONTH","Past Three Months",24,74.8,-0.9,"11th coldest",42,
085367,"Marianna Caa Ap","Marianna","FL",30.83696,-85.18352,"Nov 29, 2025","Feb 28, 2026","3_MONTH","Past Three Months",38,65.8,0.9,"19th warmest",50,
085549,"Mayport Pilot Stn","Mayport","FL",30.4,-81.41667,"Nov 29, 2025","Feb 28, 2026","3_MONTH","Past Three Months",44,66,0.4,"19th warmest",57,
085604,"MELBOURNE INTL AP","","FL",28.09969,-80.6356,"Nov 29, 2025","Feb 28, 2026","3_MONTH","Past Three Months",26,73.8,-0.9,"12th coldest",42,
085612,"Melbourne Wfo","Palm Bay--Melbourne","FL",28.09583,-80.63083,"Nov 29, 2025","Feb 28, 2026","3_MONTH","Past Three Months",83,72.9,-0.7,"T-40th warmest",52,
085663,"Miami Intl Ap","Miami","FL",25.78805,-80.31694,"Nov 29, 2025","Feb 28, 2026","3_MONTH","Past Three Months",89,77.6,0.1,"36th warmest",60,
085667,"Miami Nwsfo","Miami","FL",25.75528,-80.38361,"Nov 29, 2025","Feb 28, 2026","3_MONTH","Past Three Months",27,78.2,0.5,"13th warmest",52,
086076,"Naples Muni Ap","Naples","FL",26.15498,-81.77514,"Nov 29, 2025","Feb 28, 2026","3_MONTH","Past Three Months",24,76.6,0.1,"12th coldest",46,
086414,"Ocala","Ocala","FL",29.16361,-82.07778,"Nov 29, 2025","Feb 28, 2026","3_MONTH","Past Three Months",107,73.2,1.1,"29th warmest",73,
086628,"Orlando Intl Ap","Orlando","FL",28.41822,-81.32413,"Nov 29, 2025","Feb 28, 2026","3_MONTH","Past Three Months",70,74.2,0.6,"T-18th warmest",74,
086638,"Orlando Wso Ap","Orlando","FL",28.54653,-81.33544,"Nov 29, 2025","Feb 28, 2026","3_MONTH","Past Three Months",96,73.3,0.5,"47th warmest",51,
086997,"Pensacola Rgnl Ap","Pensacola","FL",30.47612,-87.18575,"Nov 29, 2025","Feb 28, 2026","3_MONTH","Past Three Months",78,65.2,0.5,"T-18th warmest",77,
087205,"Plant City","Plant City","FL",28.02361,-82.14222,"Nov 29, 2025","Feb 28, 2026","3_MONTH","Past Three Months",120,76.6,0.1,"T-24th warmest",80,
087977,"Sanford Exp Stn","Sanford","FL",28.8147,-81.2778,"Nov 29, 2025","Feb 28, 2026","3_MONTH","Past Three Months",73,71.8,0.0,"T-36th warmest",51,
087982,"Sanford","Sanford","FL",28.81472,-81.27778,"Nov 29, 2025","Feb 28, 2026","3_MONTH","Past Three Months",73,71.8,0.0,"T-36th warmest",51,
088620,"Stuart","Stuart","FL",27.1897,-80.2397,"Nov 29, 2025","Feb 28, 2026","3_MONTH","Past Three Months",67,75.8,0.3,"28th coldest",40,
088758,"Tallahassee Wso Ap","Tallahassee","FL",30.39354,-84.35136,"Nov 29, 2025","Feb 28, 2026","3_MONTH","Past Three Months",86,67,1.1,"T-28th warmest",67,
088782,"Tampa Bay Area Wso","Tampa","FL",27.7,-82.4,"Nov 29, 2025","Feb 28, 2026","3_MONTH","Past Three Months",36,74.1,0.5,"17th warmest",53,
088788,"Tampa Wscmo Ap","Tampa","FL",27.96331,-82.54,"Nov 29, 2025","Feb 28, 2026","3_MONTH","Past Three Months",87,73.1,0.0,"30th warmest",66,
088824,"Tarpon Spgs Sewage Pl","Tampa--St. Petersburg","FL",28.15225,-82.7538,"Nov 29, 2025","Feb 28, 2026","3_MONTH","Past Three Months",128,70.3,-0.6,"T-40th coldest",31,
089176,"Venice","Venice","FL",27.10056,-82.43639,"Nov 29, 2025","Feb 28, 2026","3_MONTH","Past Three Months",64,73.9,-0.3,"31st warmest",52,
089214,"Vero Beach Intl Ap","Vero Beach","FL",27.6553,-80.41425,"Nov 29, 2025","Feb 28, 2026","3_MONTH","Past Three Months",65,74.9,0.1,"T-27th warmest",58,
089219,"Vero Beach 4se","Vero Beach","FL",27.65278,-80.40306,"Nov 29, 2025","Feb 28, 2026","3_MONTH","Past Three Months",52,74.5,-0.1,"T-21st warmest",60,
089401,"Wauchula","Wauchula","FL",27.54778,-81.79944,"Nov 29, 2025","Feb 28, 2026","3_MONTH","Past Three Months",87,75.9,1.2,"36th warmest",59,
089525,"West Palm Bch Intl Ap","West Palm Beach","FL",26.6851,-80.09918,"Nov 29, 2025","Feb 28, 2026","3_MONTH","Past Three Months",86,77.9,1.9,"T-18th warmest",79,
090145,"Albany Caa Ap","Albany","GA",31.53642,-84.1958,"Nov 29, 2025","Feb 28, 2026","3_MONTH","Past Three Months",32,64.5,0.5,"16th coldest",47,
090211,"Alma Bacon Co Ap","Alma","GA",31.54006,-82.50735,"Nov 29, 2025","Feb 28, 2026","3_MONTH","Past Three Months",86,64.4,-0.2,"T-36th warmest",58,
090435,"Athens Ben Epps Ap","Winterville","GA",33.94773,-83.32736,"Nov 29, 2025","Feb 28, 2026","3_MONTH","Past Three Months",82,57.5,0.7,"T-20th warmest",76,
090451,"Atlanta Hartsfield Ap","College Park","GA",33.62972,-84.44224,"Nov 29, 2025","Feb 28, 2026","3_MONTH","Past Three Months",98,58,1.9,"15th warmest",85,
090495,"Augusta Bush Fld Ap","Augusta","GA",33.36517,-81.96353,"Nov 29, 2025","Feb 28, 2026","3_MONTH","Past Three Months",82,60.5,-1.1,"T-35th warmest",57,
090969,"Blairsville Exp Stn","Blairsville","GA",34.85444,-83.94444,"Nov 29, 2025","Feb 28, 2026","3_MONTH","Past Three Months",79,53.8,2.0,"T-16th warmest",80,
091266,"Brooklet 1 W","Brooklet","GA",32.375,-81.67306,"Nov 29, 2025","Feb 28, 2026","3_MONTH","Past Three Months",97,61.8,-0.8,"T-45th coldest",47,
091640,"Carrollton","Carrollton","GA",33.59722,-85.08056,"Nov 29, 2025","Feb 28, 2026","3_MONTH","Past Three Months",78,56.7,0.9,"26th warmest",67,
092006,"Cleveland","Cleveland","GA",34.58583,-83.76583,"Nov 29, 2025","Feb 28, 2026","3_MONTH","Past Three Months",26,53.7,1.2,"13th warmest",50,
092166,"Columbus Meto Ap","Columbus","GA",32.51625,-84.94218,"Nov 29, 2025","Feb 28, 2026","3_MONTH","Past Three Months",78,61,0.2,"33rd warmest",58,
092361,"Crisp Co Pwr Dam","Warwick","GA",31.85361,-83.95917,"Nov 29, 2025","Feb 28, 2026","3_MONTH","Past Three Months",25,61,-0.0,"9th coldest",32,
092485,"Dallas 7 Ne","Acworth","GA",33.9982,-84.751,"Nov 29, 2025","Feb 28, 2026","3_MONTH","Past Three Months",68,55.7,0.9,"19th warmest",72,
093060,"Elberton 2 N","Elberton","GA",34.14056,-82.855,"Nov 29, 2025","Feb 28, 2026","3_MONTH","Past Three Months",81,55.7,0.6,"34th warmest",58,
093621,"Gainesville","Gainesville","GA",34.30056,-83.86,"Nov 29, 2025","Feb 28, 2026","3_MONTH","Past Three Months",119,53.9,0.6,"T-48th warmest",60,
094133,"Hartwell","Hartwell","GA",34.35178,-82.93013,"Nov 29, 2025","Feb 28, 2026","3_MONTH","Past Three Months",103,55.4,1.0,"T-40th coldest",39,
094648,"Jasper 1 Nnw","Jasper","GA",34.47583,-84.44611,"Nov 29, 2025","Feb 28, 2026","3_MONTH","Past Three Months",81,51.3,1.3,"T-37th coldest",46,
094700,"Jonesboro","Jonesboro","GA",33.53111,-84.35444,"Nov 29, 2025","Feb 28, 2026","3_MONTH","Past Three Months",32,56.4,1.7,"T-14th warmest",56,
095443,"Macon Middle Ga Ap","Centerville","GA",32.68472,-83.65278,"Nov 29, 2025","Feb 28, 2026","3_MONTH","Past Three Months",78,61.5,0.2,"30th warmest",62,
096848,"Peachtree City","Peachtree City","GA",33.35428,-84.56896,"Nov 29, 2025","Feb 28, 2026","3_MONTH","Past Three Months",30,57.6,-0.5,"14th coldest",43,
097171,"Pridgen","Broxton","GA",31.69528,-82.92389,"Nov 29, 2025","Feb 28, 2026","3_MONTH","Past Three Months",26,63.8,1.4,"T-10th warmest",62,
097600,"Rome","Rome","GA",34.2413,-85.1584,"Nov 29, 2025","Feb 28, 2026","3_MONTH","Past Three Months",122,56,1.8,"T-39th warmest",68,
097610,"Rome Wso Ap","Shannon","GA",34.34833,-85.16155,"Nov 29, 2025","Feb 28, 2026","3_MONTH","Past Three Months",60,60.1,4.9,"2nd warmest",97,
098740,"Toccoa","Toccoa","GA",34.57861,-83.33194,"Nov 29, 2025","Feb 28, 2026","3_MONTH","Past Three Months",107,55.9,1.0,"T-40th warmest",63,
098969,"Valdosta Wb Ap","Valdosta","GA",30.77629,-83.27393,"Nov 29, 2025","Feb 28, 2026","3_MONTH","Past Three Months",63,66.3,1.3,"27th warmest",57,
100803,"Bern","","ID",42.33528,-111.385,"Nov 29, 2025","Feb 28, 2026","3_MONTH","Past Three Months",32,40,9.5,"1st warmest",97,
101022,"Boise Air Terminal","Boise","ID",43.56705,-116.24062,"Nov 29, 2025","Feb 28, 2026","3_MONTH","Past Three Months",86,47.3,6.3,"1st warmest",99,
101303,"Burley Muni Ap","Burley","ID",42.54525,-113.7686,"Nov 29, 2025","Feb 28, 2026","3_MONTH","Past Three Months",77,46.4,7.3,"1st warmest",99,
101664,"CHALLIS AIRPORT","Challis","ID",44.523,-114.21612,"Nov 29, 2025","Feb 28, 2026","3_MONTH","Past Three Months",26,42.1,7.8,"1st warmest",96,
101671,"Chilly Barton Flat","Chilly","ID",43.97722,-113.82889,"Nov 29, 2025","Feb 28, 2026","3_MONTH","Past Three Months",71,40.5,9.2,"1st warmest",99,
104457,"Idaho Falls Faa Ap","Idaho Falls","ID",43.52044,-112.06753,"Nov 29, 2025","Feb 28, 2026","3_MONTH","Past Three Months",74,41,10.0,"1st warmest",99,
105241,"Lewiston Ap","Lewiston","ID",46.37458,-117.01529,"Nov 29, 2025","Feb 28, 2026","3_MONTH","Past Three Months",78,46.6,3.5,"3rd warmest",96,
105275,"Lifton Pumping Stn","","ID",42.123,-111.3133,"Nov 29, 2025","Feb 28, 2026","3_MONTH","Past Three Months",105,39.5,9.3,"1st warmest",99,
105980,"Minidoka Dam","Minidoka","ID",42.67667,-113.50028,"Nov 29, 2025","Feb 28, 2026","3_MONTH","Past Three Months",74,47.9,9.2,"1st warmest",99,
106237,"Mullen Pass","Mullan","ID",47.4548,-115.67108,"Nov 29, 2025","Feb 28, 2026","3_MONTH","Past Three Months",47,30.5,3.0,"T-2nd warmest",96,
107040,"Picabo","Picabo","ID",43.3086,-114.0668,"Nov 29, 2025","Feb 28, 2026","3_MONTH","Past Three Months",66,41,7.5,"1st warmest",98,
107211,"Pocatello Rgnl Ap","Pocatello","ID",42.91969,-112.57232,"Nov 29, 2025","Feb 28, 2026","3_MONTH","Past Three Months",87,44.2,8.4,"1st warmest",99,
107301,"Potlatch 3 Nne","","ID",46.96,-116.855,"Nov 29, 2025","Feb 28, 2026","3_MONTH","Past Three Months",100,42.6,4.5,"9th warmest",91,
107641,"REXBURG MADISON COUNTY AIRPORT","Rexburg","ID",43.83211,-111.80751,"Nov 29, 2025","Feb 28, 2026","3_MONTH","Past Three Months",27,40,8.7,"1st warmest",96,
107706,"Riggins","Riggins","ID",45.35419,-116.39489,"Nov 29, 2025","Feb 28, 2026","3_MONTH","Past Three Months",79,49.3,7.4,"2nd warmest",97,
108076,"Salmon Ap","","ID",45.2,-113.86667,"Nov 29, 2025","Feb 28, 2026","3_MONTH","Past Three Months",54,41.3,10.5,"2nd warmest",96,
108677,"STANLEY RANGER STATION","Custer County","ID",44.17079,-114.92686,"Nov 29, 2025","Feb 28, 2026","3_MONTH","Past Three Months",26,33.7,6.0,"2nd warmest",92,
108928,"Swan Falls P H","Swan Falls","ID",43.24361,-116.37833,"Nov 29, 2025","Feb 28, 2026","3_MONTH","Past Three Months",83,47.9,4.0,"T-6th warmest",93,
108937,"Swan Valley 2 E","Swan Valley","ID",43.4372,-111.2791,"Nov 29, 2025","Feb 28, 2026","3_MONTH","Past Three Months",56,42.3,10.1,"1st warmest",98,
109950,"Yellowpine","Yellow Pine","ID",44.96278,-115.49611,"Nov 29, 2025","Feb 28, 2026","3_MONTH","Past Three Months",27,41.1,4.5,"1st warmest",96,
110072,"Aledo","Aledo","IL",41.1977,-90.7447,"Nov 29, 2025","Feb 28, 2026","3_MONTH","Past Three Months",122,36.8,2.4,"T-30th warmest",75,
110338,"Aurora","Aurora","IL",41.78056,-88.30917,"Nov 29, 2025","Feb 28, 2026","3_MONTH","Past Three Months",127,34.5,0.7,"T-52nd warmest",59,
110442,"Barrington 3sw","Chicago","IL",42.11528,-88.16389,"Nov 29, 2025","Feb 28, 2026","3_MONTH","Past Three Months",51,33.4,1.4,"18th warmest",65,
110766,"Bloomington Normal","Normal","IL",40.54917,-88.94968,"Nov 29, 2025","Feb 28, 2026","3_MONTH","Past Three Months",121,37.4,0.7,"T-50th warmest",59,
111329,"Casey","Casey","IL",39.2975,-87.97472,"Nov 29, 2025","Feb 28, 2026","3_MONTH","Past Three Months",35,42.7,1.8,"T-7th warmest",80,
111549,"Chicago Ohare Ap","Chicago","IL",41.96017,-87.93164,"Nov 29, 2025","Feb 28, 2026","3_MONTH","Past Three Months",68,34.8,-0.0,"T-23rd warmest",66,
111577,"Chicago Midway Ap 3sw","Chicago","IL",41.73722,-87.7775,"Nov 29, 2025","Feb 28, 2026","3_MONTH","Past Three Months",98,35.4,-0.5,"40th warmest",59,
112140,"Danville","Danville","IL",40.1391,-87.6479,"Nov 29, 2025","Feb 28, 2026","3_MONTH","Past Three Months",120,39.6,1.0,"43rd warmest",64,
112500,"Dwight","Dwight","IL",41.10667,-88.41111,"Nov 29, 2025","Feb 28, 2026","3_MONTH","Past Three Months",36,34.4,0.4,"18th warmest",50,
112745,"Elizabeth","Elizabeth","IL",42.32028,-90.22611,"Nov 29, 2025","Feb 28, 2026","3_MONTH","Past Three Months",36,32.6,1.0,"15th warmest",58,
113106,"Flora","Flora","IL",38.678,-88.4798,"Nov 29, 2025","Feb 28, 2026","3_MONTH","Past Three Months",26,43.5,1.4,"T-11th warmest",58,
113262,"Freeport Waste Wtp","Freeport","IL",42.29722,-89.60389,"Nov 29, 2025","Feb 28, 2026","3_MONTH","Past Three Months",53,32.9,1.5,"19th warmest",64,
113290,"Fulton L&d #13","Fulton","IL",41.89778,-90.15444,"Nov 29, 2025","Feb 28, 2026","3_MONTH","Past Three Months",79,33.3,0.5,"36th warmest",54,
113320,"Galesburg","Galesburg","IL",40.9464,-90.3856,"Nov 29, 2025","Feb 28, 2026","3_MONTH","Past Three Months",97,35.8,2.3,"T-27th warmest",72,
114442,"Jacksonville 2e","Jacksonville","IL",39.73472,-90.19778,"Nov 29, 2025","Feb 28, 2026","3_MONTH","Past Three Months",130,41.5,2.0,"29th warmest",78,
114530,"Joliet Brandon Rd Dam","Joliet","IL",41.50333,-88.10278,"Nov 29, 2025","Feb 28, 2026","3_MONTH","Past Three Months",50,35.3,0.9,"18th warmest",64,
114710,"Kewanee 1 E","Kewanee","IL",41.24278,-89.89972,"Nov 29, 2025","Feb 28, 2026","3_MONTH","Past Three Months",73,35.1,1.4,"T-27th warmest",63,
114780,"Knoxville","Knoxville","IL",40.9026,-90.2897,"Nov 29, 2025","Feb 28, 2026","3_MONTH","Past Three Months",31,36.9,2.1,"T-10th warmest",68,
114823,"La Harpe","La Harpe","IL",40.58389,-90.96861,"Nov 29, 2025","Feb 28, 2026","3_MONTH","Past Three Months",125,38,2.7,"T-45th warmest",64,
114957,"Lawrenceville","Lawrenceville","IL",38.7239,-87.7196,"Nov 29, 2025","Feb 28, 2026","3_MONTH","Past Three Months",25,41.6,-0.7,"12th coldest",44,
115079,"Lincoln","Lincoln","IL",40.15139,-89.33806,"Nov 29, 2025","Feb 28, 2026","3_MONTH","Past Three Months",116,38,0.2,"57th coldest",48,
115097,"Lisle-morton Arboretum","Lisle","IL",41.81278,-88.07278,"Nov 29, 2025","Feb 28, 2026","3_MONTH","Past Three Months",26,35.4,0.8,"11th coldest",38,
115493,"Mchenry-wg Stratton Ld","Round Lake Beach--McHenry--Grayslake","IL",42.3091,-88.2533,"Nov 29, 2025","Feb 28, 2026","3_MONTH","Past Three Months",32,33.3,-0.5,"14th warmest",56,
115751,"Moline Wso Ap","Moline","IL",41.44816,-90.52365,"Nov 29, 2025","Feb 28, 2026","3_MONTH","Past Three Months",92,36.4,1.2,"23rd warmest",75,
115825,"Morris 1 Nw","Morris","IL",41.37083,-88.43361,"Nov 29, 2025","Feb 28, 2026","3_MONTH","Past Three Months",84,35.1,0.5,"42nd coldest",49,
116157,"Newton","Newton","IL",38.9916,-88.1828,"Nov 29, 2025","Feb 28, 2026","3_MONTH","Past Three Months",29,42.1,1.6,"12th warmest",59,
116200,"Normal 4ne","Normal","IL",40.54917,-88.94972,"Nov 29, 2025","Feb 28, 2026","3_MONTH","Past Three Months",121,37.6,0.9,"T-46th warmest",62,
116344,"Ogden","","IL",40.11,-87.95667,"Nov 29, 2025","Feb 28, 2026","3_MONTH","Past Three Months",25,37.2,-0.3,"T-12th warmest",52,
116446,"Olney 2s","Olney","IL",38.70043,-88.08193,"Nov 29, 2025","Feb 28, 2026","3_MONTH","Past Three Months",121,41.8,0.7,"T-52nd coldest",43,
116526,"Ottawa 5sw","Ottawa","IL",41.32833,-88.91056,"Nov 29, 2025","Feb 28, 2026","3_MONTH","Past Three Months",127,35.1,1.1,"T-57th coldest",45,
117072,"Quincy Rgnl Ap","Quincy","IL",39.93709,-91.19661,"Nov 29, 2025","Feb 28, 2026","3_MONTH","Past Three Months",78,40.4,2.4,"15th warmest",81,
117382,"Rockford Ap","Rockford","IL",42.19325,-89.09335,"Nov 29, 2025","Feb 28, 2026","3_MONTH","Past Three Months",75,33.3,0.9,"T-21st warmest",72,
117388,"Rock Island Dam 15","Rock Island","IL",41.51667,-90.56667,"Nov 29, 2025","Feb 28, 2026","3_MONTH","Past Three Months",35,36.3,1.7,"15th warmest",57,
117391,"Rock Island L&d 15","Rock Island","IL",41.51944,-90.56444,"Nov 29, 2025","Feb 28, 2026","3_MONTH","Past Three Months",35,36.3,1.7,"15th warmest",57,
117457,"Romeoville Wfo","Romeoville","IL",41.60413,-88.08497,"Nov 29, 2025","Feb 28, 2026","3_MONTH","Past Three Months",34,34.1,-0.9,"T-17th warmest",50,
117636,"Salem","Salem","IL",38.64528,-88.94611,"Nov 29, 2025","Feb 28, 2026","3_MONTH","Past Three Months",68,42.6,1.0,"T-28th warmest",59,
117876,"Shelbyville Dam","Shelbyville","IL",39.4079,-88.7739,"Nov 29, 2025","Feb 28, 2026","3_MONTH","Past Three Months",26,39.5,0.2,"13th coldest",46,
118179,"Springfield Lincoln Ap","Springfield","IL",39.84529,-89.68401,"Nov 29, 2025","Feb 28, 2026","3_MONTH","Past Three Months",125,39.9,0.5,"T-32nd warmest",74,
118684,"Tuscola","Tuscola","IL",39.79465,-88.29106,"Nov 29, 2025","Feb 28, 2026","3_MONTH","Past Three Months",92,37.5,0.1,"T-36th coldest",40,
118740,"Urbana","Urbana","IL",40.08408,-88.24039,"Nov 29, 2025","Feb 28, 2026","3_MONTH","Past Three Months",138,36.9,-0.0,"T-66th warmest",52,
121030,"Brookville","Brookville","IN",39.42389,-85.01278,"Nov 29, 2025","Feb 28, 2026","3_MONTH","Past Three Months",94,40.4,-0.8,"43rd coldest",45,
121326,"Castleton 2 S","Indianapolis","IN",39.8801,-86.0514,"Nov 29, 2025","Feb 28, 2026","3_MONTH","Past Three Months",26,38,-0.8,"12th coldest",42,
121417,"Chalmers 5 W","Chalmers","IN",40.66528,-86.955,"Nov 29, 2025","Feb 28, 2026","3_MONTH","Past Three Months",24,35.7,1.0,"12th coldest",46,
121719,"Collegeville St Joe Ap","Rensselaer","IN",40.92386,-87.17539,"Nov 29, 2025","Feb 28, 2026","3_MONTH","Past Three Months",114,34.6,-0.7,"T-37th coldest",32,
121747,"Columbus","Columbus","IN",39.166,-85.9227,"Nov 29, 2025","Feb 28, 2026","3_MONTH","Past Three Months",131,40.5,-1.1,"T-55th coldest",42,
121873,"Crawfordsville 6 Se","Crawfordsville","IN",40.0028,-86.8011,"Nov 29, 2025","Feb 28, 2026","3_MONTH","Past Three Months",39,36.1,-0.1,"18th coldest",44,
122738,"Evansville Regional Ap","Evansville","IN",38.05015,-87.51465,"Nov 29, 2025","Feb 28, 2026","3_MONTH","Past Three Months",130,44.4,-0.4,"54th warmest",58,
122825,"Farmland 5 Nnw","","IN",40.25389,-85.14833,"Nov 29, 2025","Feb 28, 2026","3_MONTH","Past Three Months",112,36.4,-1.2,"T-43rd coldest",38,
123037,"Fort Wayne Ap","Fort Wayne","IN",40.97248,-85.20636,"Nov 29, 2025","Feb 28, 2026","3_MONTH","Past Three Months",125,34.6,-1.0,"T-52nd coldest",42,
123078,"Francesville","Francesville","IN",40.98417,-86.88722,"Nov 29, 2025","Feb 28, 2026","3_MONTH","Past Three Months",25,35,0.1,"T-11th coldest",44,
123082,"Frankfort Disposal Plt","Frankfort","IN",40.29861,-86.50667,"Nov 29, 2025","Feb 28, 2026","3_MONTH","Past Three Months",104,35.5,-1.5,"T-34th coldest",34,
123413,"Goshen Faa Ap","Goshen","IN",41.52651,-85.78721,"Nov 29, 2025","Feb 28, 2026","3_MONTH","Past Three Months",28,33.1,-1.6,"T-8th coldest",32,
123414,"GOSHEN AP","","IN",41.52651,-85.78721,"Nov 29, 2025","Feb 28, 2026","3_MONTH","Past Three Months",27,33.1,-1.6,"T-8th coldest",33,
123418,"Goshen 3sw","Goshen","IN",41.5575,-85.8825,"Nov 29, 2025","Feb 28, 2026","3_MONTH","Past Three Months",106,33.5,-1.2,"32nd coldest",29,
123527,"Greenfield","Greenfield","IN",39.7858,-85.7611,"Nov 29, 2025","Feb 28, 2026","3_MONTH","Past Three Months",117,36.8,-1.0,"T-35th coldest",30,
123777,"Hartford City 4 Ese","Hartford City","IN",40.4355,-85.2891,"Nov 29, 2025","Feb 28, 2026","3_MONTH","Past Three Months",63,34.7,-1.5,"T-29th coldest",51,
124259,"Indianapolis Intl Ap","Indianapolis","IN",39.72515,-86.2816,"Nov 29, 2025","Feb 28, 2026","3_MONTH","Past Three Months",83,39,-0.2,"T-38th warmest",54,
124662,"Kokomo 3 Wsw","Kokomo","IN",40.4582,-86.1758,"Nov 29, 2025","Feb 28, 2026","3_MONTH","Past Three Months",113,34.9,-0.8,"42nd coldest",36,
124837,"Laporte","Michigan City--La Porte","IN",41.6116,-86.7297,"Nov 29, 2025","Feb 28, 2026","3_MONTH","Past Three Months",80,33.8,-0.5,"T-33rd coldest",42,
125337,"Marion 2 N","Marion","IN",40.58,-85.65861,"Nov 29, 2025","Feb 28, 2026","3_MONTH","Past Three Months",126,35.6,-0.5,"T-47th coldest",37,
126020,"Muncie Ball State Univ","Muncie","IN",40.21944,-85.4225,"Nov 29, 2025","Feb 28, 2026","3_MONTH","Past Three Months",58,38.4,-0.6,"T-19th warmest",67,
126164,"New Castle 3 Sw","New Castle","IN",39.8942,-85.3953,"Nov 29, 2025","Feb 28, 2026","3_MONTH","Past Three Months",76,36.2,-0.9,"T-31st coldest",42,
126580,"Oolitic Purdue Ex Frm","","IN",38.88782,-86.552,"Nov 29, 2025","Feb 28, 2026","3_MONTH","Past Three Months",114,40.5,-0.4,"T-35th coldest",31,
126830,"Perrysville 4 Wnw","","IN",40.0738,-87.5066,"Nov 29, 2025","Feb 28, 2026","3_MONTH","Past Three Months",44,38.2,-0.4,"T-21st warmest",52,
127298,"Rensselaer","Rensselaer","IN",40.92386,-87.17539,"Nov 29, 2025","Feb 28, 2026","3_MONTH","Past Three Months",114,34.6,-0.7,"T-37th coldest",32,
127482,"Rochester","Rochester","IN",41.0665,-86.2096,"Nov 29, 2025","Feb 28, 2026","3_MONTH","Past Three Months",106,34.9,-0.1,"T-48th coldest",45,
127522,"Rockville","Rockville","IN",39.7594,-87.2269,"Nov 29, 2025","Feb 28, 2026","3_MONTH","Past Three Months",125,36.5,-2.4,"26th coldest",20,
127646,"Rushville","Rushville","IN",39.6042,-85.4532,"Nov 29, 2025","Feb 28, 2026","3_MONTH","Past Three Months",118,36.6,-1.1,"T-35th coldest",31,
128036,"Shoals 8 S","Shoals","IN",38.5529,-86.7944,"Nov 29, 2025","Feb 28, 2026","3_MONTH","Past Three Months",109,43.9,0.0,"T-44th warmest",60,
128187,"South Bend Ap","South Bend","IN",41.70722,-86.31639,"Nov 29, 2025","Feb 28, 2026","3_MONTH","Past Three Months",127,33.9,-0.3,"T-57th coldest",45,
128698,"Tell City","Tell City","IN",37.953,-86.7747,"Nov 29, 2025","Feb 28, 2026","3_MONTH","Past Three Months",87,42.5,-0.7,"T-24th coldest",28,
128725,"Terre Haute Caa Ap","","IN",39.4429,-87.32206,"Nov 29, 2025","Feb 28, 2026","3_MONTH","Past Three Months",83,41,1.1,"35th warmest",58,
128784,"Tipton 5 Sw","","IN",40.2233,-86.1086,"Nov 29, 2025","Feb 28, 2026","3_MONTH","Past Three Months",43,38.3,0.5,"T-12th warmest",72,
128973,"Upland 1 S","Hartford City","IN",40.4355,-85.2891,"Nov 29, 2025","Feb 28, 2026","3_MONTH","Past Three Months",63,34.7,-1.5,"T-29th coldest",51,
129253,"Washington 1 W","Washington","IN",38.6489,-87.1989,"Nov 29, 2025","Feb 28, 2026","3_MONTH","Past Three Months",121,44.1,0.5,"T-47th warmest",61,
129424,"West Lafayette Fcwos","Lafayette","IN",40.41236,-86.94739,"Nov 29, 2025","Feb 28, 2026","3_MONTH","Past Three Months",59,37.7,1.0,"22nd warmest",63,
130197,"AMES MUNICIPAL AIRPORT","","IA",41.99045,-93.61852,"Nov 29, 2025","Feb 28, 2026","3_MONTH","Past Three Months",29,35,2.9,"8th warmest",72,
130385,"Audubon","Audubon","IA",41.70694,-94.92222,"Nov 29, 2025","Feb 28, 2026","3_MONTH","Past Three Months",122,36.6,5.3,"T-13th warmest",89,
130807,"Boone","Boone","IA",42.04167,-93.89056,"Nov 29, 2025","Feb 28, 2026","3_MONTH","Past Three Months",118,34.6,2.7,"29th warmest",75,
131063,"Burlington Ap","Burlington","IA",40.77291,-91.12546,"Nov 29, 2025","Feb 28, 2026","3_MONTH","Past Three Months",117,37.7,1.9,"32nd warmest",73,
131233,"Carroll","Carroll","IA",42.065,-94.85,"Nov 29, 2025","Feb 28, 2026","3_MONTH","Past Three Months",130,37.7,6.3,"8th warmest",94,
131314,"Cedar Rapids Ap","Cedar Rapids","IA",41.88444,-91.70861,"Nov 29, 2025","Feb 28, 2026","3_MONTH","Past Three Months",71,33.2,1.8,"T-21st warmest",70,
131319,"Cedar Rapids No 1","Cedar Rapids","IA",42.0496,-91.5881,"Nov 29, 2025","Feb 28, 2026","3_MONTH","Past Three Months",130,34.3,0.9,"T-37th warmest",72,
131402,"Charles City","Charles City","IA",43.0604,-92.6717,"Nov 29, 2025","Feb 28, 2026","3_MONTH","Past Three Months",127,30.3,2.2,"T-33rd warmest",74,
131442,"Cherokee","Cherokee","IA",42.7572,-95.5377,"Nov 29, 2025","Feb 28, 2026","3_MONTH","Past Three Months",104,34.2,4.0,"T-16th warmest",85,
131533,"Clarinda","Clarinda","IA",40.72444,-95.01917,"Nov 29, 2025","Feb 28, 2026","3_MONTH","Past Three Months",130,42.7,6.6,"3rd warmest",98,
132110,"Decorah","Decorah","IA",43.30417,-91.79528,"Nov 29, 2025","Feb 28, 2026","3_MONTH","Past Three Months",124,31.6,0.4,"T-31st warmest",75,
132203,"Des Moines Ap","Des Moines","IA",41.53395,-93.65313,"Nov 29, 2025","Feb 28, 2026","3_MONTH","Past Three Months",87,37.2,2.9,"T-15th warmest",83,
132209,"Des Moines Wsfo-johnston","Des Moines","IA",41.73667,-93.72361,"Nov 29, 2025","Feb 28, 2026","3_MONTH","Past Three Months",31,36.8,3.3,"7th warmest",77,
132364,"Dubuque L&d 11","Dubuque","IA",42.53972,-90.64639,"Nov 29, 2025","Feb 28, 2026","3_MONTH","Past Three Months",84,32.6,1.6,"28th warmest",67,
132367,"Dubuque Wso Ap","Dubuque","IA",42.39834,-90.70913,"Nov 29, 2025","Feb 28, 2026","3_MONTH","Past Three Months",74,31.7,1.8,"T-18th warmest",76,
132603,"Elkader 6 Ssw","Elkader","IA",42.77528,-91.45361,"Nov 29, 2025","Feb 28, 2026","3_MONTH","Past Three Months",108,30.5,0.5,"T-51st warmest",53,
132725,"ESTHERVILLE MUNICIPAL ARPT","","IA",43.40085,-94.74765,"Nov 29, 2025","Feb 28, 2026","3_MONTH","Past Three Months",29,31.5,5.1,"8th warmest",72,
132789,"Fairfield","Fairfield","IA",41.02111,-91.95528,"Nov 29, 2025","Feb 28, 2026","3_MONTH","Past Three Months",123,37.1,3.1,"T-40th warmest",67,
132864,"Fayette","Fayette","IA",42.88262,-91.83025,"Nov 29, 2025","Feb 28, 2026","3_MONTH","Past Three Months",130,27.2,-1.0,"42nd coldest",32,
132999,"Fort Dodge 5nnw","","IA",42.5836,-94.2005,"Nov 29, 2025","Feb 28, 2026","3_MONTH","Past Three Months",115,32.4,3.1,"T-33rd warmest",71,
133517,"Guttenberg L&d 10","Guttenberg","IA",42.78583,-91.09583,"Nov 29, 2025","Feb 28, 2026","3_MONTH","Past Three Months",78,31.4,0.0,"39th warmest",50,
134101,"Iowa City","Iowa City","IA",41.60917,-91.505,"Nov 29, 2025","Feb 28, 2026","3_MONTH","Past Three Months",126,34.5,1.7,"T-54th warmest",57,
134106,"Iowa City Caa Ap","Iowa City","IA",41.6394,-91.54455,"Nov 29, 2025","Feb 28, 2026","3_MONTH","Past Three Months",34,35.7,1.3,"15th warmest",56,
134142,"Iowa Falls","Iowa Falls","IA",42.5188,-93.2536,"Nov 29, 2025","Feb 28, 2026","3_MONTH","Past Three Months",125,31.9,2.5,"T-31st warmest",75,
134381,"Keokuk Lock Dam 19","Keokuk","IA",40.39667,-91.375,"Nov 29, 2025","Feb 28, 2026","3_MONTH","Past Three Months",123,38.8,2.3,"T-36th warmest",71,
134585,"Lamoni","Lamoni","IA",40.62333,-93.95083,"Nov 29, 2025","Feb 28, 2026","3_MONTH","Past Three Months",99,40.7,4.1,"T-8th warmest",92,
134587,"Lamoni","Lamoni","IA",40.63064,-93.90045,"Nov 29, 2025","Feb 28, 2026","3_MONTH","Past Three Months",40,40.1,4.1,"8th warmest",80,
134963,"Lowden","Lowden","IA",41.86044,-90.9222,"Nov 29, 2025","Feb 28, 2026","3_MONTH","Past Three Months",26,34.8,2.1,"T-8th warmest",69,
135086,"Manchester #2","Manchester","IA",42.47306,-91.45167,"Nov 29, 2025","Feb 28, 2026","3_MONTH","Past Three Months",49,30.7,1.0,"T-20th warmest",59,
135123,"Mapleton No.2","","IA",42.162,-95.7836,"Nov 29, 2025","Feb 28, 2026","3_MONTH","Past Three Months",82,38.6,7.4,"7th warmest",91,
135198,"Marshalltown","Marshalltown","IA",42.06472,-92.92444,"Nov 29, 2025","Feb 28, 2026","3_MONTH","Past Three Months",127,32.8,1.5,"T-52nd warmest",59,
135199,"MARSHALLTOWN MUNI AP","","IA",42.11061,-92.91635,"Nov 29, 2025","Feb 28, 2026","3_MONTH","Past Three Months",29,32.4,1.2,"13th coldest",41,
135230,"Mason City","Mason City","IA",43.16306,-93.19528,"Nov 29, 2025","Feb 28, 2026","3_MONTH","Past Three Months",121,30.8,3.2,"23rd warmest",81,
135235,"Mason City Muni Ap","Mason City","IA",43.1544,-93.32611,"Nov 29, 2025","Feb 28, 2026","3_MONTH","Past Three Months",78,29.4,1.8,"21st warmest",73,
135844,"Muscatine 2n","Muscatine","IA",41.47139,-91.04639,"Nov 29, 2025","Feb 28, 2026","3_MONTH","Past Three Months",27,36.3,2.3,"12th warmest",56,
135952,"New Hampton","New Hampton","IA",43.04528,-92.31222,"Nov 29, 2025","Feb 28, 2026","3_MONTH","Past Three Months",123,28.7,1.8,"T-52nd warmest",58,
136151,"Oakland","","IA",41.30444,-95.38444,"Nov 29, 2025","Feb 28, 2026","3_MONTH","Past Three Months",98,36.7,3.3,"T-29th warmest",70,
136389,"Ottumwa Industrial Ap","Ottumwa","IA",41.10079,-92.44453,"Nov 29, 2025","Feb 28, 2026","3_MONTH","Past Three Months",78,37.3,1.8,"17th warmest",78,
136800,"Primghar","Primghar","IA",43.08639,-95.62917,"Nov 29, 2025","Feb 28, 2026","3_MONTH","Past Three Months",85,35.9,5.9,"6th warmest",93,
137312,"Sac City","Sac City","IA",42.41944,-94.97611,"Nov 29, 2025","Feb 28, 2026","3_MONTH","Past Three Months",118,35,5.1,"12th warmest",90,
137613,"Shenandoah","Shenandoah","IA",40.77188,-95.35679,"Nov 29, 2025","Feb 28, 2026","3_MONTH","Past Three Months",90,41.4,4.7,"11th warmest",88,
137664,"Sibley 3 Ne","Sibley","IA",43.40231,-95.74986,"Nov 29, 2025","Feb 28, 2026","3_MONTH","Past Three Months",107,31,4.4,"T-17th warmest",84,
137702,"Sioux City Ang","Sioux City","IA",42.39639,-96.37778,"Nov 29, 2025","Feb 28, 2026","3_MONTH","Past Three Months",24,37.8,4.9,"T-3rd warmest",87,
137708,"Sioux City Ap","Sioux City","IA",42.39169,-96.37948,"Nov 29, 2025","Feb 28, 2026","3_MONTH","Past Three Months",129,39.3,6.8,"6th warmest",95,
137726,"Sioux Rapids 4 E","","IA",42.8928,-95.1469,"Nov 29, 2025","Feb 28, 2026","3_MONTH","Past Three Months",79,33.8,5.3,"11th warmest",86,
137844,"Spencer 1 N","Spencer","IA",43.16528,-95.14667,"Nov 29, 2025","Feb 28, 2026","3_MONTH","Past Three Months",104,34.1,5.7,"T-7th warmest",93,
137859,"Spirit Lake","Spirit Lake","IA",43.42306,-95.13944,"Nov 29, 2025","Feb 28, 2026","3_MONTH","Past Three Months",33,30.8,3.7,"6th warmest",82,
138296,"Toledo 3n","Toledo","IA",42.03543,-92.58046,"Nov 29, 2025","Feb 28, 2026","3_MONTH","Past Three Months",129,32.2,1.7,"T-55th warmest",57,
138688,"Washington","Washington","IA",41.2824,-91.7078,"Nov 29, 2025","Feb 28, 2026","3_MONTH","Past Three Months",130,36.8,3.1,"T-37th warmest",72,
138706,"Waterloo Municipal Ap","Waterloo","IA",42.55437,-92.40131,"Nov 29, 2025","Feb 28, 2026","3_MONTH","Past Three Months",76,31,-0.7,"T-27th warmest",64,
138806,"Webster City","Webster City","IA",42.4685,-93.7974,"Nov 29, 2025","Feb 28, 2026","3_MONTH","Past Three Months",120,32.2,2.5,"41st warmest",66,
140365,"Ashland","Ashland","KS",37.19417,-99.76333,"Nov 29, 2025","Feb 28, 2026","3_MONTH","Past Three Months",122,57.7,8.5,"1st warmest",99,
140439,"Atwood","Atwood","KS",39.79957,-101.04213,"Nov 29, 2025","Feb 28, 2026","3_MONTH","Past Three Months",99,54.3,10.4,"1st warmest",99,
141427,"Chanute Faa Ap","Chanute","KS",37.6705,-95.48462,"Nov 29, 2025","Feb 28, 2026","3_MONTH","Past Three Months",119,50.6,3.4,"8th warmest",93,
141428,"Chanute No 1","Chanute","KS",37.6728,-95.3784,"Nov 29, 2025","Feb 28, 2026","3_MONTH","Past Three Months",23,49.4,5.3,"T-3rd warmest",87,
141559,"Clay Ctr","Clay Center","KS",39.3739,-97.1274,"Nov 29, 2025","Feb 28, 2026","3_MONTH","Past Three Months",117,46.1,4.7,"20th warmest",83,
141673,"Coffeyville Wtr Wrks","Coffeyville","KS",37.0613,-95.6355,"Nov 29, 2025","Feb 28, 2026","3_MONTH","Past Three Months",24,52.6,4.8,"2nd warmest",92,
141699,"Colby 1sw","Colby","KS",39.3925,-101.06889,"Nov 29, 2025","Feb 28, 2026","3_MONTH","Past Three Months",68,53,8.7,"1st warmest",99,
141740,"Columbus","Columbus","KS",37.16806,-94.83002,"Nov 29, 2025","Feb 28, 2026","3_MONTH","Past Three Months",124,51,4.6,"T-8th warmest",94,
141767,"Concordia Blosser Muni","Concordia","KS",39.55127,-97.65077,"Nov 29, 2025","Feb 28, 2026","3_MONTH","Past Three Months",141,47,5.9,"2nd warmest",99,
141769,"Concordia Wbo","Concordia","KS",39.55127,-97.65077,"Nov 29, 2025","Feb 28, 2026","3_MONTH","Past Three Months",141,47,5.9,"2nd warmest",99,
141867,"Council Grove Lake","Council Grove","KS",38.6758,-96.5096,"Nov 29, 2025","Feb 28, 2026","3_MONTH","Past Three Months",59,46.5,3.5,"T-8th warmest",86,
142164,"Dodge City Rgnl Ap","Dodge City","KS",37.77105,-99.96915,"Nov 29, 2025","Feb 28, 2026","3_MONTH","Past Three Months",84,54.5,7.5,"1st warmest",99,
142401,"El Dorado","El Dorado","KS",37.81833,-96.84444,"Nov 29, 2025","Feb 28, 2026","3_MONTH","Past Three Months",119,51.5,5.0,"3rd warmest",97,
142542,"EMPORIA ASOS","","KS",38.32906,-96.19453,"Nov 29, 2025","Feb 28, 2026","3_MONTH","Past Three Months",28,49.9,5.9,"2nd warmest",93,
142543,"Emporia Faa Ap","Emporia","KS",38.32906,-96.19453,"Nov 29, 2025","Feb 28, 2026","3_MONTH","Past Three Months",59,49.9,5.9,"2nd warmest",97,
142548,"Emporia 3 Nw","Emporia","KS",38.4294,-96.2188,"Nov 29, 2025","Feb 28, 2026","3_MONTH","Past Three Months",35,49,6.9,"2nd warmest",94,
142881,"Frankfort 6 Ne","Frankfort","KS",39.7756,-96.3504,"Nov 29, 2025","Feb 28, 2026","3_MONTH","Past Three Months",25,43.9,4.4,"2nd warmest",92,
142894,"Fredonia","Fredonia","KS",37.534,-95.827,"Nov 29, 2025","Feb 28, 2026","3_MONTH","Past Three Months",102,50.1,4.4,"T-15th warmest",85,
142975,"Garden City 9 Ese","Garden City","KS",37.92208,-100.72428,"Nov 29, 2025","Feb 28, 2026","3_MONTH","Past Three Months",73,55,8.5,"1st warmest",99,
143074,"Girard","Girard","KS",37.5081,-94.8394,"Nov 29, 2025","Feb 28, 2026","3_MONTH","Past Three Months",61,50.2,5.6,"3rd warmest",95,
143153,"Goodland Renner Fld","Goodland","KS",39.36729,-101.69322,"Nov 29, 2025","Feb 28, 2026","3_MONTH","Past Three Months",115,54.2,9.9,"1st warmest",99,
143239,"Greensburg","Greensburg","KS",37.6025,-99.30222,"Nov 29, 2025","Feb 28, 2026","3_MONTH","Past Three Months",110,52.3,7.2,"2nd warmest",98,
143554,"Healy","Healy","KS",38.60028,-100.61972,"Nov 29, 2025","Feb 28, 2026","3_MONTH","Past Three Months",123,54.1,7.9,"1st warmest",99,
143660,"Hill City 1 Ne","Hill City","KS",39.37412,-99.82987,"Nov 29, 2025","Feb 28, 2026","3_MONTH","Past Three Months",97,53,8.6,"1st warmest",99,
143867,"Humboldt","Humboldt","KS",37.81167,-95.44556,"Nov 29, 2025","Feb 28, 2026","3_MONTH","Past Three Months",30,49.5,4.5,"4th warmest",87,
143926,"Hutchinson Muni Ap","Hutchinson","KS",38.06824,-97.86075,"Nov 29, 2025","Feb 28, 2026","3_MONTH","Past Three Months",39,51.6,5.9,"1st warmest",97,
143929,"Hutchinson 2 E","Hutchinson","KS",38.09,-97.9125,"Nov 29, 2025","Feb 28, 2026","3_MONTH","Past Three Months",29,53.3,6.2,"1st warmest",97,
143954,"Independence","Independence","KS",37.23639,-95.70028,"Nov 29, 2025","Feb 28, 2026","3_MONTH","Past Three Months",131,52.1,4.6,"T-11th warmest",92,
143984,"Iola 1 W","Iola","KS",37.92333,-95.42417,"Nov 29, 2025","Feb 28, 2026","3_MONTH","Past Three Months",117,47,2.8,"T-26th warmest",78,
144313,"Kingman","Kingman","KS",37.6454,-98.125,"Nov 29, 2025","Feb 28, 2026","3_MONTH","Past Three Months",76,53.3,7.5,"2nd warmest",97,
144560,"LAWRENCE ASOS","","KS",39.00779,-95.2115,"Nov 29, 2025","Feb 28, 2026","3_MONTH","Past Three Months",29,48.1,4.3,"T-4th warmest",86,
144712,"Lincoln 1 Se","","KS",39.0294,-98.13,"Nov 29, 2025","Feb 28, 2026","3_MONTH","Past Three Months",113,49.6,6.6,"T-6th warmest",95,
144972,"Manhattan","Manhattan","KS",39.1972,-96.5813,"Nov 29, 2025","Feb 28, 2026","3_MONTH","Past Three Months",126,46.8,4.2,"T-13th warmest",90,
144979,"Manhattan Faa Ap","Manhattan","KS",39.13456,-96.67894,"Nov 29, 2025","Feb 28, 2026","3_MONTH","Past Three Months",33,48.8,5.1,"2nd warmest",94,
145063,"Marysville","Marysville","KS",39.8384,-96.6365,"Nov 29, 2025","Feb 28, 2026","3_MONTH","Past Three Months",76,44.6,3.3,"10th warmest",87,
145152,"Mcpherson","McPherson","KS",38.37722,-97.60972,"Nov 29, 2025","Feb 28, 2026","3_MONTH","Past Three Months",122,49.5,4.9,"4th warmest",97,
145175,"Medicine Lodge 1e","Medicine Lodge","KS",37.28389,-98.55278,"Nov 29, 2025","Feb 28, 2026","3_MONTH","Past Three Months",28,57.5,9.7,"1st warmest",96,
145210,"Melvern Lake","Melvern","KS",38.50388,-95.70368,"Nov 29, 2025","Feb 28, 2026","3_MONTH","Past Three Months",36,48.8,4.9,"2nd warmest",94,
145363,"Minneapolis","Minneapolis","KS",39.1246,-97.7047,"Nov 29, 2025","Feb 28, 2026","3_MONTH","Past Three Months",126,48.6,5.7,"10th warmest",92,
146435,"Plainville 4wnw","Plainville","KS",39.245,-99.38083,"Nov 29, 2025","Feb 28, 2026","3_MONTH","Past Three Months",105,51.9,8.9,"1st warmest",99,
147046,"Russell 1 E","Russell","KS",38.87251,-98.80928,"Nov 29, 2025","Feb 28, 2026","3_MONTH","Past Three Months",75,50.8,6.9,"1st warmest",99,
147049,"Russell Springs","Russell Springs","KS",38.96176,-101.16648,"Nov 29, 2025","Feb 28, 2026","3_MONTH","Past Three Months",70,54.9,10.0,"1st warmest",99,
147050,"Russell Springs 3n","Russell Springs","KS",38.96176,-101.16648,"Nov 29, 2025","Feb 28, 2026","3_MONTH","Past Three Months",70,54.9,10.0,"1st warmest",99,
147155,"Salina Caa Ap","Salina","KS",38.77996,-97.64444,"Nov 29, 2025","Feb 28, 2026","3_MONTH","Past Three Months",67,50,6.3,"1st warmest",99,
147160,"Salina Muni Ap","Salina","KS",38.79722,-97.65167,"Nov 29, 2025","Feb 28, 2026","3_MONTH","Past Three Months",71,50,6.3,"1st warmest",99,
147305,"Sedan","Sedan","KS",37.1322,-96.18,"Nov 29, 2025","Feb 28, 2026","3_MONTH","Past Three Months",130,53.9,5.9,"5th warmest",96,
147796,"Sterling","Sterling","KS",38.21444,-98.20778,"Nov 29, 2025","Feb 28, 2026","3_MONTH","Past Three Months",73,51.3,7.3,"2nd warmest",97,
148038,"Syracuse","Syracuse","KS",37.9929,-101.7417,"Nov 29, 2025","Feb 28, 2026","3_MONTH","Past Three Months",86,56.2,8.2,"1st warmest",99,
148167,"Topeka Billard Muni Ap","Topeka","KS",39.07246,-95.62602,"Nov 29, 2025","Feb 28, 2026","3_MONTH","Past Three Months",80,48.2,4.8,"5th warmest",94,
148235,"Tribune 1w","Tribune","KS",38.46614,-101.77297,"Nov 29, 2025","Feb 28, 2026","3_MONTH","Past Three Months",111,55.5,10.0,"1st warmest",99,
148287,"Ulysses 3ne","Ulysses","KS",37.5984,-101.2907,"Nov 29, 2025","Feb 28, 2026","3_MONTH","Past Three Months",95,55.2,7.9,"1st warmest",99,
148535,"Wallace","","KS",38.91114,-101.58536,"Nov 29, 2025","Feb 28, 2026","3_MONTH","Past Three Months",40,55.4,9.7,"1st warmest",97,
148563,"Wamego 4 W","","KS",39.21418,-96.37005,"Nov 29, 2025","Feb 28, 2026","3_MONTH","Past Three Months",109,47.6,5.2,"11th warmest",90,
148578,"Washington","Washington","KS",39.8088,-97.055,"Nov 29, 2025","Feb 28, 2026","3_MONTH","Past Three Months",74,45,4.9,"T-9th warmest",88,
148841,"Wichita 8 Ne","Wichita","KS",37.74965,-97.21907,"Nov 29, 2025","Feb 28, 2026","3_MONTH","Past Three Months",29,51.1,5.5,"1st warmest",97,
150909,"Bowling Green Rgnl Ap","Bowling Green","KY",36.96467,-86.42379,"Nov 29, 2025","Feb 28, 2026","3_MONTH","Past Three Months",128,49.1,0.2,"T-49th warmest",62,
151855,"Covington Wso","Florence","KY",39.04443,-84.67241,"Nov 29, 2025","Feb 28, 2026","3_MONTH","Past Three Months",79,40.3,-2.0,"T-31st coldest",39,
152442,"Eddyville 5s","Eddyville","KY",37.04861,-88.07278,"Nov 29, 2025","Feb 28, 2026","3_MONTH","Past Three Months",22,50.5,0.4,"11th warmest",50,
154202,"Jackson Wso","Jackson","KY",37.59134,-83.3137,"Nov 29, 2025","Feb 28, 2026","3_MONTH","Past Three Months",45,44.7,-2.2,"16th coldest",33,
154746,"Lexington Bluegrass Ap","Lexington-Fayette County","KY",38.03391,-84.61138,"Nov 29, 2025","Feb 28, 2026","3_MONTH","Past Three Months",140,42.9,-2.1,"T-64th coldest",47,
154898,"London Faa Ap","London","KY",37.08958,-84.06881,"Nov 29, 2025","Feb 28, 2026","3_MONTH","Past Three Months",70,46.4,-1.4,"T-33rd coldest",49,
154951,"Louisville Bowman Fld","Louisville","KY",38.23021,-85.66294,"Nov 29, 2025","Feb 28, 2026","3_MONTH","Past Three Months",36,43.9,-1.8,"16th coldest",42,
154954,"Louisville Intl Ap","Louisville","KY",38.17738,-85.73077,"Nov 29, 2025","Feb 28, 2026","3_MONTH","Past Three Months",81,44.6,-1.8,"T-38th coldest",48,
155694,"Murray","Murray","KY",36.61214,-88.30116,"Nov 29, 2025","Feb 28, 2026","3_MONTH","Past Three Months",96,46.4,-1.7,"T-27th coldest",28,
156110,"Paducah Barkley Ap","Paducah","KY",37.05635,-88.77425,"Nov 29, 2025","Feb 28, 2026","3_MONTH","Past Three Months",77,47.4,-0.3,"T-29th warmest",62,
157049,"Russellville","Russellville","KY",36.855,-86.88833,"Nov 29, 2025","Feb 28, 2026","3_MONTH","Past Three Months",71,47,0.4,"32nd coldest",44,
157215,"Scottsville","Scottsville","KY",36.7462,-86.2259,"Nov 29, 2025","Feb 28, 2026","3_MONTH","Past Three Months",78,46.8,-1.1,"T-28th coldest",37,
157431,"Skyline 1 Se","Blackey","KY",37.0876,-82.9925,"Nov 29, 2025","Feb 28, 2026","3_MONTH","Past Three Months",24,48.1,0.1,"11th coldest",42,
158432,"Warnock2","","KY",38.49459,-83.01838,"Nov 29, 2025","Feb 28, 2026","3_MONTH","Past Three Months",22,42.1,-3.1,"T-6th coldest",27,
158555,"West Paducah 2w","Paducah","KY",37.06833,-88.7725,"Nov 29, 2025","Feb 28, 2026","3_MONTH","Past Three Months",23,47,-0.2,"12th warmest",48,
160098,"Alexandria","Alexandria","LA",31.32056,-92.46111,"Nov 29, 2025","Feb 28, 2026","3_MONTH","Past Three Months",121,64.7,4.1,"15th warmest",88,
160549,"Baton Rouge Metro Ap","Baton Rouge","LA",30.53782,-91.14681,"Nov 29, 2025","Feb 28, 2026","3_MONTH","Past Three Months",95,67.4,3.0,"T-14th warmest",85,
160800,"Bienville 3 Ne","Bienville","LA",32.37444,-92.94333,"Nov 29, 2025","Feb 28, 2026","3_MONTH","Past Three Months",53,61.7,2.4,"9th warmest",83,
161232,"Boyce 3 Wnw","Boyce","LA",31.39444,-92.71639,"Nov 29, 2025","Feb 28, 2026","3_MONTH","Past Three Months",50,62.4,4.4,"T-5th warmest",90,
162534,"Donaldsonville 4 Sw","","LA",30.07167,-91.0275,"Nov 29, 2025","Feb 28, 2026","3_MONTH","Past Three Months",120,67,2.8,"T-40th warmest",67,
164674,"Jeanerette 5 Nw","Jeanerette","LA",29.95917,-91.71083,"Nov 29, 2025","Feb 28, 2026","3_MONTH","Past Three Months",99,65.2,2.2,"T-28th warmest",72,
164700,"Jennings","Jennings","LA",30.20028,-92.66417,"Nov 29, 2025","Feb 28, 2026","3_MONTH","Past Three Months",127,64.8,2.6,"T-44th warmest",65,
165026,"Lafayette Fcwos","Lafayette","LA",30.19859,-91.98957,"Nov 29, 2025","Feb 28, 2026","3_MONTH","Past Three Months",129,67,2.8,"T-25th warmest",81,
165078,"Lake Charles Ap","Lake Charles","LA",30.12551,-93.22771,"Nov 29, 2025","Feb 28, 2026","3_MONTH","Past Three Months",65,67.2,2.2,"T-7th warmest",89,
165266,"Leesville","Leesville","LA",31.14167,-93.23972,"Nov 29, 2025","Feb 28, 2026","3_MONTH","Past Three Months",100,66.4,4.5,"9th warmest",91,
166295,"Moisant Intl Ap","New Orleans","LA",29.99755,-90.27772,"Nov 29, 2025","Feb 28, 2026","3_MONTH","Past Three Months",78,67.2,2.7,"T-14th warmest",82,
166303,"Monroe Rgnl Ap","Monroe","LA",32.51552,-92.02995,"Nov 29, 2025","Feb 28, 2026","3_MONTH","Past Three Months",86,61.8,2.8,"T-16th warmest",81,
166364,"Mooringsport 1 N","Mooringsport","LA",32.705,-93.96083,"Nov 29, 2025","Feb 28, 2026","3_MONTH","Past Three Months",22,59.8,1.5,"T-5th warmest",77,
166584,"Natchitoches #2","","LA",31.81417,-93.08556,"Nov 29, 2025","Feb 28, 2026","3_MONTH","Past Three Months",25,64.1,3.4,"4th warmest",84,
166660,"New Orleans Ap","New Orleans","LA",29.99755,-90.27772,"Nov 29, 2025","Feb 28, 2026","3_MONTH","Past Three Months",78,67.2,2.7,"T-14th warmest",82,
166661,"New Orleans Ap","New Orleans","LA",30.04934,-90.02899,"Nov 29, 2025","Feb 28, 2026","3_MONTH","Past Three Months",50,65.3,2.0,"T-14th warmest",72,
166667,"New Orleans Lkfrnt Ap","New Orleans","LA",30.04934,-90.02899,"Nov 29, 2025","Feb 28, 2026","3_MONTH","Past Three Months",50,65.3,2.1,"T-14th warmest",72,
166938,"Oberlin Fire Twr","Oberlin","LA",30.60361,-92.77389,"Nov 29, 2025","Feb 28, 2026","3_MONTH","Past Three Months",68,66.8,5.5,"3rd warmest",96,
168295,"Schriever","Schriever","LA",29.7547,-90.7748,"Nov 29, 2025","Feb 28, 2026","3_MONTH","Past Three Months",91,66.2,0.2,"35th coldest",37,
168438,"Shreveport Dwtn Ap","Shreveport","LA",32.53984,-93.74616,"Nov 29, 2025","Feb 28, 2026","3_MONTH","Past Three Months",28,63.7,3.3,"3rd warmest",89,
168440,"Shreveport Ap","Shreveport","LA",32.4473,-93.8244,"Nov 29, 2025","Feb 28, 2026","3_MONTH","Past Three Months",96,64.4,4.1,"5th warmest",95,
168444,"Shreveport Sthrn Hills","Shreveport","LA",32.3795,-93.8019,"Nov 29, 2025","Feb 28, 2026","3_MONTH","Past Three Months",23,63,5.1,"3rd warmest",87,
168539,"Slidell","Slidell","LA",30.265,-89.76972,"Nov 29, 2025","Feb 28, 2026","3_MONTH","Past Three Months",68,67.8,5.1,"4th warmest",94,
168543,"Slidell Ap","Slidell","LA",30.34355,-89.82237,"Nov 29, 2025","Feb 28, 2026","3_MONTH","Past Three Months",32,66.5,2.4,"T-9th warmest",72,
168926,"Tallulah Vicksburg Rgn","Tallulah","LA",32.34808,-91.02994,"Nov 29, 2025","Feb 28, 2026","3_MONTH","Past Three Months",29,61.8,2.2,"T-10th warmest",66,
169013,"Thibodaux 3 Ese","Houma","LA",29.77583,-90.78,"Nov 29, 2025","Feb 28, 2026","3_MONTH","Past Three Months",37,66.3,0.3,"T-12th warmest",68,
170355,"Bangor Ap","Bangor","ME",44.79791,-68.81852,"Nov 29, 2025","Feb 28, 2026","3_MONTH","Past Three Months",69,28.6,-2.9,"T-16th coldest",26,
170409,"Bath","Bath","ME",43.93139,-69.85611,"Nov 29, 2025","Feb 28, 2026","3_MONTH","Past Three Months",24,31.4,-2.5,"3rd coldest",8,
171175,"Caribou Wfo","Caribou","ME",46.87049,-68.01723,"Nov 29, 2025","Feb 28, 2026","3_MONTH","Past Three Months",86,22.4,-1.9,"T-37th coldest",43,
171628,"Corinna","Corinna","ME",44.91972,-69.24167,"Nov 29, 2025","Feb 28, 2026","3_MONTH","Past Three Months",75,29.9,-1.7,"34th coldest",44,
171975,"Dover-foxcroft Wwtp","Dover-Foxcroft","ME",45.18722,-69.18389,"Nov 29, 2025","Feb 28, 2026","3_MONTH","Past Three Months",47,28.5,-1.0,"T-21st warmest",55,
172048,"Durham","","ME",43.9996,-70.0963,"Nov 29, 2025","Feb 28, 2026","3_MONTH","Past Three Months",32,30.7,-1.9,"6th coldest",16,
172878,"Ft Kent","","ME",47.23861,-68.61361,"Nov 29, 2025","Feb 28, 2026","3_MONTH","Past Three Months",84,21.7,-1.0,"T-22nd coldest",26,
173295,"Gray","","ME",43.8925,-70.25444,"Nov 29, 2025","Feb 28, 2026","3_MONTH","Past Three Months",29,30.2,-2.7,"4th coldest",10,
173353,"Greenville","Greenville","ME",45.46222,-69.59528,"Nov 29, 2025","Feb 28, 2026","3_MONTH","Past Three Months",82,22.3,-3.4,"T-11th coldest",13,
173570,"Hartford","","ME",44.3744,-70.3163,"Nov 29, 2025","Feb 28, 2026","3_MONTH","Past Three Months",28,26.7,-2.7,"6th coldest",18,
173862,"Hollis","","ME",43.64759,-70.67498,"Nov 29, 2025","Feb 28, 2026","3_MONTH","Past Three Months",32,30.2,-2.3,"4th coldest",9,
173892,"Houlton Ap","Houlton","ME",46.11846,-67.79289,"Nov 29, 2025","Feb 28, 2026","3_MONTH","Past Three Months",75,24.8,-1.8,"T-23rd coldest",32,
175309,"Millinocket Faa Ap","Millinocket","ME",45.64778,-68.69245,"Nov 29, 2025","Feb 28, 2026","3_MONTH","Past Three Months",57,26.1,-2.0,"T-18th coldest",32,
175311,"Millinocket Muni Ap","","ME",45.64778,-68.6925,"Nov 29, 2025","Feb 28, 2026","3_MONTH","Past Three Months",57,26.1,-2.0,"T-18th coldest",32,
175736,"New Sharon","","ME",44.63528,-70.00028,"Nov 29, 2025","Feb 28, 2026","3_MONTH","Past Three Months",25,27.9,-2.6,"3rd coldest",8,
176856,"Poland","","ME",44.00706,-70.36149,"Nov 29, 2025","Feb 28, 2026","3_MONTH","Past Three Months",25,27.9,-2.6,"3rd coldest",8,
176905,"Portland Jetport","Portland","ME",43.64244,-70.30443,"Nov 29, 2025","Feb 28, 2026","3_MONTH","Past Three Months",86,31.8,-3.6,"18th coldest",20,
177037,"Rangeley","","ME",44.98917,-70.67194,"Nov 29, 2025","Feb 28, 2026","3_MONTH","Past Three Months",56,24.5,-1.8,"18th coldest",30,
177039,"Rangeley 2 Nw","","ME",44.98944,-70.67222,"Nov 29, 2025","Feb 28, 2026","3_MONTH","Past Three Months",29,22.4,-2.6,"5th coldest",14,
177238,"Robbinston","","ME",45.08528,-67.12028,"Nov 29, 2025","Feb 28, 2026","3_MONTH","Past Three Months",32,30.6,-1.2,"T-8th coldest",25,
178792,"Topsfield 2","Topsfield","ME",45.43528,-67.72139,"Nov 29, 2025","Feb 28, 2026","3_MONTH","Past Three Months",25,27.8,-0.6,"T-8th coldest",32,
178817,"Turner","","ME",44.28222,-70.25611,"Nov 29, 2025","Feb 28, 2026","3_MONTH","Past Three Months",25,29.2,-2.1,"T-4th coldest",16,
179151,"Waterville Trtmt Plt","Waterville","ME",44.52735,-69.65378,"Nov 29, 2025","Feb 28, 2026","3_MONTH","Past Three Months",125,30.4,-1.4,"T-25th coldest",21,
179826,"Waterville Wwtp","Waterville","ME",44.52735,-69.65378,"Nov 29, 2025","Feb 28, 2026","3_MONTH","Past Three Months",125,30.4,-1.4,"T-25th coldest",21,
180186,"ANNAPOLIS UNITED STATES NAVAL ACADEMY ASOS","Anne Arundel County","MD",38.9913,-76.4891,"Nov 29, 2025","Feb 28, 2026","3_MONTH","Past Three Months",38,40.9,-6.0,"7th coldest",16,
180465,"Baltimore Wash Intl Ap","Baltimore","MD",39.17329,-76.68408,"Nov 29, 2025","Feb 28, 2026","3_MONTH","Past Three Months",87,41.2,-4.6,"T-15th coldest",17,
181790,"Chewsville-bridgepor","","MD",39.64034,-77.69778,"Nov 29, 2025","Feb 28, 2026","3_MONTH","Past Three Months",124,39.8,-2.7,"T-30th coldest",26,
182282,"Cumberland 2","Cumberland","MD",39.64194,-78.75611,"Nov 29, 2025","Feb 28, 2026","3_MONTH","Past Three Months",48,41.3,-0.6,"14th coldest",27,
182336,"Damascus 3 Ssw","Damascus","MD",39.26495,-77.23196,"Nov 29, 2025","Feb 28, 2026","3_MONTH","Past Three Months",32,38.6,-3.3,"8th coldest",22,
182906,"Emmitsburg 2 Se","Emmitsburg","MD",39.68111,-77.29139,"Nov 29, 2025","Feb 28, 2026","3_MONTH","Past Three Months",65,39.2,-3.3,"T-13th coldest",20,
183415,"Frostburg 2","Frostburg","MD",39.66667,-78.93333,"Nov 29, 2025","Feb 28, 2026","3_MONTH","Past Three Months",54,34.9,-1.6,"T-21st coldest",39,
183976,"HAGERSTOWN REGIONAL AIRPORT","Washington County","MD",39.70618,-77.73037,"Nov 29, 2025","Feb 28, 2026","3_MONTH","Past Three Months",27,39.8,-2.7,"7th coldest",22,
185865,"Mechanicsville 5 Ne","Mechanicsville","MD",38.46167,-76.69917,"Nov 29, 2025","Feb 28, 2026","3_MONTH","Past Three Months",45,42.2,-4.5,"3rd coldest",4,
185934,"Millers 4 Ne","Carroll County","MD",39.7194,-76.8027,"Nov 29, 2025","Feb 28, 2026","3_MONTH","Past Three Months",38,38.2,-3.9,"6th coldest",13,
186620,"Oakland 1 Se","Oakland","MD",39.41333,-79.4,"Nov 29, 2025","Feb 28, 2026","3_MONTH","Past Three Months",119,37.2,-2.4,"40th coldest",33,
188005,"Salisbury Faa Ap","Salisbury","MD",38.3409,-75.51324,"Nov 29, 2025","Feb 28, 2026","3_MONTH","Past Three Months",78,44.2,-3.7,"16th coldest",19,
190120,"Amherst","Amherst","MA",42.3861,-72.5374,"Nov 29, 2025","Feb 28, 2026","3_MONTH","Past Three Months",128,33.8,-3.1,"T-31st coldest",25,
190562,"Belchertown","Belchertown","MA",42.2796,-72.3482,"Nov 29, 2025","Feb 28, 2026","3_MONTH","Past Three Months",24,34.5,-1.2,"T-10th coldest",42,
190736,"Blue Hill","Boston","MA",42.2123,-71.1137,"Nov 29, 2025","Feb 28, 2026","3_MONTH","Past Three Months",130,34.7,-2.8,"50th coldest",38,
190770,"Boston","Boston","MA",42.36057,-71.00975,"Nov 29, 2025","Feb 28, 2026","3_MONTH","Past Three Months",90,36.1,-3.4,"18th coldest",19,
190860,"Brockton","Brockton","MA",42.04756,-71.00819,"Nov 29, 2025","Feb 28, 2026","3_MONTH","Past Three Months",109,40.2,-1.1,"T-48th warmest",56,
192107,"East Brimfield Lake","Worcester","MA",42.11028,-72.12694,"Nov 29, 2025","Feb 28, 2026","3_MONTH","Past Three Months",62,33.7,-3.2,"17th coldest",26,
193229,"Greenfield No 3","Greenfield","MA",42.57194,-72.5975,"Nov 29, 2025","Feb 28, 2026","3_MONTH","Past Three Months",26,34,-2.9,"T-4th coldest",15,
193821,"Hyannis","Hyannis","MA",41.6649,-70.3038,"Nov 29, 2025","Feb 28, 2026","3_MONTH","Past Three Months",95,37.2,-3.7,"T-14th coldest",17,
194744,"Middleton","Middleton","MA",42.5934,-71.0187,"Nov 29, 2025","Feb 28, 2026","3_MONTH","Past Three Months",89,33.8,-4.1,"1st coldest",1,
195159,"Nantucket Faa Ap","Nantucket","MA",41.25407,-70.05893,"Nov 29, 2025","Feb 28, 2026","3_MONTH","Past Three Months",61,38.2,-3.6,"11th coldest",16,
195251,"New Bedford Faa Ap","New Bedford","MA",41.67908,-70.95911,"Nov 29, 2025","Feb 28, 2026","3_MONTH","Past Three Months",29,36.8,-4.7,"T-1st coldest",3,
195984,"Norton West","Boston","MA",41.99278,-71.16667,"Nov 29, 2025","Feb 28, 2026","3_MONTH","Past Three Months",38,35.2,-3.9,"5th coldest",11,
196012,"Norwood Muni Ap","Norwood","MA",42.19123,-71.17326,"Nov 29, 2025","Feb 28, 2026","3_MONTH","Past Three Months",28,36.2,-6.0,"3rd coldest",7,
198368,"TAUNTON 4 NW","","MA",41.9561,-71.1395,"Nov 29, 2025","Feb 28, 2026","3_MONTH","Past Three Months",29,35.6,-3.6,"2nd coldest",3,
198757,"Walpole 2","Walpole","MA",42.1609,-71.2461,"Nov 29, 2025","Feb 28, 2026","3_MONTH","Past Three Months",52,36.6,-2.9,"9th coldest",15,
199196,"Westfield 2 Ne Ap","Westfield","MA",42.16005,-72.71246,"Nov 29, 2025","Feb 28, 2026","3_MONTH","Past Three Months",32,33.6,-4.1,"T-3rd coldest",9,
199923,"Worcester","Worcester","MA",42.27054,-71.87312,"Nov 29, 2025","Feb 28, 2026","3_MONTH","Past Three Months",77,31.1,-4.0,"T-13th coldest",17,
200164,"Alpena Co Rgnl Ap","Alpena","MI",45.0716,-83.56451,"Nov 29, 2025","Feb 28, 2026","3_MONTH","Past Three Months",108,28,-2.9,"T-31st coldest",29,
200228,"Ann Arbor Se","Ann Arbor","MI",42.24167,-83.69333,"Nov 29, 2025","Feb 28, 2026","3_MONTH","Past Three Months",23,33.2,-1.1,"T-7th coldest",30,
200230,"Ann Arbor U Of Mich","Ann Arbor","MI",42.29806,-83.66388,"Nov 29, 2025","Feb 28, 2026","3_MONTH","Past Three Months",144,33.3,-1.3,"T-67th coldest",49,
200417,"Bad Axe","Bad Axe","MI",43.80806,-82.99389,"Nov 29, 2025","Feb 28, 2026","3_MONTH","Past Three Months",97,28.4,-2.7,"16th coldest",15,
200552,"Battle Creek 5nw","Battle Creek","MI",42.3678,-85.2634,"Nov 29, 2025","Feb 28, 2026","3_MONTH","Past Three Months",130,32.4,-2.7,"T-52nd coldest",40,
200711,"BENTON HARBOR AIRPORT ASOS","","MI",42.12894,-86.41518,"Nov 29, 2025","Feb 28, 2026","3_MONTH","Past Three Months",29,34.3,-1.8,"T-9th coldest",31,
200758,"Beulah 7ssw","Beulah","MI",44.53167,-86.13111,"Nov 29, 2025","Feb 28, 2026","3_MONTH","Past Three Months",24,29.5,-2.3,"5th coldest",17,
200779,"Big Rapids Wtr Wks","Big Rapids","MI",43.7072,-85.4819,"Nov 29, 2025","Feb 28, 2026","3_MONTH","Past Three Months",127,29.1,-2.0,"T-29th coldest",23,
201213,"Houghton Faa Ap","Hancock","MI",47.16594,-88.48076,"Nov 29, 2025","Feb 28, 2026","3_MONTH","Past Three Months",138,26,1.0,"32nd warmest",77,
201361,"Cass City 1 Ssw","Cass City","MI",43.58611,-83.18056,"Nov 29, 2025","Feb 28, 2026","3_MONTH","Past Three Months",25,30.1,-1.6,"T-5th coldest",20,
201468,"Charlevoix","Charlevoix","MI",45.31722,-85.26722,"Nov 29, 2025","Feb 28, 2026","3_MONTH","Past Three Months",50,29.2,-1.8,"12th coldest",22,
201492,"Cheboygan","Cheboygan","MI",45.65225,-84.47239,"Nov 29, 2025","Feb 28, 2026","3_MONTH","Past Three Months",131,28.6,-1.5,"50th coldest",37,
202015,"Dearborn","Dearborn","MI",42.31667,-83.23139,"Nov 29, 2025","Feb 28, 2026","3_MONTH","Past Three Months",68,32.9,-1.9,"T-13th coldest",19,
202102,"Detroit City Ap","Detroit","MI",42.40725,-83.00899,"Nov 29, 2025","Feb 28, 2026","3_MONTH","Past Three Months",89,32.7,-2.3,"25th coldest",27,
202103,"Detroit Metro Ap","Detroit","MI",42.23113,-83.33121,"Nov 29, 2025","Feb 28, 2026","3_MONTH","Past Three Months",68,33.1,-2.0,"T-23rd coldest",34,
202104,"Detroit Wbas Willow","Detroit","MI",42.23666,-83.52638,"Nov 29, 2025","Feb 28, 2026","3_MONTH","Past Three Months",94,32.4,-4.1,"T-25th coldest",27,
202423,"East Tawas","East Tawas","MI",44.28389,-83.50361,"Nov 29, 2025","Feb 28, 2026","3_MONTH","Past Three Months",121,30,-2.5,"32nd coldest",26,
202691,"Farmington","Farmington","MI",42.46694,-83.3625,"Nov 29, 2025","Feb 28, 2026","3_MONTH","Past Three Months",22,31.5,-1.8,"5th coldest",18,
202846,"Flint Bishop Intl Ap","Flint","MI",42.96667,-83.74944,"Nov 29, 2025","Feb 28, 2026","3_MONTH","Past Three Months",129,31.4,-1.3,"T-45th coldest",35,
203025,"Fremont 4 Wsw","Fremont","MI",43.44527,-86.02646,"Nov 29, 2025","Feb 28, 2026","3_MONTH","Past Three Months",24,32.2,0.1,"T-12th warmest",50,
203099,"Gaylord 9ssw","Gaylord","MI",44.90722,-84.71889,"Nov 29, 2025","Feb 28, 2026","3_MONTH","Past Three Months",28,26.7,-1.0,"12th coldest",39,
203170,"Gladwin","Gladwin","MI",43.97583,-84.49083,"Nov 29, 2025","Feb 28, 2026","3_MONTH","Past Three Months",107,29.4,-2.6,"T-29th coldest",27,
203278,"Goodrich","Goodrich","MI",42.91639,-83.50972,"Nov 29, 2025","Feb 28, 2026","3_MONTH","Past Three Months",22,31.3,-1.8,"5th coldest",18,
203333,"Gerald R Ford Intl Ap","Grand Rapids","MI",42.8821,-85.52297,"Nov 29, 2025","Feb 28, 2026","3_MONTH","Past Three Months",85,32,-1.8,"35th coldest",40,
203477,"Grosse Pointe Farms","Grosse Pointe","MI",42.40778,-82.88917,"Nov 29, 2025","Feb 28, 2026","3_MONTH","Past Three Months",71,30.8,-3.6,"9th coldest",11,
203529,"Hale Loud Dam","Hale","MI",44.46333,-83.72167,"Nov 29, 2025","Feb 28, 2026","3_MONTH","Past Three Months",109,28.4,-2.3,"T-17th coldest",16,
203632,"Hart 3 Wsw","Hart","MI",43.6751,-86.4228,"Nov 29, 2025","Feb 28, 2026","3_MONTH","Past Three Months",117,30.5,-1.7,"29th coldest",24,
203661,"Hastings","Hastings","MI",42.64208,-85.28819,"Nov 29, 2025","Feb 28, 2026","3_MONTH","Past Three Months",120,31.9,-1.5,"29th coldest",23,
203744,"Herman","Herman","MI",46.6653,-88.3772,"Nov 29, 2025","Feb 28, 2026","3_MONTH","Past Three Months",56,20.2,-2.2,"10th coldest",16,
203908,"Houghton Faa Ap","Hancock","MI",47.16594,-88.48076,"Nov 29, 2025","Feb 28, 2026","3_MONTH","Past Three Months",138,26,1.0,"32nd warmest",77,
203936,"Houghton Roscommon Ap","","MI",44.35904,-84.6739,"Nov 29, 2025","Feb 28, 2026","3_MONTH","Past Three Months",62,27.8,-1.9,"T-18th coldest",31,
204104,"Ironwood","Ironwood","MI",46.46556,-90.18917,"Nov 29, 2025","Feb 28, 2026","3_MONTH","Past Three Months",123,21.9,-1.6,"T-32nd coldest",26,
204150,"Jackson County Ap","Jackson","MI",42.26373,-84.45644,"Nov 29, 2025","Feb 28, 2026","3_MONTH","Past Three Months",128,32.2,-2.0,"T-46th coldest",36,
204641,"Lansing Capital Cy Ap","Lansing","MI",42.77609,-84.59972,"Nov 29, 2025","Feb 28, 2026","3_MONTH","Past Three Months",73,32.1,-1.3,"T-31st coldest",44,
204655,"Lapeer Wwtp","Lapeer","MI",43.06083,-83.3075,"Nov 29, 2025","Feb 28, 2026","3_MONTH","Past Three Months",73,31.2,-1.9,"T-18th coldest",25,
205073,"Manistique Wwtp","Manistique","MI",45.95111,-86.25139,"Nov 29, 2025","Feb 28, 2026","3_MONTH","Past Three Months",91,26.6,-1.4,"T-23rd coldest",26,
205097,"Maple City 1e","Maple City","MI",44.855,-85.83528,"Nov 29, 2025","Feb 28, 2026","3_MONTH","Past Three Months",60,30,-1.4,"T-18th coldest",30,
205178,"Marquette","Marquette","MI",46.5458,-87.3795,"Nov 29, 2025","Feb 28, 2026","3_MONTH","Past Three Months",142,25.7,-1.8,"T-43rd coldest",34,
205184,"Marquette Wso Ap","Marquette","MI",46.53139,-87.54917,"Nov 29, 2025","Feb 28, 2026","3_MONTH","Past Three Months",65,22.4,-2.1,"T-19th coldest",29,
205434,"Midland","Midland","MI",43.60889,-84.20111,"Nov 29, 2025","Feb 28, 2026","3_MONTH","Past Three Months",54,28.6,-3.5,"8th coldest",13,
205712,"Muskegon Co Ap","Muskegon","MI",43.17111,-86.23667,"Nov 29, 2025","Feb 28, 2026","3_MONTH","Past Three Months",127,32.3,-2.6,"T-52nd coldest",41,
206007,"Northport 2w","Northport","MI",45.13222,-85.64722,"Nov 29, 2025","Feb 28, 2026","3_MONTH","Past Three Months",23,29.9,-1.2,"T-7th coldest",30,
206012,"Nw Michigan Rsch Fm","","MI",44.88306,-85.67528,"Nov 29, 2025","Feb 28, 2026","3_MONTH","Past Three Months",28,27.6,-2.4,"4th coldest",11,
206300,"Owosso Wwtp","Owosso","MI",43.01611,-84.18,"Nov 29, 2025","Feb 28, 2026","3_MONTH","Past Three Months",114,31.3,-1.8,"T-31st coldest",27,
206438,"Pellston Rgnl Ap","Pellston","MI",45.5644,-84.79291,"Nov 29, 2025","Feb 28, 2026","3_MONTH","Past Three Months",78,27.5,-2.1,"T-26th coldest",35,
206507,"Petoskey","Petoskey","MI",45.3725,-84.97667,"Nov 29, 2025","Feb 28, 2026","3_MONTH","Past Three Months",111,27.9,-2.2,"T-19th coldest",17,
206982,"Richmond 4 Nnw","Richmond","MI",42.87833,-82.79583,"Nov 29, 2025","Feb 28, 2026","3_MONTH","Past Three Months",25,30.9,-2.0,"7th coldest",24,
207227,"Saginaw Mbs Intl Ap","Saginaw","MI",43.52808,-84.08133,"Nov 29, 2025","Feb 28, 2026","3_MONTH","Past Three Months",124,30.3,-1.9,"T-47th coldest",38,
207364,"Sault Ste Marie","Sault Ste. Marie","MI",46.48913,-84.31932,"Nov 29, 2025","Feb 28, 2026","3_MONTH","Past Three Months",28,23.5,-2.2,"4th coldest",11,
207366,"Sault Ste Marie Sndrsn","Sault Ste. Marie","MI",46.47998,-84.35809,"Nov 29, 2025","Feb 28, 2026","3_MONTH","Past Three Months",138,24,-3.1,"T-53rd coldest",39,
207812,"Stambaugh 2sse","Stambaugh","MI",46.05556,-88.6275,"Nov 29, 2025","Feb 28, 2026","3_MONTH","Past Three Months",125,23.4,-1.0,"T-39th coldest",34,
207820,"Standish 5sw","","MI",44.0126,-83.8977,"Nov 29, 2025","Feb 28, 2026","3_MONTH","Past Three Months",80,29.9,-1.0,"T-22nd coldest",29,
208184,"Three Rivers","Three Rivers","MI",41.93,-85.63861,"Nov 29, 2025","Feb 28, 2026","3_MONTH","Past Three Months",99,34.8,0.8,"T-48th warmest",52,
208251,"Traverse City Faa Ap","Traverse City","MI",44.73895,-85.5679,"Nov 29, 2025","Feb 28, 2026","3_MONTH","Past Three Months",129,29.8,-2.2,"T-52nd coldest",40,
208706,"Watton","","MI",46.52664,-88.64243,"Nov 29, 2025","Feb 28, 2026","3_MONTH","Past Three Months",24,22,-3.1,"9th coldest",33,
208800,"West Branch 3se","","MI",44.25417,-84.20111,"Nov 29, 2025","Feb 28, 2026","3_MONTH","Past Three Months",114,28.3,-2.0,"T-33rd coldest",30,
208941,"White Lake 4e","","MI",42.69806,-83.47167,"Nov 29, 2025","Feb 28, 2026","3_MONTH","Past Three Months",26,31.8,0.4,"12th warmest",54,
209218,"Ypsilanti E Mich U","Ann Arbor","MI",42.24694,-83.62555,"Nov 29, 2025","Feb 28, 2026","3_MONTH","Past Three Months",123,32.4,-2.0,"T-34th coldest",28,
210075,"Albert Lea 3 Se","","MN",43.60639,-93.30194,"Nov 29, 2025","Feb 28, 2026","3_MONTH","Past Three Months",128,28.9,2.8,"T-30th warmest",77,
210112,"Alexandria Chandler Fld","Alexandria","MN",45.86801,-95.39399,"Nov 29, 2025","Feb 28, 2026","3_MONTH","Past Three Months",82,23.7,1.3,"T-26th warmest",68,
210287,"Artichoke Lake","Big Stone County","MN",45.38564,-96.12578,"Nov 29, 2025","Feb 28, 2026","3_MONTH","Past Three Months",104,27.2,1.0,"26th warmest",75,
210939,"Brainerd","Brainerd","MN",46.34333,-94.21,"Nov 29, 2025","Feb 28, 2026","3_MONTH","Past Three Months",91,23.7,0.3,"36th warmest",60,
210944,"Brainerd Crow Wing Co Ap","Brainerd","MN",46.40206,-94.12734,"Nov 29, 2025","Feb 28, 2026","3_MONTH","Past Three Months",29,22.9,-1.9,"11th coldest",34,
211198,"Caledonia","Caledonia","MN",43.63083,-91.50278,"Nov 29, 2025","Feb 28, 2026","3_MONTH","Past Three Months",87,27.8,-0.1,"T-30th warmest",66,
211374,"Cass Lake","Cass Lake","MN",47.38472,-94.61472,"Nov 29, 2025","Feb 28, 2026","3_MONTH","Past Three Months",62,21.3,-0.3,"25th warmest",60,
211448,"Chanhassen Wsfo","Chanhassen","MN",44.84972,-93.56444,"Nov 29, 2025","Feb 28, 2026","3_MONTH","Past Three Months",30,26.1,0.5,"15th warmest",50,
211630,"Cloquet","Cloquet","MN",46.70472,-92.52528,"Nov 29, 2025","Feb 28, 2026","3_MONTH","Past Three Months",114,21.4,-0.3,"T-48th coldest",44,
211691,"Collegeville St John","Collegeville","MN",45.5794,-94.392,"Nov 29, 2025","Feb 28, 2026","3_MONTH","Past Three Months",118,24.7,0.4,"T-49th warmest",58,
212248,"Duluth Intl Ap","Duluth","MN",46.8436,-92.18658,"Nov 29, 2025","Feb 28, 2026","3_MONTH","Past Three Months",98,21,-2.3,"T-49th warmest",50,
212576,"Embarrass","Embarrass","MN",47.64317,-92.22648,"Nov 29, 2025","Feb 28, 2026","3_MONTH","Past Three Months",26,19.3,-1.2,"12th warmest",54,
212842,"Floodwood 3 Ne","Floodwood","MN",46.97278,-92.87,"Nov 29, 2025","Feb 28, 2026","3_MONTH","Past Three Months",42,22.2,0.6,"21st warmest",50,
213104,"Georgetown 1 E","Georgetown","MN",47.07917,-96.77583,"Nov 29, 2025","Feb 28, 2026","3_MONTH","Past Three Months",51,22.7,1.6,"19th warmest",63,
213290,"Grand Meadow","Grand Meadow","MN",43.70472,-92.56444,"Nov 29, 2025","Feb 28, 2026","3_MONTH","Past Three Months",130,26.4,1.8,"T-47th warmest",64,
213417,"Gunflint Lake 10 Nw","","MN",48.16028,-90.88417,"Nov 29, 2025","Feb 28, 2026","3_MONTH","Past Three Months",52,17.6,-1.2,"T-19th coldest",38,
213419,"Gunflint Lodge","","MN",48.1603,-90.8842,"Nov 29, 2025","Feb 28, 2026","3_MONTH","Past Three Months",52,17.7,-1.1,"21st coldest",38,
213730,"Hibbing Faa Ap","Hibbing","MN",47.38039,-92.83246,"Nov 29, 2025","Feb 28, 2026","3_MONTH","Past Three Months",64,20.5,0.2,"31st warmest",52,
214026,"International Falls Ap","International Falls","MN",48.55943,-93.39554,"Nov 29, 2025","Feb 28, 2026","3_MONTH","Past Three Months",95,18.9,-0.6,"T-35th warmest",63,
214546,"Lamberton Sw Exp Stn","Lamberton","MN",44.2395,-95.3152,"Nov 29, 2025","Feb 28, 2026","3_MONTH","Past Three Months",65,29.9,3.9,"T-15th warmest",77,
214861,"Long Prairie","Long Prairie","MN",45.96472,-94.88917,"Nov 29, 2025","Feb 28, 2026","3_MONTH","Past Three Months",97,23.5,2.0,"37th warmest",62,
215325,"Melrose","Melrose","MN",45.6771,-94.802,"Nov 29, 2025","Feb 28, 2026","3_MONTH","Past Three Months",57,25.4,2.2,"T-15th warmest",74,
215392,"Milaca","Milaca","MN",45.75333,-93.66167,"Nov 29, 2025","Feb 28, 2026","3_MONTH","Past Three Months",112,25.1,0.9,"36th warmest",68,
215400,"Milan 1 Nw","Milan","MN",45.12194,-95.92694,"Nov 29, 2025","Feb 28, 2026","3_MONTH","Past Three Months",129,31.1,3.7,"13th warmest",90,
215435,"Minneapolis/st Paul Ap","Minneapolis","MN",44.88523,-93.23133,"Nov 29, 2025","Feb 28, 2026","3_MONTH","Past Three Months",88,27.4,0.4,"T-27th warmest",69,
215441,"Mpls Crystal Ap","Minneapolis--St. Paul","MN",45.06222,-93.35107,"Nov 29, 2025","Feb 28, 2026","3_MONTH","Past Three Months",29,26.7,-0.6,"T-13th coldest",45,
215443,"Mpls Flying Cloud Ap","Minneapolis--St. Paul","MN",44.83214,-93.47051,"Nov 29, 2025","Feb 28, 2026","3_MONTH","Past Three Months",29,27.2,-0.3,"15th warmest",48,
216276,"Ottertail","Ottertail","MN",46.4145,-95.5464,"Nov 29, 2025","Feb 28, 2026","3_MONTH","Past Three Months",55,22,0.5,"24th warmest",56,
216287,"Owatonna","Owatonna","MN",44.0976,-93.2318,"Nov 29, 2025","Feb 28, 2026","3_MONTH","Past Three Months",64,28.4,2.6,"T-19th warmest",70,
216360,"Park Rapids 2 S","","MN",46.89967,-95.06682,"Nov 29, 2025","Feb 28, 2026","3_MONTH","Past Three Months",131,21.5,-0.3,"T-49th warmest",63,
216654,"Preston","Preston","MN",43.6725,-92.07472,"Nov 29, 2025","Feb 28, 2026","3_MONTH","Past Three Months",68,29.4,2.2,"T-26th warmest",62,
216787,"Red Lake Falls","Red Lake Falls","MN",47.87945,-96.28446,"Nov 29, 2025","Feb 28, 2026","3_MONTH","Past Three Months",105,19.1,0.2,"T-42nd warmest",60,
216822,"Red Wing Dam 3","Red Wing","MN",44.61028,-92.61,"Nov 29, 2025","Feb 28, 2026","3_MONTH","Past Three Months",38,27.1,0.2,"19th coldest",47,
217004,"Rochester Intl Ap","Rochester","MN",43.904,-92.49207,"Nov 29, 2025","Feb 28, 2026","3_MONTH","Past Three Months",111,27,1.1,"T-36th warmest",68,
217294,"St Cloud Muni Ap","","MN",45.54333,-94.05139,"Nov 29, 2025","Feb 28, 2026","3_MONTH","Past Three Months",128,25.3,1.1,"40th warmest",69,
217370,"St Paul Downtown Ap","Minneapolis--St. Paul","MN",44.93194,-93.05556,"Nov 29, 2025","Feb 28, 2026","3_MONTH","Past Three Months",29,27.5,0.3,"13th coldest",41,
217386,"St Paul Wb Ap","Minneapolis--St. Paul","MN",44.93234,-93.05586,"Nov 29, 2025","Feb 28, 2026","3_MONTH","Past Three Months",105,27.5,0.3,"T-36th warmest",66,
218227,"Theilman 1ssw","Theilman","MN",44.28118,-92.19434,"Nov 29, 2025","Feb 28, 2026","3_MONTH","Past Three Months",57,26.4,-1.7,"T-18th coldest",33,
218311,"Tower 3 S","Tower","MN",47.7817,-92.2784,"Nov 29, 2025","Feb 28, 2026","3_MONTH","Past Three Months",71,19.5,-1.2,"32nd coldest",44,
218419,"Two Harbors","Two Harbors","MN",47.02583,-91.66528,"Nov 29, 2025","Feb 28, 2026","3_MONTH","Past Three Months",126,24.3,-2.5,"T-40th coldest",34,
218421,"Two Harbors 7nw","Two Harbors","MN",47.12528,-91.70667,"Nov 29, 2025","Feb 28, 2026","3_MONTH","Past Three Months",28,22.2,-0.9,"11th coldest",36,
218450,"Univ Of Minn St Paul","Minneapolis--St. Paul","MN",44.98472,-93.17722,"Nov 29, 2025","Feb 28, 2026","3_MONTH","Past Three Months",33,25.1,0.3,"16th coldest",45,
218808,"Wells","Wells","MN",43.7468,-93.7368,"Nov 29, 2025","Feb 28, 2026","3_MONTH","Past Three Months",32,29.2,1.8,"11th warmest",66,
218907,"Wheaton","Wheaton","MN",45.80806,-96.50417,"Nov 29, 2025","Feb 28, 2026","3_MONTH","Past Three Months",89,24.5,0.8,"42nd warmest",53,
218986,"Wild River Sp","","MN",45.52309,-92.74899,"Nov 29, 2025","Feb 28, 2026","3_MONTH","Past Three Months",35,25.2,-0.6,"T-16th coldest",49,
219046,"Winnebago","Winnebago","MN",43.76917,-94.18722,"Nov 29, 2025","Feb 28, 2026","3_MONTH","Past Three Months",120,29.7,3.0,"T-23rd warmest",81,
219072,"Winona Dam 5 A","Winona","MN",44.0875,-91.67028,"Nov 29, 2025","Feb 28, 2026","3_MONTH","Past Three Months",39,29,0.3,"20th warmest",49,
219170,"Worthington 2 Nne","Worthington","MN",43.645,-95.58028,"Nov 29, 2025","Feb 28, 2026","3_MONTH","Past Three Months",55,32.2,6.1,"6th warmest",89,
219173,"Wright 4 Nw","","MN",46.6804,-92.9543,"Nov 29, 2025","Feb 28, 2026","3_MONTH","Past Three Months",59,21.4,-0.0,"T-25th coldest",42,
219249,"Zumbrota","Zumbrota","MN",44.29982,-92.66544,"Nov 29, 2025","Feb 28, 2026","3_MONTH","Past Three Months",114,27,0.7,"56th warmest",51,
221738,"Cleveland","Cleveland","MS",33.7367,-90.7445,"Nov 29, 2025","Feb 28, 2026","3_MONTH","Past Three Months",64,56.1,2.2,"21st warmest",67,
221865,"Columbia","Columbia","MS",31.25028,-89.83611,"Nov 29, 2025","Feb 28, 2026","3_MONTH","Past Three Months",104,66.4,4.4,"T-17th warmest",84,
223608,"Greenville Asos","Greenville","MS",33.49385,-90.98058,"Nov 29, 2025","Feb 28, 2026","3_MONTH","Past Three Months",32,57.5,2.1,"12th warmest",62,
223627,"Greenwood Leflore Ap","","MS",33.49612,-90.08946,"Nov 29, 2025","Feb 28, 2026","3_MONTH","Past Three Months",77,61.1,4.4,"7th warmest",91,
223666,"Gulfport - Biloxi Ap","Gulfport","MS",30.4121,-89.08093,"Nov 29, 2025","Feb 28, 2026","3_MONTH","Past Three Months",28,64.8,1.6,"10th warmest",64,
224469,"Jackson Hawkins Fld Ap","Jackson","MS",32.33756,-90.2214,"Nov 29, 2025","Feb 28, 2026","3_MONTH","Past Three Months",26,61.5,1.9,"10th warmest",62,
224472,"Jackson Intl Ap","Jackson","MS",32.31982,-90.07778,"Nov 29, 2025","Feb 28, 2026","3_MONTH","Past Three Months",63,62.6,2.9,"T-9th warmest",86,
225614,"Mccomb Ap","Fernwood","MS",31.18228,-90.47207,"Nov 29, 2025","Feb 28, 2026","3_MONTH","Past Three Months",78,64.4,2.5,"13th warmest",83,
225776,"Meridian Ap","Meridian","MS",32.33483,-88.75073,"Nov 29, 2025","Feb 28, 2026","3_MONTH","Past Three Months",82,62.4,1.1,"17th warmest",79,
226177,"Natchez","Natchez","MS",31.58889,-91.34083,"Nov 29, 2025","Feb 28, 2026","3_MONTH","Past Three Months",115,62.2,3.3,"43rd warmest",63,
226527,"Olive Branch","Olive Branch","MS",34.95361,-89.82972,"Nov 29, 2025","Feb 28, 2026","3_MONTH","Past Three Months",24,53.7,1.0,"T-12th warmest",50,
226714,"Pascsgoula Ap","Pascagoula","MS",30.46304,-88.53156,"Nov 29, 2025","Feb 28, 2026","3_MONTH","Past Three Months",29,65.9,1.3,"15th warmest",48,
228374,"State Univ","Starkville","MS",33.46917,-88.78222,"Nov 29, 2025","Feb 28, 2026","3_MONTH","Past Three Months",118,56,-0.6,"52nd coldest",43,
229003,"Tupelo Rgnl Ap","Tupelo","MS",34.26224,-88.77127,"Nov 29, 2025","Feb 28, 2026","3_MONTH","Past Three Months",62,55.6,0.1,"T-23rd warmest",63,
229439,"Waynesboro 2 W","Waynesboro","MS",31.67722,-88.67083,"Nov 29, 2025","Feb 28, 2026","3_MONTH","Past Three Months",93,63.1,1.9,"26th warmest",72,
230127,"Alton 6 Se","","MO",36.69184,-91.39902,"Nov 29, 2025","Feb 28, 2026","3_MONTH","Past Three Months",29,49.4,3.3,"9th warmest",69,
230789,"Bolivar 1 Ne","Bolivar","MO",37.6164,-93.3914,"Nov 29, 2025","Feb 28, 2026","3_MONTH","Past Three Months",107,49.5,3.7,"14th warmest",87,
231145,"Butler 4w","Butler","MO",38.26111,-94.405,"Nov 29, 2025","Feb 28, 2026","3_MONTH","Past Three Months",70,48,4.4,"T-6th warmest",91,
231289,"Cape Girardeau Faa Ap","Cape Girardeau","MO",37.22545,-89.57855,"Nov 29, 2025","Feb 28, 2026","3_MONTH","Past Three Months",66,46.2,0.4,"23rd warmest",65,
231340,"Carrollton","Carrollton","MO",39.35944,-93.48861,"Nov 29, 2025","Feb 28, 2026","3_MONTH","Past Three Months",86,45.6,5.0,"6th warmest",93,
231383,"Cassville Ranger Stn","Cassville","MO",36.68744,-93.86952,"Nov 29, 2025","Feb 28, 2026","3_MONTH","Past Three Months",43,51.6,5.1,"2nd warmest",95,
231580,"Chillicothe 2s","Chillicothe","MO",39.775,-93.53583,"Nov 29, 2025","Feb 28, 2026","3_MONTH","Past Three Months",46,41.9,4.0,"T-11th warmest",76,
231791,"Columbia Rgnl Ap","Columbia","MO",38.81694,-92.21833,"Nov 29, 2025","Feb 28, 2026","3_MONTH","Past Three Months",116,45.7,2.9,"T-14th warmest",88,
231801,"Columbia U Of M","Columbia","MO",38.94243,-92.32044,"Nov 29, 2025","Feb 28, 2026","3_MONTH","Past Three Months",29,46.2,3.6,"9th warmest",69,
231822,"Conception","","MO",40.23944,-94.68333,"Nov 29, 2025","Feb 28, 2026","3_MONTH","Past Three Months",129,41.6,4.7,"T-13th warmest",90,
233043,"Freedom","","MO",38.45833,-91.70278,"Nov 29, 2025","Feb 28, 2026","3_MONTH","Past Three Months",58,47.5,3.9,"5th warmest",91,
233838,"Higginsville","Higginsville","MO",39.07333,-93.7075,"Nov 29, 2025","Feb 28, 2026","3_MONTH","Past Three Months",35,44.7,5.1,"5th warmest",86,
234315,"Joplin Rgnl Ap","Joplin","MO",37.15222,-94.49524,"Nov 29, 2025","Feb 28, 2026","3_MONTH","Past Three Months",95,51.9,4.4,"4th warmest",96,
234358,"Kansas City Intl Ap","Kansas City","MO",39.29747,-94.73087,"Nov 29, 2025","Feb 28, 2026","3_MONTH","Past Three Months",54,46.1,4.6,"4th warmest",93,
234359,"Kansas Cy Downtown Ap","Kansas City","MO",39.12083,-94.59694,"Nov 29, 2025","Feb 28, 2026","3_MONTH","Past Three Months",82,48,5.0,"T-4th warmest",95,
234544,"Kirksville","Kirksville","MO",40.20583,-92.57472,"Nov 29, 2025","Feb 28, 2026","3_MONTH","Past Three Months",118,40.1,3.1,"T-28th warmest",76,
234549,"Kirksville Faa Ap","Kirksville","MO",40.09661,-92.54696,"Nov 29, 2025","Feb 28, 2026","3_MONTH","Past Three Months",53,40.9,3.1,"10th warmest",81,
234705,"Lamar 2w","Lamar","MO",37.5984,-94.2842,"Nov 29, 2025","Feb 28, 2026","3_MONTH","Past Three Months",128,49.1,3.8,"T-16th warmest",87,
235027,"Lockwood","Lockwood","MO",37.39088,-93.94905,"Nov 29, 2025","Feb 28, 2026","3_MONTH","Past Three Months",118,50.2,4.4,"7th warmest",94,
235298,"Marshall","Marshall","MO",39.13417,-93.2225,"Nov 29, 2025","Feb 28, 2026","3_MONTH","Past Three Months",116,44.6,4.4,"17th warmest",85,
235307,"Marshfield","Marshfield","MO",37.32342,-92.98286,"Nov 29, 2025","Feb 28, 2026","3_MONTH","Past Three Months",78,49.6,4.5,"3rd warmest",96,
235704,"Monett 4sw","Monett","MO",36.86176,-93.96244,"Nov 29, 2025","Feb 28, 2026","3_MONTH","Past Three Months",48,50.3,3.6,"4th warmest",92,
235987,"Nevada Wtp","Nevada","MO",37.8395,-94.374,"Nov 29, 2025","Feb 28, 2026","3_MONTH","Past Three Months",107,48.9,4.4,"14th warmest",87,
236641,"Perryville Wtp","Perryville","MO",37.73417,-89.92,"Nov 29, 2025","Feb 28, 2026","3_MONTH","Past Three Months",66,45.1,1.1,"31st warmest",53,
236745,"Pleasant Hill Wfo","Pleasant Hill","MO",38.81,-94.26472,"Nov 29, 2025","Feb 28, 2026","3_MONTH","Past Three Months",31,47.4,5.6,"1st warmest",97,
237263,"Rolla Uni Of Missouri","Rolla","MO",37.9567,-91.7762,"Nov 29, 2025","Feb 28, 2026","3_MONTH","Past Three Months",112,48.3,4.3,"9th warmest",92,
237300,"Rosebud","Rosebud","MO",38.45093,-91.37527,"Nov 29, 2025","Feb 28, 2026","3_MONTH","Past Three Months",37,46.8,3.9,"5th warmest",86,
237398,"St Charles 7 Ssw","","MO",38.68556,-90.52306,"Nov 29, 2025","Feb 28, 2026","3_MONTH","Past Three Months",46,45.2,1.6,"14th warmest",70,
237435,"St Joseph Rosecrans Mem","","MO",39.76829,-94.90953,"Nov 29, 2025","Feb 28, 2026","3_MONTH","Past Three Months",107,44.9,4.4,"T-8th warmest",93,
237440,"St Joseph Wb Ap","","MO",39.76829,-94.90953,"Nov 29, 2025","Feb 28, 2026","3_MONTH","Past Three Months",107,44.9,4.4,"T-8th warmest",93,
237455,"St Louis Lambert Ap","St. Louis","MO",38.7525,-90.37361,"Nov 29, 2025","Feb 28, 2026","3_MONTH","Past Three Months",96,45.2,1.5,"T-18th warmest",81,
237632,"Sedalia Wtp","Sedalia","MO",38.67528,-93.22278,"Nov 29, 2025","Feb 28, 2026","3_MONTH","Past Three Months",93,46.8,5.3,"6th warmest",94,
237720,"Shelbina","Shelbina","MO",39.68278,-92.04667,"Nov 29, 2025","Feb 28, 2026","3_MONTH","Past Three Months",76,41.7,2.7,"T-21st warmest",72,
237963,"Spickard 7 W","Spickard","MO",40.24722,-93.71583,"Nov 29, 2025","Feb 28, 2026","3_MONTH","Past Three Months",61,39.8,3.3,"14th warmest",77,
237964,"St Louis Sprt Of S L A","St. Louis","MO",38.65752,-90.65577,"Nov 29, 2025","Feb 28, 2026","3_MONTH","Past Three Months",36,46.1,1.9,"14th warmest",61,
237976,"Springfield Wso Ap","Springfield","MO",37.23983,-93.38995,"Nov 29, 2025","Feb 28, 2026","3_MONTH","Past Three Months",129,50.4,3.4,"T-4th warmest",97,
238051,"Steffenville","","MO",39.97018,-91.88753,"Nov 29, 2025","Feb 28, 2026","3_MONTH","Past Three Months",127,40.7,3.1,"T-40th warmest",69,
238444,"Trenton","Trenton","MO",40.0825,-93.60861,"Nov 29, 2025","Feb 28, 2026","3_MONTH","Past Three Months",113,41.6,3.3,"19th warmest",83,
238577,"Vandalia","Vandalia","MO",39.31667,-91.48333,"Nov 29, 2025","Feb 28, 2026","3_MONTH","Past Three Months",67,41.5,2.4,"T-18th warmest",73,
238614,"Vichy Rolla Natl Ap","Vichy","MO",38.13178,-91.76468,"Nov 29, 2025","Feb 28, 2026","3_MONTH","Past Three Months",73,46.9,3.2,"T-10th warmest",86,
238754,"Wasola 5n","","MO",36.85814,-92.58758,"Nov 29, 2025","Feb 28, 2026","3_MONTH","Past Three Months",70,50.8,4.5,"T-9th warmest",87,
238805,"Weldon Spring Nws","Weldon Spring","MO",38.69893,-90.68287,"Nov 29, 2025","Feb 28, 2026","3_MONTH","Past Three Months",51,45.6,2.8,"T-11th warmest",78,
240075,"Alberton","","MT",47.00361,-114.47806,"Nov 29, 2025","Feb 28, 2026","3_MONTH","Past Three Months",35,41.1,5.4,"2nd warmest",94,
240622,"Bozeman Gallatin Fld","Bozeman","MT",45.78759,-111.16152,"Nov 29, 2025","Feb 28, 2026","3_MONTH","Past Three Months",81,44.2,11.1,"1st warmest",99,
240662,"West Glacier","West Glacier","MT",48.50028,-113.98472,"Nov 29, 2025","Feb 28, 2026","3_MONTH","Past Three Months",76,37.1,6.3,"1st warmest",99,
240802,"Billings Wtp","Billings","MT",45.77167,-108.48111,"Nov 29, 2025","Feb 28, 2026","3_MONTH","Past Three Months",123,47.9,10.0,"4th warmest",97,
240807,"Billings Intl Ap","Billings","MT",45.80721,-108.54618,"Nov 29, 2025","Feb 28, 2026","3_MONTH","Past Three Months",92,45.7,8.6,"2nd warmest",98,
241044,"Bozeman Montana St U","Bozeman","MT",45.66222,-111.04528,"Nov 29, 2025","Feb 28, 2026","3_MONTH","Past Three Months",131,46.6,11.9,"1st warmest",99,
241047,"Bozeman 6 W Exp Farm","Bozeman","MT",45.675,-111.155,"Nov 29, 2025","Feb 28, 2026","3_MONTH","Past Three Months",60,44.8,10.0,"1st warmest",98,
241084,"Brandenberg","Brandenberg","MT",45.81611,-106.23139,"Nov 29, 2025","Feb 28, 2026","3_MONTH","Past Three Months",68,43.7,7.1,"2nd warmest",97,
241102,"Bridger 2 N","Bridger","MT",45.32611,-108.90917,"Nov 29, 2025","Feb 28, 2026","3_MONTH","Past Three Months",102,46.5,9.8,"1st warmest",99,
241127,"Broadus","Broadus","MT",45.44417,-105.40722,"Nov 29, 2025","Feb 28, 2026","3_MONTH","Past Three Months",92,46.7,8.4,"2nd warmest",98,
241318,"Butte Bert Mooney Ap","Butte","MT",45.96436,-112.50147,"Nov 29, 2025","Feb 28, 2026","3_MONTH","Past Three Months",129,40.8,8.3,"1st warmest",99,
241737,"Choteau","Choteau","MT",47.82056,-112.19194,"Nov 29, 2025","Feb 28, 2026","3_MONTH","Past Three Months",105,44.5,6.5,"3rd warmest",97,
241758,"Circle","Circle","MT",47.4122,-105.59547,"Nov 29, 2025","Feb 28, 2026","3_MONTH","Past Three Months",62,35.8,4.9,"9th warmest",85,
241938,"Columbus","Columbus","MT",45.64444,-109.2675,"Nov 29, 2025","Feb 28, 2026","3_MONTH","Past Three Months",94,48.1,10.3,"1st warmest",99,
242173,"Cut Bank Ap","Cut Bank","MT",48.60355,-112.37663,"Nov 29, 2025","Feb 28, 2026","3_MONTH","Past Three Months",113,40.2,7.0,"5th warmest",96,
242404,"Dillon Ap","Dillon","MT",45.2584,-112.55454,"Nov 29, 2025","Feb 28, 2026","3_MONTH","Past Three Months",72,44.3,11.9,"1st warmest",99,
242409,"Dillion U Of Montana Western","Dillon","MT",45.209,-112.639,"Nov 29, 2025","Feb 28, 2026","3_MONTH","Past Three Months",124,44.6,10.8,"1st warmest",99,
242412,"Dillon 3 N","Dillon","MT",45.2584,-112.55454,"Nov 29, 2025","Feb 28, 2026","3_MONTH","Past Three Months",73,44.3,11.9,"1st warmest",99,
242550,"Dunkirk 19nne","","MT",48.71667,-111.47472,"Nov 29, 2025","Feb 28, 2026","3_MONTH","Past Three Months",79,37.3,5.5,"5th warmest",94,
242793,"Ennis","Ennis","MT",45.33944,-111.71111,"Nov 29, 2025","Feb 28, 2026","3_MONTH","Past Three Months",106,45.6,10.9,"1st warmest",99,
243098,"Forsyth","Forsyth","MT",46.27194,-106.67444,"Nov 29, 2025","Feb 28, 2026","3_MONTH","Past Three Months",51,42.6,6.8,"4th warmest",92,
243110,"Ft Assinniboine","","MT",48.4982,-109.8014,"Nov 29, 2025","Feb 28, 2026","3_MONTH","Past Three Months",106,37.2,6.3,"11th warmest",90,
243113,"Ft Benton","","MT",47.8304,-110.6611,"Nov 29, 2025","Feb 28, 2026","3_MONTH","Past Three Months",102,44.2,7.7,"4th warmest",96,
243558,"Glasgow Intl Ap","Glasgow","MT",48.21416,-106.62139,"Nov 29, 2025","Feb 28, 2026","3_MONTH","Past Three Months",78,29.9,3.6,"20th warmest",74,
243581,"Glendive","Glendive","MT",47.1059,-104.71759,"Nov 29, 2025","Feb 28, 2026","3_MONTH","Past Three Months",128,35.3,3.6,"23rd warmest",82,
243727,"Grass Range","","MT",47.02583,-108.80306,"Nov 29, 2025","Feb 28, 2026","3_MONTH","Past Three Months",88,44.8,6.9,"T-6th warmest",93,
243751,"Great Falls Ap","Great Falls","MT",47.47327,-111.38281,"Nov 29, 2025","Feb 28, 2026","3_MONTH","Past Three Months",89,44.1,8.1,"2nd warmest",98,
243753,"Great Falls Wfo","Great Falls","MT",47.45972,-111.38472,"Nov 29, 2025","Feb 28, 2026","3_MONTH","Past Three Months",29,44,8.1,"1st warmest",97,
243915,"Hardin","Hardin","MT",45.7316,-107.6091,"Nov 29, 2025","Feb 28, 2026","3_MONTH","Past Three Months",70,48.2,9.7,"2nd warmest",97,
243996,"Havre Ap Asos","Havre","MT",48.54254,-109.76439,"Nov 29, 2025","Feb 28, 2026","3_MONTH","Past Three Months",65,38,7.0,"4th warmest",94,
244055,"Helena Ap Asos","Helena","MT",46.60444,-111.98921,"Nov 29, 2025","Feb 28, 2026","3_MONTH","Past Three Months",133,43.6,9.6,"1st warmest",99,
244084,"Heron 2 Nw","Heron","MT",48.08,-116.00139,"Nov 29, 2025","Feb 28, 2026","3_MONTH","Past Three Months",110,37.7,3.5,"4th warmest",96,
244241,"Holter Dam","","MT",46.99139,-112.01222,"Nov 29, 2025","Feb 28, 2026","3_MONTH","Past Three Months",119,46.3,8.5,"1st warmest",99,
244328,"Hungry Horse Dam","Hungry Horse","MT",48.3425,-114.02167,"Nov 29, 2025","Feb 28, 2026","3_MONTH","Past Three Months",79,37,5.4,"2nd warmest",97,
244345,"Huntley Exp Stn","Huntley","MT",45.92278,-108.24444,"Nov 29, 2025","Feb 28, 2026","3_MONTH","Past Three Months",110,46.6,9.8,"3rd warmest",97,
244364,"Hysham 25 Sse","","MT",45.93528,-107.1375,"Nov 29, 2025","Feb 28, 2026","3_MONTH","Past Three Months",57,44.4,8.9,"2nd warmest",96,
244386,"Ingomar 14 Ne","Ingomar","MT",46.5676,-107.195,"Nov 29, 2025","Feb 28, 2026","3_MONTH","Past Three Months",65,43,8.7,"2nd warmest",97,
244558,"Kalispell Glacier Ap","Kalispell","MT",48.30408,-114.26426,"Nov 29, 2025","Feb 28, 2026","3_MONTH","Past Three Months",125,37.3,4.8,"T-2nd warmest",98,
244978,"Lewistown 11 Sse","Lewistown","MT",46.90556,-109.41139,"Nov 29, 2025","Feb 28, 2026","3_MONTH","Past Three Months",23,42.2,5.3,"1st warmest",96,
244985,"Lewistown Ap","Lewistown","MT",47.05443,-109.45654,"Nov 29, 2025","Feb 28, 2026","3_MONTH","Past Three Months",122,42.1,7.1,"8th warmest",93,
245011,"Libby Dam Base","Libby","MT",48.41,-115.31806,"Nov 29, 2025","Feb 28, 2026","3_MONTH","Past Three Months",39,39.9,3.8,"1st warmest",97,
245080,"Livingston 12 S","Livingston","MT",45.4955,-110.559,"Nov 29, 2025","Feb 28, 2026","3_MONTH","Past Three Months",41,43.2,7.4,"1st warmest",98,
245086,"Livingston Ap","","MT",45.69835,-110.44154,"Nov 29, 2025","Feb 28, 2026","3_MONTH","Past Three Months",77,45.5,7.9,"2nd warmest",97,
245603,"Melville 4 W","Melville","MT",46.10472,-110.05,"Nov 29, 2025","Feb 28, 2026","3_MONTH","Past Three Months",65,42.8,8.3,"1st warmest",98,
245668,"Mildred 5 N","Mildred","MT",46.7698,-105.03414,"Nov 29, 2025","Feb 28, 2026","3_MONTH","Past Three Months",41,38.3,6.9,"T-3rd warmest",93,
245690,"Miles City Ap","Miles City","MT",46.42647,-105.88333,"Nov 29, 2025","Feb 28, 2026","3_MONTH","Past Three Months",88,39.3,6.6,"T-5th warmest",94,
245740,"Missoula 6 Nw Wfo","Missoula","MT",46.92444,-114.09111,"Nov 29, 2025","Feb 28, 2026","3_MONTH","Past Three Months",88,40.6,6.4,"3rd warmest",97,
245745,"Missoula Intl Ap","Missoula","MT",46.92076,-114.09376,"Nov 29, 2025","Feb 28, 2026","3_MONTH","Past Three Months",77,41,7.9,"1st warmest",99,
245870,"Moorhead 9 Ne","","MT",45.17583,-105.75167,"Nov 29, 2025","Feb 28, 2026","3_MONTH","Past Three Months",57,44.4,8.2,"2nd warmest",96,
245961,"Mystic Lake","","MT",45.24361,-109.73111,"Nov 29, 2025","Feb 28, 2026","3_MONTH","Past Three Months",101,40.3,6.4,"4th warmest",96,
246157,"Norris Madison Ph","Norris","MT",45.48556,-111.6325,"Nov 29, 2025","Feb 28, 2026","3_MONTH","Past Three Months",114,46.8,7.4,"2nd warmest",98,
246640,"Polson Kerr Dam","Polson","MT",47.6775,-114.24194,"Nov 29, 2025","Feb 28, 2026","3_MONTH","Past Three Months",73,39.5,5.9,"T-3rd warmest",96,
246647,"Pompeys Pillar 18 N","Pompeys Pillar","MT",46.1971,-108.004,"Nov 29, 2025","Feb 28, 2026","3_MONTH","Past Three Months",26,44,8.7,"1st warmest",96,
246691,"Powderville 8 Nne","Powderville","MT",45.8525,-105.035,"Nov 29, 2025","Feb 28, 2026","3_MONTH","Past Three Months",60,42.2,7.6,"1st warmest",98,
246918,"Red Lodge","","MT",45.1769,-109.2571,"Nov 29, 2025","Feb 28, 2026","3_MONTH","Past Three Months",118,44.5,7.9,"1st warmest",99,
247034,"Ridgeway 1 S","","MT",45.50222,-104.44778,"Nov 29, 2025","Feb 28, 2026","3_MONTH","Past Three Months",64,40.1,7.7,"2nd warmest",97,
247263,"Ryegate 18 Nnw","Ryegate","MT",46.53333,-109.34417,"Nov 29, 2025","Feb 28, 2026","3_MONTH","Past Three Months",64,42.7,6.0,"2nd warmest",97,
247620,"Simpson 6 N Wildhorse","","MT",48.99917,-110.21472,"Nov 29, 2025","Feb 28, 2026","3_MONTH","Past Three Months",85,31.9,4.9,"21st warmest",75,
247864,"Stanford","Stanford","MT",47.15499,-110.22386,"Nov 29, 2025","Feb 28, 2026","3_MONTH","Past Three Months",50,43.4,5.5,"3rd warmest",94,
248165,"Terry","Terry","MT",46.794,-105.3021,"Nov 29, 2025","Feb 28, 2026","3_MONTH","Past Three Months",67,38.2,6.7,"6th warmest",91,
248211,"Thompson Falls Ph","Thompson Falls","MT",47.59333,-115.35944,"Nov 29, 2025","Feb 28, 2026","3_MONTH","Past Three Months",70,40,4.6,"11th warmest",84,
248415,"Turner 11n","Turner","MT",48.99917,-108.38944,"Nov 29, 2025","Feb 28, 2026","3_MONTH","Past Three Months",39,33.1,4.8,"7th warmest",82,
248498,"Valentine","","MT",47.33889,-108.49833,"Nov 29, 2025","Feb 28, 2026","3_MONTH","Past Three Months",59,41.7,7.0,"4th warmest",93,
248809,"West Glacier","West Glacier","MT",48.50028,-113.98472,"Nov 29, 2025","Feb 28, 2026","3_MONTH","Past Three Months",75,37.1,6.3,"1st warmest",99,
249187,"Yaak 9nne","Yaak","MT",48.96528,-115.62667,"Nov 29, 2025","Feb 28, 2026","3_MONTH","Past Three Months",23,34.7,4.4,"1st warmest",96,
250050,"Ainsworth","Ainsworth","NE",42.54669,-99.85161,"Nov 29, 2025","Feb 28, 2026","3_MONTH","Past Three Months",108,44.2,5.7,"T-2nd warmest",98,
250435,"Auburn 5 Ese","","NE",40.37028,-95.74667,"Nov 29, 2025","Feb 28, 2026","3_MONTH","Past Three Months",122,42.8,4.8,"21st warmest",83,
251345,"Burwell","","NE",41.76658,-99.17662,"Nov 29, 2025","Feb 28, 2026","3_MONTH","Past Three Months",65,46.6,10.5,"1st warmest",98,
251361,"Bushnell 15s","Bushnell","NE",41.01028,-103.87694,"Nov 29, 2025","Feb 28, 2026","3_MONTH","Past Three Months",24,48.1,9.6,"1st warmest",96,
251575,"Chadron 3sw","","NE",42.80833,-103.05333,"Nov 29, 2025","Feb 28, 2026","3_MONTH","Past Three Months",36,48.7,9.2,"1st warmest",97,
251684,"Clay Ctr","","NE",40.5208,-98.0536,"Nov 29, 2025","Feb 28, 2026","3_MONTH","Past Three Months",53,44.7,6.6,"1st warmest",98,
251825,"Columbus 3 Ne","Columbus","NE",41.46389,-97.32778,"Nov 29, 2025","Feb 28, 2026","3_MONTH","Past Three Months",126,41.3,6.4,"T-9th warmest",93,
252020,"Crete","Crete","NE",40.6092,-96.872,"Nov 29, 2025","Feb 28, 2026","3_MONTH","Past Three Months",125,43.7,6.3,"11th warmest",91,
252065,"Culbertson","Culbertson","NE",40.23154,-100.83026,"Nov 29, 2025","Feb 28, 2026","3_MONTH","Past Three Months",115,52,9.2,"1st warmest",99,
252595,"Elgin","","NE",41.98722,-98.07472,"Nov 29, 2025","Feb 28, 2026","3_MONTH","Past Three Months",36,42.1,7.8,"T-3rd warmest",92,
252850,"Falls City 2 Ne","","NE",40.08333,-95.6,"Nov 29, 2025","Feb 28, 2026","3_MONTH","Past Three Months",44,44.1,4.7,"7th warmest",84,
253050,"Fremont","Fremont","NE",41.43,-96.46694,"Nov 29, 2025","Feb 28, 2026","3_MONTH","Past Three Months",126,40.8,5.4,"T-14th warmest",89,
253065,"Friend 3e","Friend","NE",40.65583,-97.22083,"Nov 29, 2025","Feb 28, 2026","3_MONTH","Past Three Months",23,41.9,6.1,"2nd warmest",91,
253395,"Grand Island Ctr Ne Ap","Grand Island","NE",40.96146,-98.31304,"Nov 29, 2025","Feb 28, 2026","3_MONTH","Past Three Months",92,46.1,7.6,"1st warmest",99,
253425,"Greeley","Greeley","NE",41.54611,-98.53306,"Nov 29, 2025","Feb 28, 2026","3_MONTH","Past Three Months",77,44.1,7.6,"3rd warmest",96,
253467,"Gretna 4ne","Gretna","NE",41.12713,-96.24744,"Nov 29, 2025","Feb 28, 2026","3_MONTH","Past Three Months",25,40.3,4.8,"2nd warmest",92,
253660,"Hastings 4n","Hastings","NE",40.6471,-98.3835,"Nov 29, 2025","Feb 28, 2026","3_MONTH","Past Three Months",110,45.6,7.7,"3rd warmest",97,
253690,"Hayes Center 1nw","Hayes Center","NE",40.52315,-101.03456,"Nov 29, 2025","Feb 28, 2026","3_MONTH","Past Three Months",118,51.5,10.3,"1st warmest",99,
253735,"Hebron","Hebron","NE",40.175,-97.59028,"Nov 29, 2025","Feb 28, 2026","3_MONTH","Past Three Months",130,45,5.5,"2nd warmest",98,
253910,"Holdrege","Holdrege","NE",40.45167,-99.38028,"Nov 29, 2025","Feb 28, 2026","3_MONTH","Past Three Months",119,48.4,9.5,"1st warmest",99,
254110,"Imperial","Imperial","NE",40.50905,-101.65147,"Nov 29, 2025","Feb 28, 2026","3_MONTH","Past Three Months",126,53.5,10.1,"1st warmest",99,
254111,"Imperial Faa Ap","Imperial","NE",40.51063,-101.62432,"Nov 29, 2025","Feb 28, 2026","3_MONTH","Past Three Months",46,53.6,10.7,"1st warmest",98,
254455,"Kingsley Dam","","NE",41.20972,-101.67056,"Nov 29, 2025","Feb 28, 2026","3_MONTH","Past Three Months",82,48.7,10.6,"1st warmest",99,
254795,"Lincoln Ap","Lincoln","NE",40.84781,-96.76467,"Nov 29, 2025","Feb 28, 2026","3_MONTH","Past Three Months",60,43.6,5.0,"6th warmest",90,
255310,"Mc Cook","McCook","NE",40.22887,-100.61,"Nov 29, 2025","Feb 28, 2026","3_MONTH","Past Three Months",52,52.6,9.5,"1st warmest",98,
255362,"Mead 6s","Mead","NE",41.14306,-96.48083,"Nov 29, 2025","Feb 28, 2026","3_MONTH","Past Three Months",55,42.7,6.9,"2nd warmest",96,
255565,"Minden","Minden","NE",40.51556,-98.95139,"Nov 29, 2025","Feb 28, 2026","3_MONTH","Past Three Months",122,47.2,9.9,"2nd warmest",98,
255995,"Norfolk Ap","Norfolk","NE",41.97988,-97.4335,"Nov 29, 2025","Feb 28, 2026","3_MONTH","Past Three Months",81,41.9,6.7,"2nd warmest",98,
256065,"North Platte Rgnl Ap","North Platte","NE",41.12199,-100.66895,"Nov 29, 2025","Feb 28, 2026","3_MONTH","Past Three Months",78,50.9,8.6,"1st warmest",99,
256200,"Ogallala","Ogallala","NE",41.1275,-101.72056,"Nov 29, 2025","Feb 28, 2026","3_MONTH","Past Three Months",97,51.4,10.1,"1st warmest",99,
256255,"Omaha Eppley Airfield","Omaha","NE",41.31186,-95.90186,"Nov 29, 2025","Feb 28, 2026","3_MONTH","Past Three Months",91,41.6,4.8,"8th warmest",91,
256375,"Osceola","Osceola","NE",41.1844,-97.5514,"Nov 29, 2025","Feb 28, 2026","3_MONTH","Past Three Months",98,43,6.1,"T-7th warmest",93,
257665,"Scottsbluff Ap","Scottsbluff","NE",41.87466,-103.60112,"Nov 29, 2025","Feb 28, 2026","3_MONTH","Past Three Months",129,51.2,8.6,"1st warmest",99,
257667,"Scottsbluff 1e","Scottsbluff","NE",41.86444,-103.63972,"Nov 29, 2025","Feb 28, 2026","3_MONTH","Past Three Months",24,50.7,9.2,"1st warmest",96,
257835,"Sidney 3 S","Sidney","NE",41.09926,-102.98642,"Nov 29, 2025","Feb 28, 2026","3_MONTH","Past Three Months",62,51.7,9.4,"1st warmest",98,
258090,"Springview","Springview","NE",42.8389,-99.7781,"Nov 29, 2025","Feb 28, 2026","3_MONTH","Past Three Months",86,43,6.9,"3rd warmest",97,
258410,"Table Rock 4 N","Table Rock","NE",40.2381,-96.0847,"Nov 29, 2025","Feb 28, 2026","3_MONTH","Past Three Months",25,42.8,4.2,"5th warmest",80,
258628,"Trenton Dam","Trenton","NE",40.19032,-101.06684,"Nov 29, 2025","Feb 28, 2026","3_MONTH","Past Three Months",69,53,9.9,"1st warmest",99,
258751,"Valentine #1","Valentine","NE",42.87528,-100.55167,"Nov 29, 2025","Feb 28, 2026","3_MONTH","Past Three Months",22,45.1,7.9,"1st warmest",95,
258760,"Valentine Miller Ap","Valentine","NE",42.85855,-100.55141,"Nov 29, 2025","Feb 28, 2026","3_MONTH","Past Three Months",136,46.5,7.1,"1st warmest",99,
258795,"Valley 1wnw","Valley","NE",41.31972,-96.36722,"Nov 29, 2025","Feb 28, 2026","3_MONTH","Past Three Months",32,41.7,5.8,"2nd warmest",94,
258915,"Wakefield","Wakefield","NE",42.30168,-96.90022,"Nov 29, 2025","Feb 28, 2026","3_MONTH","Past Three Months",120,40.2,5.6,"8th warmest",93,
262251,"Desert Rock Ap","Mercury","NV",36.62056,-116.02778,"Nov 29, 2025","Feb 28, 2026","3_MONTH","Past Three Months",38,62.2,5.1,"1st warmest",97,
262570,"Elko - Nws","Elko","NV",40.86028,-115.7425,"Nov 29, 2025","Feb 28, 2026","3_MONTH","Past Three Months",27,48.1,9.8,"1st warmest",96,
262573,"Elko Rgnl Ap","Elko","NV",40.82402,-115.78635,"Nov 29, 2025","Feb 28, 2026","3_MONTH","Past Three Months",126,48.3,8.7,"3rd warmest",98,
262631,"Ely Airport","Ely","NV",39.29537,-114.84666,"Nov 29, 2025","Feb 28, 2026","3_MONTH","Past Three Months",99,49.5,7.6,"1st warmest",99,
262708,"Eureka","Eureka","NV",39.51694,-115.96222,"Nov 29, 2025","Feb 28, 2026","3_MONTH","Past Three Months",96,46.9,8.5,"2nd warmest",98,
262710,"Eureka Ap","Eureka","NV",39.60111,-116.00528,"Nov 29, 2025","Feb 28, 2026","3_MONTH","Past Three Months",29,49.7,9.5,"1st warmest",97,
263114,"Gibbs Rch Jarbidge24se","","NV",41.56972,-115.21111,"Nov 29, 2025","Feb 28, 2026","3_MONTH","Past Three Months",49,44.7,6.9,"T-1st warmest",98,
263671,"Hiko","Hiko","NV",37.55806,-115.22361,"Nov 29, 2025","Feb 28, 2026","3_MONTH","Past Three Months",34,60.4,7.6,"1st warmest",97,
264436,"Las Vegas Ap","Las Vegas","NV",36.0719,-115.16343,"Nov 29, 2025","Feb 28, 2026","3_MONTH","Past Three Months",78,64.7,5.4,"2nd warmest",97,
264700,"Lovelock Derby Fld","Lovelock","NV",40.06843,-118.57018,"Nov 29, 2025","Feb 28, 2026","3_MONTH","Past Three Months",70,52.5,6.9,"1st warmest",99,
265168,"Mina","Mina","NV",38.3878,-118.1091,"Nov 29, 2025","Feb 28, 2026","3_MONTH","Past Three Months",107,55.3,5.2,"2nd warmest",98,
265818,"Orovada 3 W","","NV",41.56778,-117.83861,"Nov 29, 2025","Feb 28, 2026","3_MONTH","Past Three Months",99,50.7,6.9,"1st warmest",99,
265846,"Overton","Overton","NV",36.55083,-114.45806,"Nov 29, 2025","Feb 28, 2026","3_MONTH","Past Three Months",54,66.7,3.6,"2nd warmest",96,
266779,"Reno Ap","Reno","NV",39.50769,-119.76829,"Nov 29, 2025","Feb 28, 2026","3_MONTH","Past Three Months",89,53.8,5.1,"2nd warmest",98,
268160,"Tonopah","Tonopah","NV",38.0694,-117.2355,"Nov 29, 2025","Feb 28, 2026","3_MONTH","Past Three Months",43,49.6,7.3,"1st warmest",98,
268170,"Tonopah Ap","Tonopah","NV",38.05049,-117.09063,"Nov 29, 2025","Feb 28, 2026","3_MONTH","Past Three Months",72,52.6,6.1,"2nd warmest",97,
268761,"Virginia City","Virginia City","NV",39.31278,-119.64833,"Nov 29, 2025","Feb 28, 2026","3_MONTH","Past Three Months",60,46.4,5.0,"3rd warmest",95,
269168,"Winnemucca 3ssw","Winnemucca","NV",40.93861,-117.75139,"Nov 29, 2025","Feb 28, 2026","3_MONTH","Past Three Months",26,52,8.8,"1st warmest",96,
269171,"Winnemucca Ap","","NV",40.90178,-117.80812,"Nov 29, 2025","Feb 28, 2026","3_MONTH","Past Three Months",77,52.7,7.4,"1st warmest",99,
270690,"Berlin","Berlin","NH",44.4535,-71.18552,"Nov 29, 2025","Feb 28, 2026","3_MONTH","Past Three Months",111,27.4,-2.4,"28th coldest",24,
270694,"Berlin Ap","Berlin","NH",44.57604,-71.1782,"Nov 29, 2025","Feb 28, 2026","3_MONTH","Past Three Months",24,26.8,-3.2,"5th coldest",17,
272800,"Epping","Epping","NH",43.03043,-71.08337,"Nov 29, 2025","Feb 28, 2026","3_MONTH","Past Three Months",60,33.1,-2.4,"T-9th coldest",15,
274234,"Hudson 1 Sse","Hudson","NH",42.78306,-71.41472,"Nov 29, 2025","Feb 28, 2026","3_MONTH","Past Three Months",40,33.7,-2.7,"6th coldest",12,
274480,"Lakeport 2","Laconia","NH",43.54917,-71.46417,"Nov 29, 2025","Feb 28, 2026","3_MONTH","Past Three Months",43,30,-3.5,"4th coldest",7,
274656,"Lebanon Faa Ap","Lebanon","NH",43.62707,-72.30537,"Nov 29, 2025","Feb 28, 2026","3_MONTH","Past Three Months",68,33,-0.4,"T-25th warmest",63,
275995,"North Conway","North Conway","NH",44.0562,-71.1297,"Nov 29, 2025","Feb 28, 2026","3_MONTH","Past Three Months",66,30.5,-2.7,"T-11th coldest",17,
276818,"Pinkham Notch","","NH",44.258,-71.2525,"Nov 29, 2025","Feb 28, 2026","3_MONTH","Past Three Months",93,24.7,-4.1,"13th coldest",13,
277833,"Salisbury","Salisbury","NH",43.3544,-71.7363,"Nov 29, 2025","Feb 28, 2026","3_MONTH","Past Three Months",26,29.8,-4.2,"2nd coldest",4,
278614,"Tamworth 4","","NH",43.86434,-71.26628,"Nov 29, 2025","Feb 28, 2026","3_MONTH","Past Three Months",26,30.3,-1.6,"4th coldest",12,
280311,"Atlantic City Intl Ap","Atlantic City","NJ",39.45203,-74.56701,"Nov 29, 2025","Feb 28, 2026","3_MONTH","Past Three Months",68,41.8,-4.1,"T-17th coldest",26,
280325,"Atlantic City","Atlantic City","NJ",39.37917,-74.42417,"Nov 29, 2025","Feb 28, 2026","3_MONTH","Past Three Months",125,40.5,-3.5,"T-20th coldest",17,
280734,"Belvidere Brg","Belvidere","NJ",40.82917,-75.08361,"Nov 29, 2025","Feb 28, 2026","3_MONTH","Past Three Months",35,35,-4.4,"T-3rd coldest",9,
280907,"Boonton 1 Se","Boonton","NJ",40.9,-74.4,"Nov 29, 2025","Feb 28, 2026","3_MONTH","Past Three Months",101,35.4,-4.8,"10th coldest",9,
282805,"Estell Manor","Estell Manor","NJ",39.38293,-74.82932,"Nov 29, 2025","Feb 28, 2026","3_MONTH","Past Three Months",59,41.9,-3.8,"T-11th coldest",19,
284987,"Long Branch Oakhurst","New York--Newark","NJ",40.27972,-74.00472,"Nov 29, 2025","Feb 28, 2026","3_MONTH","Past Three Months",103,38,-6.1,"9th coldest",8,
285581,"Millville Muni Ap","Millville","NJ",39.36623,-75.07778,"Nov 29, 2025","Feb 28, 2026","3_MONTH","Past Three Months",73,40.1,-4.5,"7th coldest",8,
286026,"Newark Intl Ap","New York--Newark","NJ",40.68275,-74.16927,"Nov 29, 2025","Feb 28, 2026","3_MONTH","Past Three Months",95,39.2,-3.6,"T-29th coldest",31,
286055,"New Brunswick 3 Se","New Brunswick","NJ",40.47282,-74.42259,"Nov 29, 2025","Feb 28, 2026","3_MONTH","Past Three Months",58,38.1,-4.9,"10th coldest",16,
286864,"PENNSAUKEN 1N","Pennsauken Township","NJ",39.96617,-75.02186,"Nov 29, 2025","Feb 28, 2026","3_MONTH","Past Three Months",30,38.8,-4.4,"3rd coldest",7,
286964,"Philadelphia Mt Holly","Philadelphia","NJ",40.0135,-74.81796,"Nov 29, 2025","Feb 28, 2026","3_MONTH","Past Three Months",30,38.1,-3.5,"3rd coldest",7,
288201,"SOUTH JERSEY REGIONAL AIRPORT","Lumberton Township","NJ",39.94076,-74.84075,"Nov 29, 2025","Feb 28, 2026","3_MONTH","Past Three Months",24,38.9,-2.8,"1st coldest",1,
288887,"TRENTON-MERCER AIRPORT","Ewing Township","NJ",40.27681,-74.81587,"Nov 29, 2025","Feb 28, 2026","3_MONTH","Past Three Months",26,37,-7.2,"2nd coldest",4,
290131,"State Univ","Las Cruces","NM",32.2823,-106.7598,"Nov 29, 2025","Feb 28, 2026","3_MONTH","Past Three Months",131,65.7,5.4,"1st warmest",99,
290234,"Albuquerque Intl Ap","Albuquerque","NM",35.04167,-106.61528,"Nov 29, 2025","Feb 28, 2026","3_MONTH","Past Three Months",116,57.8,8.0,"1st warmest",99,
290600,"Artesia 6s","","NM",32.75472,-104.38361,"Nov 29, 2025","Feb 28, 2026","3_MONTH","Past Three Months",111,62.8,3.7,"T-9th warmest",92,
291664,"Chama","Chama","NM",36.91778,-106.57806,"Nov 29, 2025","Feb 28, 2026","3_MONTH","Past Three Months",115,45.6,6.9,"T-4th warmest",97,
291887,"Clayton Muni Arpk Ap","Clayton","NM",36.44834,-103.15366,"Nov 29, 2025","Feb 28, 2026","3_MONTH","Past Three Months",112,57.9,7.9,"1st warmest",99,
292440,"Deming Faa Ap","Deming","NM",32.25923,-107.72056,"Nov 29, 2025","Feb 28, 2026","3_MONTH","Past Three Months",46,65.6,6.8,"1st warmest",98,
293128,"Farmington Faa Ap","Farmington","NM",36.74354,-108.22931,"Nov 29, 2025","Feb 28, 2026","3_MONTH","Past Three Months",54,51,5.9,"1st warmest",98,
293422,"Gallup Muni Ap","Gallup","NM",35.50857,-108.79319,"Nov 29, 2025","Feb 28, 2026","3_MONTH","Past Three Months",51,54.3,7.5,"1st warmest",98,
293530,"Gila Hot Springs","Gila","NM",33.1975,-108.2075,"Nov 29, 2025","Feb 28, 2026","3_MONTH","Past Three Months",63,62.3,4.8,"1st warmest",98,
294009,"Hillsboro","Hillsboro","NM",32.9202,-107.5656,"Nov 29, 2025","Feb 28, 2026","3_MONTH","Past Three Months",81,61.3,5.3,"3rd warmest",96,
294150,"Hot Springs Caa Ap","","NM",33.23685,-107.26849,"Nov 29, 2025","Feb 28, 2026","3_MONTH","Past Three Months",55,62.6,6.2,"1st warmest",98,
294856,"Las Vegas Faa Ap","Las Vegas","NM",35.65582,-105.13853,"Nov 29, 2025","Feb 28, 2026","3_MONTH","Past Three Months",86,55.4,7.9,"1st warmest",99,
295150,"Los Lunas 3 Ssw","Los Lunas","NM",34.7675,-106.76111,"Nov 29, 2025","Feb 28, 2026","3_MONTH","Past Three Months",68,60.2,7.2,"1st warmest",99,
295908,"Moriarty 1 Ne","Moriarty","NM",35.01278,-106.045,"Nov 29, 2025","Feb 28, 2026","3_MONTH","Past Three Months",28,54.5,7.6,"1st warmest",96,
296061,"Navajo Dam","","NM",36.80472,-107.62139,"Nov 29, 2025","Feb 28, 2026","3_MONTH","Past Three Months",39,50.7,7.0,"1st warmest",97,
296687,"Pedernal 9 E","","NM",34.61528,-105.47389,"Nov 29, 2025","Feb 28, 2026","3_MONTH","Past Three Months",69,56.1,8.2,"1st warmest",99,
297008,"Portales","Portales","NM",34.17417,-103.35194,"Nov 29, 2025","Feb 28, 2026","3_MONTH","Past Three Months",108,64.9,8.3,"1st warmest",99,
297283,"Raton Wb Ap","Raton","NM",36.74177,-104.50764,"Nov 29, 2025","Feb 28, 2026","3_MONTH","Past Three Months",38,55.1,7.6,"1st warmest",97,
297340,"Redrock 1 Nne","Redrock","NM",32.7047,-108.728,"Nov 29, 2025","Feb 28, 2026","3_MONTH","Past Three Months",68,67.2,6.3,"1st warmest",99,
297610,"Roswell Ind Ap","Roswell","NM",33.30735,-104.50817,"Nov 29, 2025","Feb 28, 2026","3_MONTH","Past Three Months",70,62.2,3.3,"3rd warmest",96,
298078,"Santa Fe Caa Ap","Santa Fe","NM",35.61096,-106.09574,"Nov 29, 2025","Feb 28, 2026","3_MONTH","Past Three Months",43,52.6,6.7,"1st warmest",98,
298088,"Santa Fe Seton","Santa Fe","NM",35.60083,-105.93222,"Nov 29, 2025","Feb 28, 2026","3_MONTH","Past Three Months",24,50.9,6.9,"1st warmest",96,
298127,"Santa Teresa Ap","","NM",31.87278,-106.69806,"Nov 29, 2025","Feb 28, 2026","3_MONTH","Past Three Months",24,64.7,5.8,"1st warmest",96,
298192,"Selsor Rch","","NM",35.9477,-106.7469,"Nov 29, 2025","Feb 28, 2026","3_MONTH","Past Three Months",93,46.8,8.1,"1st warmest",99,
298330,"Silver City Wb Ap","Silver City","NM",32.63333,-108.16667,"Nov 29, 2025","Feb 28, 2026","3_MONTH","Past Three Months",24,61.1,4.5,"1st warmest",96,
298535,"State Univ","Las Cruces","NM",32.2823,-106.7598,"Nov 29, 2025","Feb 28, 2026","3_MONTH","Past Three Months",130,65.7,5.4,"1st warmest",99,
299129,"Truth Or Consequences","","NM",33.23685,-107.26849,"Nov 29, 2025","Feb 28, 2026","3_MONTH","Past Three Months",54,62.6,6.2,"1st warmest",98,
299153,"Tucumcari Faa Ap","Tucumcari","NM",35.18052,-103.60144,"Nov 29, 2025","Feb 28, 2026","3_MONTH","Past Three Months",52,62.8,7.9,"1st warmest",98,
299820,"Wolf Canyon","","NM",35.94778,-106.74694,"Nov 29, 2025","Feb 28, 2026","3_MONTH","Past Three Months",92,46.8,8.1,"1st warmest",99,
299851,"Yeso 2 S","Yeso","NM",34.40306,-104.61278,"Nov 29, 2025","Feb 28, 2026","3_MONTH","Past Three Months",36,60.8,6.3,"1st warmest",97,
300042,"Albany Intl Ap","Albany","NY",42.74722,-73.79913,"Nov 29, 2025","Feb 28, 2026","3_MONTH","Past Three Months",88,31.4,-4.4,"24th coldest",26,
300055,"Albion 2 Ne","Albion","NY",43.26338,-78.21527,"Nov 29, 2025","Feb 28, 2026","3_MONTH","Past Three Months",75,31.9,-4.0,"18th coldest",23,
300063,"Alcove Dam","","NY",42.46972,-73.92667,"Nov 29, 2025","Feb 28, 2026","3_MONTH","Past Three Months",74,31.2,-3.0,"15th coldest",19,
300321,"Auburn","Auburn","NY",42.93278,-76.54472,"Nov 29, 2025","Feb 28, 2026","3_MONTH","Past Three Months",106,30.4,-3.7,"15th coldest",13,
300343,"Avon","Avon","NY",42.92,-77.75556,"Nov 29, 2025","Feb 28, 2026","3_MONTH","Past Three Months",95,30.6,-4.3,"10th coldest",9,
300687,"Binghamton Greater Ap","Binghamton","NY",42.20678,-75.97993,"Nov 29, 2025","Feb 28, 2026","3_MONTH","Past Three Months",78,28.7,-3.5,"T-17th coldest",23,
300937,"Brockport","Brockport","NY",43.216,-77.9529,"Nov 29, 2025","Feb 28, 2026","3_MONTH","Past Three Months",91,30.8,-4.5,"15th coldest",15,
301012,"Buffalo Niagara Intl","Buffalo","NY",42.93998,-78.73606,"Nov 29, 2025","Feb 28, 2026","3_MONTH","Past Three Months",88,31.3,-3.1,"20th coldest",22,
301152,"Canandaigua 3 S","Canandaigua","NY",42.845,-77.28083,"Nov 29, 2025","Feb 28, 2026","3_MONTH","Past Three Months",82,32,-3.4,"16th coldest",18,
301309,"Centerport","Centerport","NY",40.88389,-73.37222,"Nov 29, 2025","Feb 28, 2026","3_MONTH","Past Three Months",22,36.5,-4.0,"2nd coldest",5,
301625,"Colden 1w","Colden","NY",42.64722,-78.71111,"Nov 29, 2025","Feb 28, 2026","3_MONTH","Past Three Months",21,28.8,-3.1,"4th coldest",14,
301752,"Cooperstown","Cooperstown","NY",42.71667,-74.92667,"Nov 29, 2025","Feb 28, 2026","3_MONTH","Past Three Months",119,27.6,1.4,"6th coldest",4,
301974,"Dansville","Dansville","NY",42.56556,-77.7175,"Nov 29, 2025","Feb 28, 2026","3_MONTH","Past Three Months",100,32.9,-4.3,"14th coldest",13,
301979,"Dansville Ap","Dansville","NY",42.56985,-77.71426,"Nov 29, 2025","Feb 28, 2026","3_MONTH","Past Three Months",29,35.3,-1.9,"7th coldest",21,
302198,"Dunkirk Pwr Plt","Dunkirk--Fredonia","NY",42.4932,-79.27623,"Nov 29, 2025","Feb 28, 2026","3_MONTH","Past Three Months",30,32.9,-3.4,"6th coldest",17,
302454,"East Sidney","","NY",42.33278,-75.22972,"Nov 29, 2025","Feb 28, 2026","3_MONTH","Past Three Months",23,30.7,-3.6,"3rd coldest",9,
302610,"Elmira","Elmira","NY",42.09972,-76.83583,"Nov 29, 2025","Feb 28, 2026","3_MONTH","Past Three Months",126,32.8,-3.5,"24th coldest",18,
302615,"Elmira Faa Ap","Elmira","NY",42.15658,-76.90291,"Nov 29, 2025","Feb 28, 2026","3_MONTH","Past Three Months",41,32.8,-3.6,"9th coldest",20,
303294,"Glens Falls Ap","Glens Falls","NY",43.33849,-73.61024,"Nov 29, 2025","Feb 28, 2026","3_MONTH","Past Three Months",81,29.7,-3.2,"T-20th coldest",26,
303851,"Highmarket","","NY",43.60514,-75.55438,"Nov 29, 2025","Feb 28, 2026","3_MONTH","Past Three Months",25,23.1,-4.8,"1st coldest",1,
303983,"Hornell Almond Dam","Hornell","NY",42.34889,-77.70444,"Nov 29, 2025","Feb 28, 2026","3_MONTH","Past Three Months",26,29.5,-3.4,"5th coldest",15,
304102,"Indian Lake 2sw","Indian Lake","NY",43.75477,-74.27558,"Nov 29, 2025","Feb 28, 2026","3_MONTH","Past Three Months",121,24.6,-3.5,"11th coldest",8,
304130,"Islip Li Macarthur Ap","Islip","NY",40.79389,-73.10167,"Nov 29, 2025","Feb 28, 2026","3_MONTH","Past Three Months",42,38.1,-3.6,"T-4th coldest",10,
304174,"Ithaca Cornell Univ","Ithaca","NY",42.44917,-76.44917,"Nov 29, 2025","Feb 28, 2026","3_MONTH","Past Three Months",124,30.1,-3.5,"T-14th coldest",12,
304207,"Jamestown 4 Ene","","NY",42.10972,-79.15861,"Nov 29, 2025","Feb 28, 2026","3_MONTH","Past Three Months",46,31,-3.9,"11th coldest",22,
304555,"Lake Placid 2 S","Lake Placid","NY",44.3042,-73.9839,"Nov 29, 2025","Feb 28, 2026","3_MONTH","Past Three Months",104,23,-3.5,"T-10th coldest",10,
304808,"Little Valley","Little Valley","NY",42.24722,-78.8125,"Nov 29, 2025","Feb 28, 2026","3_MONTH","Past Three Months",78,29.5,-3.5,"9th coldest",10,
304844,"Lockport 3 S","Lockport","NY",43.18769,-78.60912,"Nov 29, 2025","Feb 28, 2026","3_MONTH","Past Three Months",110,30.4,-5.1,"13th coldest",11,
304912,"Lowville","Lowville","NY",43.7929,-75.4829,"Nov 29, 2025","Feb 28, 2026","3_MONTH","Past Three Months",126,27,-2.5,"26th coldest",20,
304996,"Malone","Malone","NY",44.8418,-74.306,"Nov 29, 2025","Feb 28, 2026","3_MONTH","Past Three Months",43,25.2,-2.2,"T-9th coldest",21,
305134,"Massena Ap","Massena","NY",44.93341,-74.84836,"Nov 29, 2025","Feb 28, 2026","3_MONTH","Past Three Months",75,25.4,-3.4,"T-19th coldest",25,
305801,"Ny City Cntrl Park","New York","NY",40.77898,-73.96925,"Nov 29, 2025","Feb 28, 2026","3_MONTH","Past Three Months",157,38.1,-4.1,"T-39th coldest",25,
305803,"New York Jfk Intl Ap","New York","NY",40.63915,-73.7639,"Nov 29, 2025","Feb 28, 2026","3_MONTH","Past Three Months",64,37.8,-4.3,"6th coldest",8,
305811,"New York La Guardia Ap","New York","NY",40.77945,-73.88027,"Nov 29, 2025","Feb 28, 2026","3_MONTH","Past Three Months",78,38.2,-4.7,"T-14th coldest",18,
306085,"Norwich","Norwich","NY",42.51167,-75.51972,"Nov 29, 2025","Feb 28, 2026","3_MONTH","Past Three Months",112,26.9,-7.2,"2nd coldest",1,
306196,"Olean","Olean","NY",42.07361,-78.45194,"Nov 29, 2025","Feb 28, 2026","3_MONTH","Past Three Months",24,30.6,-3.9,"5th coldest",17,
306774,"Port Jervis","Port Jervis","NY",41.3891,-74.6905,"Nov 29, 2025","Feb 28, 2026","3_MONTH","Past Three Months",131,32.4,-4.3,"T-6th coldest",5,
306820,"Poughkeepsie","Poughkeepsie--Newburgh","NY",41.72682,-73.92019,"Nov 29, 2025","Feb 28, 2026","3_MONTH","Past Three Months",76,34.8,-3.3,"17th coldest",21,
307134,"Riverhead Rsch Fm","Riverhead","NY",40.96194,-72.71583,"Nov 29, 2025","Feb 28, 2026","3_MONTH","Past Three Months",85,38.1,-4.1,"18th coldest",20,
307167,"Rochester Intl Ap","Rochester","NY",43.11723,-77.67539,"Nov 29, 2025","Feb 28, 2026","3_MONTH","Past Three Months",100,31.8,-4.1,"25th coldest",24,
308383,"Syracuse Hancock  Ap","Syracuse","NY",43.1111,-76.10384,"Nov 29, 2025","Feb 28, 2026","3_MONTH","Past Three Months",88,31.4,-2.9,"T-21st coldest",24,
308910,"Wales","","NY",42.7392,-78.5878,"Nov 29, 2025","Feb 28, 2026","3_MONTH","Past Three Months",40,30.5,-3.4,"T-9th coldest",22,
308932,"Walton 2","Walton","NY",42.18472,-75.14556,"Nov 29, 2025","Feb 28, 2026","3_MONTH","Past Three Months",27,29.6,-4.5,"3rd coldest",7,
309072,"Wellsville","Wellsville","NY",42.11722,-77.9475,"Nov 29, 2025","Feb 28, 2026","3_MONTH","Past Three Months",23,30.7,-2.4,"T-4th coldest",17,
309442,"Whitney Point Dam","Whitney Point","NY",42.34167,-75.96528,"Nov 29, 2025","Feb 28, 2026","3_MONTH","Past Three Months",26,31.6,-3.2,"6th coldest",19,
310296,"Asheville Faa Ap","Fletcher","NC",35.43178,-82.53787,"Nov 29, 2025","Feb 28, 2026","3_MONTH","Past Three Months",74,50.9,-0.2,"T-30th warmest",59,
310300,"Asheville Ap","Fletcher","NC",35.43178,-82.53787,"Nov 29, 2025","Feb 28, 2026","3_MONTH","Past Three Months",74,50.9,-0.2,"T-30th warmest",59,
310627,"BEAUFORT - MICHAEL J. SMITH FIELD","Beaufort","NC",34.73258,-76.65659,"Nov 29, 2025","Feb 28, 2026","3_MONTH","Past Three Months",24,53.7,-3.4,"T-4th coldest",17,
310645,"Beech Mtn","Beech Mountain","NC",36.18738,-81.87409,"Nov 29, 2025","Feb 28, 2026","3_MONTH","Past Three Months",30,37.2,0.2,"T-13th coldest",43,
310982,"Boone 1 Se","Boone","NC",36.21395,-81.64563,"Nov 29, 2025","Feb 28, 2026","3_MONTH","Past Three Months",44,43.3,-0.4,"T-21st coldest",48,
311458,"Cape Hatteras Ap","Buxton","NC",35.23238,-75.62223,"Nov 29, 2025","Feb 28, 2026","3_MONTH","Past Three Months",69,53,-4.2,"T-19th coldest",28,
311624,"Celo 2 S","Celo","NC",35.82638,-82.1837,"Nov 29, 2025","Feb 28, 2026","3_MONTH","Past Three Months",61,51,3.6,"15th warmest",75,
311677,"Chapel Hill 2 W","Chapel Hill","NC",35.9086,-79.0794,"Nov 29, 2025","Feb 28, 2026","3_MONTH","Past Three Months",119,51.4,-1.6,"T-41st coldest",34,
311690,"Charlotte Douglas Ap","Charlotte","NC",35.22254,-80.95433,"Nov 29, 2025","Feb 28, 2026","3_MONTH","Past Three Months",84,54.5,-0.1,"T-32nd warmest",62,
311975,"Concord","Concord","NC",35.41374,-80.56383,"Nov 29, 2025","Feb 28, 2026","3_MONTH","Past Three Months",88,50.5,-4.6,"12th coldest",12,
312200,"Cullowhee","Cullowhee","NC",35.31167,-83.17472,"Nov 29, 2025","Feb 28, 2026","3_MONTH","Past Three Months",110,51.7,0.8,"T-43rd coldest",44,
312238,"Danbury","Danbury","NC",36.4301,-80.1789,"Nov 29, 2025","Feb 28, 2026","3_MONTH","Past Three Months",59,47.2,-3.1,"T-10th coldest",17,
312724,"Elizabeth City Coast Guard Air Stn","Elizabeth City","NC",36.25771,-76.1716,"Nov 29, 2025","Feb 28, 2026","3_MONTH","Past Three Months",62,50.7,-3.6,"T-14th coldest",26,
313017,"Fayetteville Pwc","Fayetteville","NC",35.05833,-78.85833,"Nov 29, 2025","Feb 28, 2026","3_MONTH","Past Three Months",118,55.5,-0.9,"50th coldest",42,
313152,"Forest City 8 W","Rutherfordton","NC",35.3125,-81.98889,"Nov 29, 2025","Feb 28, 2026","3_MONTH","Past Three Months",21,53.1,-0.8,"7th coldest",29,
313630,"Greensboro  Ap","Greensboro","NC",36.0969,-79.94316,"Nov 29, 2025","Feb 28, 2026","3_MONTH","Past Three Months",98,50.3,-1.2,"T-46th warmest",53,
313638,"Greenville","Greenville","NC",35.64,-77.39833,"Nov 29, 2025","Feb 28, 2026","3_MONTH","Past Three Months",92,53.5,-2.0,"T-27th coldest",32,
314020,"Hickory Faa Ap","Hickory","NC",35.74205,-81.38225,"Nov 29, 2025","Feb 28, 2026","3_MONTH","Past Three Months",76,51.7,0.4,"T-33rd warmest",57,
314055,"Highlands","Highlands","NC",35.05646,-83.19822,"Nov 29, 2025","Feb 28, 2026","3_MONTH","Past Three Months",116,44.9,0.2,"T-35th coldest",32,
314260,"Hot Springs","Hot Springs","NC",35.89536,-82.8313,"Nov 29, 2025","Feb 28, 2026","3_MONTH","Past Three Months",27,50.9,0.2,"12th coldest",41,
314496,"Jefferson 2 E","Jefferson","NC",36.41747,-81.42964,"Nov 29, 2025","Feb 28, 2026","3_MONTH","Past Three Months",85,45.4,-0.3,"T-39th coldest",46,
314860,"Laurinburg","Laurinburg","NC",34.75083,-79.46639,"Nov 29, 2025","Feb 28, 2026","3_MONTH","Past Three Months",79,53,-4.6,"T-9th coldest",11,
314996,"Lincolnton 4 W","Lincolnton","NC",35.4606,-81.3296,"Nov 29, 2025","Feb 28, 2026","3_MONTH","Past Three Months",71,53.7,0.1,"28th warmest",61,
315116,"Longwood","Longwood","NC",34.01028,-78.545,"Nov 29, 2025","Feb 28, 2026","3_MONTH","Past Three Months",51,54.8,-2.9,"T-6th coldest",12,
315182,"Lumberton Regional Ap","Lumberton","NC",34.60806,-79.05917,"Nov 29, 2025","Feb 28, 2026","3_MONTH","Past Three Months",35,55.2,-1.8,"8th coldest",20,
315340,"Marion 2 Nw","Marion","NC",35.6847,-82.0084,"Nov 29, 2025","Feb 28, 2026","3_MONTH","Past Three Months",101,50.3,-0.8,"T-26th coldest",26,
315356,"Marshall","Marshall","NC",35.80336,-82.66573,"Nov 29, 2025","Feb 28, 2026","3_MONTH","Past Three Months",109,49.9,1.0,"T-46th warmest",58,
315771,"Monroe 2 Se","Monroe","NC",34.97972,-80.52333,"Nov 29, 2025","Feb 28, 2026","3_MONTH","Past Three Months",124,53.5,-1.7,"37th coldest",29,
315838,"Morganton","Morganton","NC",35.72972,-81.67273,"Nov 29, 2025","Feb 28, 2026","3_MONTH","Past Three Months",110,50.7,-0.8,"T-27th coldest",25,
315890,"Mt Airy 2 W","Mount Airy","NC",36.49618,-80.65226,"Nov 29, 2025","Feb 28, 2026","3_MONTH","Past Three Months",120,48.7,-0.6,"31st coldest",25,
315996,"Murfreesboro","Murfreesboro","NC",36.45222,-77.08028,"Nov 29, 2025","Feb 28, 2026","3_MONTH","Past Three Months",33,50,-2.2,"9th coldest",24,
316001,"Murphy","Murphy","NC",35.0714,-83.9684,"Nov 29, 2025","Feb 28, 2026","3_MONTH","Past Three Months",47,53,0.9,"19th warmest",60,
316096,"Newport Morehead City","Newport","NC",34.77639,-76.87694,"Nov 29, 2025","Feb 28, 2026","3_MONTH","Past Three Months",27,53.4,-3.3,"3rd coldest",7,
316108,"New Bern - Asos","New Bern","NC",35.06836,-77.04783,"Nov 29, 2025","Feb 28, 2026","3_MONTH","Past Three Months",72,54.9,-2.5,"T-17th coldest",25,
316349,"Ocracoke","Ocracoke","NC",35.1075,-75.98722,"Nov 29, 2025","Feb 28, 2026","3_MONTH","Past Three Months",37,52.2,-1.7,"8th coldest",19,
316805,"Pisgah Forest 3 Ne","Pisgah Forest","NC",35.27195,-82.64784,"Nov 29, 2025","Feb 28, 2026","3_MONTH","Past Three Months",84,51.7,0.1,"T-35th warmest",58,
317069,"Raleigh  Ap","Morrisville","NC",35.8923,-78.7819,"Nov 29, 2025","Feb 28, 2026","3_MONTH","Past Three Months",82,52.1,-2.1,"39th coldest",46,
317202,"Reidsville 2 Nw","Reidsville","NC",36.3825,-79.69472,"Nov 29, 2025","Feb 28, 2026","3_MONTH","Past Three Months",61,49.6,-0.7,"T-29th coldest",49,
317319,"Roanoke Rapids","Roanoke Rapids","NC",36.47833,-77.67167,"Nov 29, 2025","Feb 28, 2026","3_MONTH","Past Three Months",49,49.2,-2.5,"T-14th coldest",29,
317845,"Shelby 2 Nne","Shelby","NC",35.31099,-81.57096,"Nov 29, 2025","Feb 28, 2026","3_MONTH","Past Three Months",76,53.2,-1.6,"T-32nd coldest",42,
318292,"Statesville 2 Nne","Statesville","NC",35.8099,-80.8808,"Nov 29, 2025","Feb 28, 2026","3_MONTH","Past Three Months",110,50.2,-1.0,"T-21st coldest",21,
318694,"Transou","Laurel Springs","NC",36.40039,-81.30525,"Nov 29, 2025","Feb 28, 2026","3_MONTH","Past Three Months",76,43.9,-0.1,"T-28th coldest",37,
318744,"Tryon","Tryon","NC",35.20574,-82.25178,"Nov 29, 2025","Feb 28, 2026","3_MONTH","Past Three Months",102,53.1,1.3,"T-27th coldest",29,
319100,"Washington Wwtp 4w","Washington","NC",35.55528,-77.07222,"Nov 29, 2025","Feb 28, 2026","3_MONTH","Past Three Months",30,53.6,-1.4,"6th coldest",17,
319440,"Williamston 1 E","Williamston","NC",35.85278,-77.03056,"Nov 29, 2025","Feb 28, 2026","3_MONTH","Past Three Months",70,52,-2.1,"T-14th coldest",20,
319457,"Wilmington Intl Ap","Wilmington","NC",34.26678,-77.89987,"Nov 29, 2025","Feb 28, 2026","3_MONTH","Past Three Months",93,57,-2.3,"T-35th coldest",38,
320819,"Bismarck Muni Ap","Bismarck","ND",46.7825,-100.75722,"Nov 29, 2025","Feb 28, 2026","3_MONTH","Past Three Months",152,29.8,3.5,"T-24th warmest",84,
320941,"Bottineau","Bottineau","ND",48.82167,-100.4525,"Nov 29, 2025","Feb 28, 2026","3_MONTH","Past Three Months",122,18.4,-0.1,"50th warmest",59,
321435,"Cavalier 7nw","","ND",48.8624,-97.7015,"Nov 29, 2025","Feb 28, 2026","3_MONTH","Past Three Months",88,17.5,0.4,"T-41st warmest",53,
322859,"Fargo Hector Intl Ap","Fargo","ND",46.92424,-96.81186,"Nov 29, 2025","Feb 28, 2026","3_MONTH","Past Three Months",83,23,1.2,"26th warmest",69,
323616,"Grand Forks Intl Ap","","ND",47.94281,-97.18294,"Nov 29, 2025","Feb 28, 2026","3_MONTH","Past Three Months",76,21.5,2.1,"T-20th warmest",74,
323621,"Grand Forks Univ Nws","Grand Forks","ND",47.92167,-97.09806,"Nov 29, 2025","Feb 28, 2026","3_MONTH","Past Three Months",127,20.6,1.4,"T-37th warmest",71,
324418,"Jamestown State Hosp","Jamestown","ND",46.88444,-98.685,"Nov 29, 2025","Feb 28, 2026","3_MONTH","Past Three Months",129,25.8,4.0,"28th warmest",78,
324722,"Killdeer","Killdeer","ND",47.36972,-102.76333,"Nov 29, 2025","Feb 28, 2026","3_MONTH","Past Three Months",25,32.3,3.4,"6th warmest",76,
325638,"Max","Max","ND",47.82139,-101.29222,"Nov 29, 2025","Feb 28, 2026","3_MONTH","Past Three Months",94,23.9,2.1,"26th warmest",72,
325993,"Minot Exp Stn","Minot","ND",48.18028,-101.29639,"Nov 29, 2025","Feb 28, 2026","3_MONTH","Past Three Months",120,25,3.5,"31st warmest",74,
326947,"Pembina","","ND",48.97111,-97.24167,"Nov 29, 2025","Feb 28, 2026","3_MONTH","Past Three Months",114,16.7,-0.2,"48th warmest",58,
330058,"Akron Canton Wso Ap","Akron","OH",40.91811,-81.44342,"Nov 29, 2025","Feb 28, 2026","3_MONTH","Past Three Months",78,33.7,-4.5,"T-18th coldest",24,
330063,"Akron Muni Ap","Akron","OH",41.03732,-81.46341,"Nov 29, 2025","Feb 28, 2026","3_MONTH","Past Three Months",79,34.2,-5.1,"21st coldest",25,
330862,"Bowling Green Wwtp","Bowling Green","OH",41.38306,-83.61111,"Nov 29, 2025","Feb 28, 2026","3_MONTH","Past Three Months",129,33.6,-1.9,"T-31st coldest",25,
331042,"Bryan 2 Se","Bryan","OH",41.46194,-84.52722,"Nov 29, 2025","Feb 28, 2026","3_MONTH","Past Three Months",23,33.4,-1.9,"T-8th coldest",35,
331072,"Bucyrus","Bucyrus","OH",40.81278,-82.96944,"Nov 29, 2025","Feb 28, 2026","3_MONTH","Past Three Months",128,37.4,-0.6,"T-45th warmest",65,
331576,"Cincinnati Lunken Ap","Cincinnati","OH",39.106,-84.41609,"Nov 29, 2025","Feb 28, 2026","3_MONTH","Past Three Months",71,41.9,-1.6,"26th coldest",35,
331592,"Circleville","Circleville","OH",39.6104,-82.9555,"Nov 29, 2025","Feb 28, 2026","3_MONTH","Past Three Months",114,38.7,-2.7,"T-29th coldest",25,
331657,"Cleveland Wsfo Ap","Cleveland","OH",41.40568,-81.85191,"Nov 29, 2025","Feb 28, 2026","3_MONTH","Past Three Months",88,34.4,-4.0,"T-26th coldest",30,
331786,"Columbus Wso Ap","Columbus","OH",39.99139,-82.88083,"Nov 29, 2025","Feb 28, 2026","3_MONTH","Past Three Months",78,37.6,-2.3,"28th coldest",35,
332075,"Dayton Wso Ap","Dayton","OH",39.90639,-84.21861,"Nov 29, 2025","Feb 28, 2026","3_MONTH","Past Three Months",78,36.8,-3.3,"28th coldest",35,
332156,"Dennison Wtr Wks","New Philadelphia--Dover","OH",40.4056,-81.3435,"Nov 29, 2025","Feb 28, 2026","3_MONTH","Past Three Months",73,35.6,-3.1,"10th coldest",12,
332160,"Denison Wtr Wks","New Philadelphia--Dover","OH",40.38861,-81.34333,"Nov 29, 2025","Feb 28, 2026","3_MONTH","Past Three Months",72,36.1,-2.6,"11th coldest",14,
332485,"Eaton","Eaton","OH",39.73472,-84.63361,"Nov 29, 2025","Feb 28, 2026","3_MONTH","Past Three Months",65,37.2,-1.4,"24th coldest",35,
332786,"Findlay Faa Ap","Findlay","OH",41.01369,-83.66814,"Nov 29, 2025","Feb 28, 2026","3_MONTH","Past Three Months",84,34.5,-3.4,"34th coldest",39,
332974,"Fremont","Fremont","OH",41.33333,-83.11667,"Nov 29, 2025","Feb 28, 2026","3_MONTH","Past Three Months",102,33.5,-3.0,"T-24th coldest",25,
333375,"Greenville Wtp","Greenville","OH",40.1032,-84.6504,"Nov 29, 2025","Feb 28, 2026","3_MONTH","Past Three Months",129,35.1,-3.1,"34th coldest",26,
333500,"Hannibal L&d","Hannibal","OH",39.66667,-80.86667,"Nov 29, 2025","Feb 28, 2026","3_MONTH","Past Three Months",49,38.5,-2.5,"T-12th coldest",27,
334672,"Logan","Logan","OH",39.52917,-82.385,"Nov 29, 2025","Feb 28, 2026","3_MONTH","Past Three Months",26,39.8,-1.8,"9th coldest",31,
334681,"London","London","OH",39.8972,-83.5096,"Nov 29, 2025","Feb 28, 2026","3_MONTH","Past Three Months",93,36.2,-0.0,"T-22nd coldest",24,
334865,"Mansfield Wso Ap","Mansfield","OH",40.8204,-82.51769,"Nov 29, 2025","Feb 28, 2026","3_MONTH","Past Three Months",75,33.5,-3.2,"T-21st coldest",29,
334927,"Marietta Wwtp","Marietta","OH",39.4087,-81.4329,"Nov 29, 2025","Feb 28, 2026","3_MONTH","Past Three Months",63,41.1,-1.1,"23rd coldest",35,
334979,"Marysville","Marysville","OH",40.19382,-83.26751,"Nov 29, 2025","Feb 28, 2026","3_MONTH","Past Three Months",106,36.1,-1.8,"36th coldest",33,
335857,"New Lexington 2 Nw","New Lexington","OH",39.73315,-82.21559,"Nov 29, 2025","Feb 28, 2026","3_MONTH","Past Three Months",84,37.2,-2.7,"15th coldest",17,
336465,"Paulding","Paulding","OH",41.12444,-84.59222,"Nov 29, 2025","Feb 28, 2026","3_MONTH","Past Three Months",107,34.9,-0.6,"T-45th coldest",45,
336781,"Portsmouth-sciotoville","Portsmouth","OH",38.75694,-82.88722,"Nov 29, 2025","Feb 28, 2026","3_MONTH","Past Three Months",128,41.7,-2.4,"32nd coldest",24,
337857,"South Point","Huntington","OH",38.42389,-82.59361,"Nov 29, 2025","Feb 28, 2026","3_MONTH","Past Three Months",33,45.7,0.6,"17th warmest",48,
338025,"Steubenville","Steubenville","OH",40.37639,-80.62833,"Nov 29, 2025","Feb 28, 2026","3_MONTH","Past Three Months",71,36.7,-2.6,"12th coldest",15,
338062,"Stow 4 Se","Stow","OH",41.13139,-81.40417,"Nov 29, 2025","Feb 28, 2026","3_MONTH","Past Three Months",22,35,-1.3,"8th coldest",32,
338357,"Toledo Express Wso Ap","Toledo","OH",41.58705,-83.80538,"Nov 29, 2025","Feb 28, 2026","3_MONTH","Past Three Months",71,33.7,-3.7,"T-28th coldest",39,
338598,"Vandalia Wb Ap","Dayton","OH",39.90639,-84.21861,"Nov 29, 2025","Feb 28, 2026","3_MONTH","Past Three Months",78,36.8,-3.3,"28th coldest",35,
338769,"Warren 3 S","Warren","OH",41.2,-80.81667,"Nov 29, 2025","Feb 28, 2026","3_MONTH","Past Three Months",124,33,-4.4,"18th coldest",14,
338830,"Waverly","Waverly","OH",39.1114,-82.9797,"Nov 29, 2025","Feb 28, 2026","3_MONTH","Past Three Months",123,41.9,-0.8,"44th coldest",35,
338951,"Westerville","Westerville","OH",40.1268,-82.9441,"Nov 29, 2025","Feb 28, 2026","3_MONTH","Past Three Months",67,38,-2.7,"T-21st coldest",33,
339406,"Youngstown Wso Ap","Youngstown","OH",41.25478,-80.67361,"Nov 29, 2025","Feb 28, 2026","3_MONTH","Past Three Months",97,33.4,-3.5,"29th coldest",29,
339417,"Zanesville Faa Ap","Zanesville","OH",39.94609,-81.89315,"Nov 29, 2025","Feb 28, 2026","3_MONTH","Past Three Months",80,38.2,-2.9,"T-29th coldest",36,
340256,"Antlers","Antlers","OK",34.22083,-95.615,"Nov 29, 2025","Feb 28, 2026","3_MONTH","Past Three Months",87,59.4,4.7,"5th warmest",94,
340548,"Bartlesville Muni Ap","Bartlesville","OK",36.7664,-96.01292,"Nov 29, 2025","Feb 28, 2026","3_MONTH","Past Three Months",96,55.4,5.8,"5th warmest",95,
340755,"Billings","Billings","OK",36.52972,-97.44722,"Nov 29, 2025","Feb 28, 2026","3_MONTH","Past Three Months",55,54.2,5.4,"1st warmest",98,
341648,"Centrahoma 2 Ese","Centrahoma","OK",34.60083,-96.31306,"Nov 29, 2025","Feb 28, 2026","3_MONTH","Past Three Months",25,58.6,5.5,"1st warmest",96,
341750,"Chickasha Exp Station","Chickasha","OK",35.04889,-97.91583,"Nov 29, 2025","Feb 28, 2026","3_MONTH","Past Three Months",57,60.1,5.0,"2nd warmest",96,
344019,"Helena 1 Sse","Helena","OK",36.53806,-98.26611,"Nov 29, 2025","Feb 28, 2026","3_MONTH","Past Three Months",68,54.8,6.2,"1st warmest",99,
344204,"Hobart Muni Ap","Hobart","OK",34.98908,-99.05282,"Nov 29, 2025","Feb 28, 2026","3_MONTH","Past Three Months",111,59.2,6.7,"1st warmest",99,
345066,"Lawton Ft Sill Rgnl Ap","Lawton","OK",34.55771,-98.4172,"Nov 29, 2025","Feb 28, 2026","3_MONTH","Past Three Months",26,60.8,5.5,"1st warmest",96,
345664,"Mcalester Rgnl Ap","McAlester","OK",34.88237,-95.78154,"Nov 29, 2025","Feb 28, 2026","3_MONTH","Past Three Months",69,59.5,5.4,"1st warmest",99,
346661,"Oklahoma City Will Rogers Ap","Oklahoma City","OK",35.38843,-97.60035,"Nov 29, 2025","Feb 28, 2026","3_MONTH","Past Three Months",78,57.5,6.4,"2nd warmest",97,
347201,"Ponca City Muni Ap","Ponca City","OK",36.73689,-97.10234,"Nov 29, 2025","Feb 28, 2026","3_MONTH","Past Three Months",77,55.4,6.1,"1st warmest",99,
348500,"Stillwater Rgnl Ap","","OK",36.16238,-97.08931,"Nov 29, 2025","Feb 28, 2026","3_MONTH","Past Three Months",25,57.3,4.4,"2nd warmest",92,
348992,"Tulsa Intl Ap","Tulsa","OK",36.19854,-95.87825,"Nov 29, 2025","Feb 28, 2026","3_MONTH","Past Three Months",95,56.6,5.3,"1st warmest",99,
350197,"Antelope 6 Ssw","Antelope","OR",44.81972,-120.75333,"Nov 29, 2025","Feb 28, 2026","3_MONTH","Past Three Months",89,45.1,1.6,"T-10th warmest",89,
350265,"Arlington","Arlington","OR",45.72111,-120.20639,"Nov 29, 2025","Feb 28, 2026","3_MONTH","Past Three Months",99,46.1,3.2,"T-16th warmest",84,
350412,"Baker City Ap","Baker","OR",44.84301,-117.80987,"Nov 29, 2025","Feb 28, 2026","3_MONTH","Past Three Months",83,43.5,4.0,"1st warmest",99,
350897,"Bonneville Dam","","OR",45.63611,-121.95194,"Nov 29, 2025","Feb 28, 2026","3_MONTH","Past Three Months",87,48,4.0,"T-5th warmest",94,
351175,"Burns Muni Ap","Burns","OR",43.59486,-118.95788,"Nov 29, 2025","Feb 28, 2026","3_MONTH","Past Three Months",45,45.2,7.0,"1st warmest",98,
351836,"Coquille City","Coquille","OR",43.18722,-124.2025,"Nov 29, 2025","Feb 28, 2026","3_MONTH","Past Three Months",55,57.2,2.3,"5th warmest",91,
352292,"Detroit Dam","Detroit","OR",44.72417,-122.25472,"Nov 29, 2025","Feb 28, 2026","3_MONTH","Past Three Months",70,47,2.6,"9th warmest",87,
352693,"Estacada 2 Se","Estacada","OR",45.2695,-122.3168,"Nov 29, 2025","Feb 28, 2026","3_MONTH","Past Three Months",115,52.8,2.8,"4th warmest",97,
352709,"Eugene-mahlon Sweet Field","Eugene","OR",44.13311,-123.21563,"Nov 29, 2025","Feb 28, 2026","3_MONTH","Past Three Months",87,50.5,1.8,"15th warmest",83,
353770,"Headworks Portland Wtr","","OR",45.44861,-122.15472,"Nov 29, 2025","Feb 28, 2026","3_MONTH","Past Three Months",122,47.9,3.3,"T-21st warmest",83,
354060,"Howard Prairie Dam","","OR",42.22917,-122.38139,"Nov 29, 2025","Feb 28, 2026","3_MONTH","Past Three Months",63,43.6,6.8,"T-1st warmest",98,
354606,"Lacomb 3 Nne","","OR",44.62528,-122.71889,"Nov 29, 2025","Feb 28, 2026","3_MONTH","Past Three Months",49,49.6,2.3,"T-6th warmest",88,
354811,"Leaburg 1 Sw","Leaburg","OR",44.10139,-122.68861,"Nov 29, 2025","Feb 28, 2026","3_MONTH","Past Three Months",91,50.7,1.4,"T-12th warmest",87,
355050,"Lookout Point Dam","","OR",43.91444,-122.76,"Nov 29, 2025","Feb 28, 2026","3_MONTH","Past Three Months",69,50.2,2.6,"16th warmest",77,
355055,"Lost Creek Dam","","OR",42.67222,-122.675,"Nov 29, 2025","Feb 28, 2026","3_MONTH","Past Three Months",55,53.7,3.9,"2nd warmest",96,
355429,"Medford Intl Ap","Medford","OR",42.37503,-122.87702,"Nov 29, 2025","Feb 28, 2026","3_MONTH","Past Three Months",115,51.2,1.9,"10th warmest",91,
356073,"North Bend Fcwos","North Bend","OR",43.41333,-124.24361,"Nov 29, 2025","Feb 28, 2026","3_MONTH","Past Three Months",124,55.8,2.3,"12th warmest",90,
356294,"Ontario Ksrv","Ontario","OR",44.04389,-116.97167,"Nov 29, 2025","Feb 28, 2026","3_MONTH","Past Three Months",61,44.9,6.4,"T-3rd warmest",95,
356532,"Pelton Dam","","OR",44.7275,-121.25056,"Nov 29, 2025","Feb 28, 2026","3_MONTH","Past Three Months",62,49.1,4.4,"T-12th warmest",81,
356546,"Pendleton E Or Rgnl Ap","Pendleton","OR",45.6975,-118.83446,"Nov 29, 2025","Feb 28, 2026","3_MONTH","Past Three Months",98,46.9,4.1,"7th warmest",93,
356750,"Portland Wfo","Portland","OR",45.56056,-122.53806,"Nov 29, 2025","Feb 28, 2026","3_MONTH","Past Three Months",30,50.3,2.9,"3rd warmest",90,
356751,"Portland Intl Ap","Portland","OR",45.59578,-122.60919,"Nov 29, 2025","Feb 28, 2026","3_MONTH","Past Three Months",100,50.8,2.3,"6th warmest",94,
357062,"Redmond Ap","Redmond","OR",44.2558,-121.1407,"Nov 29, 2025","Feb 28, 2026","3_MONTH","Past Three Months",73,48,3.3,"2nd warmest",97,
357169,"Riddle","Riddle","OR",42.95056,-123.35722,"Nov 29, 2025","Feb 28, 2026","3_MONTH","Past Three Months",109,54.6,1.3,"T-5th warmest",95,
357326,"Rodeburg Wb Ap","Roseburg","OR",43.23367,-123.35775,"Nov 29, 2025","Feb 28, 2026","3_MONTH","Past Three Months",59,51.5,1.0,"T-16th warmest",73,
357500,"Salem Ap Mcnary Fld","Salem","OR",44.90488,-123.00103,"Nov 29, 2025","Feb 28, 2026","3_MONTH","Past Three Months",128,51,1.8,"T-10th warmest",92,
358466,"Three Lynx","","OR",45.12194,-122.07,"Nov 29, 2025","Feb 28, 2026","3_MONTH","Past Three Months",96,47.3,4.9,"5th warmest",95,
358536,"Toketee Falls","","OR",43.27528,-122.45031,"Nov 29, 2025","Feb 28, 2026","3_MONTH","Past Three Months",73,44.6,1.7,"20th warmest",73,
358634,"Troutdale","","OR",45.55333,-122.38861,"Nov 29, 2025","Feb 28, 2026","3_MONTH","Past Three Months",66,50.3,4.6,"T-3rd warmest",95,
359461,"Winchester","Winchester","OR",43.28265,-123.35371,"Nov 29, 2025","Feb 28, 2026","3_MONTH","Past Three Months",37,51.4,0.5,"6th warmest",84,
360106,"Allentown Ap","Allentown","PA",40.64984,-75.44773,"Nov 29, 2025","Feb 28, 2026","3_MONTH","Past Three Months",87,35.6,-5.6,"T-15th coldest",18,
360130,"Altoona Faa Ap","Altoona","PA",40.29993,-78.3168,"Nov 29, 2025","Feb 28, 2026","3_MONTH","Past Three Months",78,35.2,-2.9,"T-25th coldest",33,
360319,"Avoca Scranton Wso Ap","Wilkes-Barre","PA",41.33349,-75.72273,"Nov 29, 2025","Feb 28, 2026","3_MONTH","Past Three Months",78,33,-5.4,"15th coldest",18,
360865,"Bradford Rgnl Ap","Bradford","PA",41.79835,-78.63543,"Nov 29, 2025","Feb 28, 2026","3_MONTH","Past Three Months",63,29,-4.2,"23rd coldest",35,
360868,"Bradford 4 Sw Rsch 5","Bradford","PA",41.8975,-78.71444,"Nov 29, 2025","Feb 28, 2026","3_MONTH","Past Three Months",78,29,-4.2,"9th coldest",10,
361705,"Confluence 1 Sw Dam","Confluence","PA",39.79944,-79.36694,"Nov 29, 2025","Feb 28, 2026","3_MONTH","Past Three Months",78,35.8,-3.8,"19th coldest",23,
362183,"Donegal 2 Nw","","PA",40.13333,-79.4,"Nov 29, 2025","Feb 28, 2026","3_MONTH","Past Three Months",63,36.6,-2.0,"28th coldest",43,
362260,"Dubois Faa Ap","DuBois","PA",41.17947,-78.89326,"Nov 29, 2025","Feb 28, 2026","3_MONTH","Past Three Months",60,31.5,-2.8,"21st coldest",33,
362682,"Erie Wso Ap","Erie","PA",42.08026,-80.18236,"Nov 29, 2025","Feb 28, 2026","3_MONTH","Past Three Months",100,33.5,-4.0,"27th coldest",26,
363028,"Franklin","Franklin","PA",41.40028,-79.83028,"Nov 29, 2025","Feb 28, 2026","3_MONTH","Past Three Months",120,33.2,-3.0,"T-22nd coldest",18,
363699,"Harrisburg Capital Cy","Harrisburg","PA",40.21843,-76.85521,"Nov 29, 2025","Feb 28, 2026","3_MONTH","Past Three Months",78,37.2,-5.6,"T-15th coldest",21,
363830,"HERITAGE FIELD AIRPORT","Limerick Township","PA",40.23803,-75.55485,"Nov 29, 2025","Feb 28, 2026","3_MONTH","Past Three Months",26,37.1,-5.3,"3rd coldest",8,
364214,"Indiana 3 Se","Indiana","PA",40.59694,-79.11833,"Nov 29, 2025","Feb 28, 2026","3_MONTH","Past Three Months",77,34.6,-4.1,"13th coldest",16,
364392,"Johnstown Ap","Johnstown","PA",40.31488,-78.83075,"Nov 29, 2025","Feb 28, 2026","3_MONTH","Past Three Months",26,32.9,-3.0,"9th coldest",31,
364815,"Laporte","Laporte","PA",41.42333,-76.49333,"Nov 29, 2025","Feb 28, 2026","3_MONTH","Past Three Months",33,26.9,-4.8,"1st coldest",1,
364934,"Lehighton 1ssw","Lehighton","PA",40.8223,-75.6962,"Nov 29, 2025","Feb 28, 2026","3_MONTH","Past Three Months",22,33.7,-4.4,"T-2nd coldest",9,
364992,"Lewistown","Lewistown","PA",40.58694,-77.56972,"Nov 29, 2025","Feb 28, 2026","3_MONTH","Past Three Months",84,36.6,-3.2,"13th coldest",14,
365454,"Martinsburg Altoona Fa","Altoona","PA",40.29993,-78.3168,"Nov 29, 2025","Feb 28, 2026","3_MONTH","Past Three Months",78,35.2,-2.9,"T-25th coldest",33,
365703,"Middletown Harrisbg Ap","Middletown","PA",40.1962,-76.77249,"Nov 29, 2025","Feb 28, 2026","3_MONTH","Past Three Months",59,36.9,-4.6,"9th coldest",14,
366194,"Neshaminy Falls","Neshaminy","PA",40.13583,-74.955,"Nov 29, 2025","Feb 28, 2026","3_MONTH","Past Three Months",74,37.8,-4.4,"8th coldest",9,
366238,"New Holland 2 Se","New Holland","PA",40.075,-76.07167,"Nov 29, 2025","Feb 28, 2026","3_MONTH","Past Three Months",34,37.9,-3.4,"7th coldest",18,
366889,"Philadelphia Intl Ap","Philadelphia","PA",39.87326,-75.22681,"Nov 29, 2025","Feb 28, 2026","3_MONTH","Past Three Months",86,40.5,-3.5,"T-29th coldest",34,
366921,"Philipsburg 2 S","Philipsburg","PA",40.87222,-78.21528,"Nov 29, 2025","Feb 28, 2026","3_MONTH","Past Three Months",28,32.4,-2.1,"T-7th coldest",25,
366992,"Pittsburgh Allegheny Ap","Pittsburgh","PA",40.3551,-79.92145,"Nov 29, 2025","Feb 28, 2026","3_MONTH","Past Three Months",44,36.7,-2.6,"T-11th coldest",25,
366993,"Pittsburgh Asos","Pittsburgh","PA",40.48459,-80.21448,"Nov 29, 2025","Feb 28, 2026","3_MONTH","Past Three Months",78,36.9,-2.0,"T-28th coldest",37,
367315,"Reading Spaatz Fld","Reading","PA",40.37342,-75.95924,"Nov 29, 2025","Feb 28, 2026","3_MONTH","Past Three Months",28,38.1,-3.4,"6th coldest",18,
367409,"Renovo","Renovo","PA",41.32972,-77.73806,"Nov 29, 2025","Feb 28, 2026","3_MONTH","Past Three Months",64,34.4,-2.6,"12th coldest",17,
367477,"Ridgway","Ridgway","PA",41.42,-78.74972,"Nov 29, 2025","Feb 28, 2026","3_MONTH","Past Three Months",111,32.5,-3.8,"T-20th coldest",19,
367732,"Safe Harbor Dam","","PA",39.89583,-76.39472,"Nov 29, 2025","Feb 28, 2026","3_MONTH","Past Three Months",25,37.1,-4.3,"T-2nd coldest",8,
367782,"Salina 3 W","Salina","PA",40.51,-79.54583,"Nov 29, 2025","Feb 28, 2026","3_MONTH","Past Three Months",70,35.8,-2.8,"14th coldest",19,
367905,"Scranton Wso Ap","Wilkes-Barre","PA",41.33349,-75.72273,"Nov 29, 2025","Feb 28, 2026","3_MONTH","Past Three Months",78,33,-5.4,"15th coldest",18,
367931,"Selinsgrove 2 S","","PA",40.78306,-76.86111,"Nov 29, 2025","Feb 28, 2026","3_MONTH","Past Three Months",101,35.8,-2.5,"T-19th coldest",19,
367938,"Sellersville","","PA",40.35515,-75.31313,"Nov 29, 2025","Feb 28, 2026","3_MONTH","Past Three Months",30,36.7,-4.1,"4th coldest",10,
368073,"Shippensburg","Shippensburg","PA",40.05,-77.51667,"Nov 29, 2025","Feb 28, 2026","3_MONTH","Past Three Months",93,37.7,-3.3,"25th coldest",26,
368361,"Springboro 3 Wnw","","PA",41.81667,-80.43333,"Nov 29, 2025","Feb 28, 2026","3_MONTH","Past Three Months",30,31.5,-3.2,"6th coldest",17,
368449,"State College","State College","PA",40.79333,-77.86722,"Nov 29, 2025","Feb 28, 2026","3_MONTH","Past Three Months",130,34.4,-2.1,"T-35th coldest",29,
368469,"Stevenson Dam","","PA",41.4,-78.01667,"Nov 29, 2025","Feb 28, 2026","3_MONTH","Past Three Months",57,32.9,-2.3,"10th coldest",16,
368596,"Stroudsburg","Stroudsburg","PA",41.01477,-75.20706,"Nov 29, 2025","Feb 28, 2026","3_MONTH","Past Three Months",95,34.7,-3.9,"13th coldest",13,
368668,"Sunbury","Sunbury","PA",40.85333,-76.78917,"Nov 29, 2025","Feb 28, 2026","3_MONTH","Past Three Months",41,35.1,-3.2,"8th coldest",17,
368868,"Tioga Hammond Dam","Tioga","PA",41.8975,-77.14194,"Nov 29, 2025","Feb 28, 2026","3_MONTH","Past Three Months",24,31.2,-3.8,"T-2nd coldest",8,
368873,"Tionesta 2 Se Lake","Tionesta","PA",41.48333,-79.43333,"Nov 29, 2025","Feb 28, 2026","3_MONTH","Past Three Months",74,33.6,-3.9,"22nd coldest",28,
368888,"Titusville Wtr Wks","Titusville","PA",41.63333,-79.7,"Nov 29, 2025","Feb 28, 2026","3_MONTH","Past Three Months",68,31.4,-3.9,"T-9th coldest",15,
369298,"Warren","Warren","PA",41.85,-79.15,"Nov 29, 2025","Feb 28, 2026","3_MONTH","Past Three Months",126,31.5,-3.6,"17th coldest",13,
369367,"Waynesburg 1 E","Waynesburg","PA",39.9,-80.16667,"Nov 29, 2025","Feb 28, 2026","3_MONTH","Past Three Months",64,39.2,-1.9,"T-24th coldest",37,
369408,"Wellsboro 4 Sw","Wellsboro","PA",41.70028,-77.38944,"Nov 29, 2025","Feb 28, 2026","3_MONTH","Past Three Months",88,29.4,-3.4,"12th coldest",12,
369705,"Wilkes Barre Wso Ap","Wilkes-Barre","PA",41.33349,-75.72273,"Nov 29, 2025","Feb 28, 2026","3_MONTH","Past Three Months",78,33,-5.4,"15th coldest",18,
369728,"Williamsport Rgnl Ap","Williamsport","PA",41.24295,-76.92173,"Nov 29, 2025","Feb 28, 2026","3_MONTH","Past Three Months",81,34.5,-3.5,"T-15th coldest",19,
376698,"Providence","Providence","RI",41.72252,-71.43248,"Nov 29, 2025","Feb 28, 2026","3_MONTH","Past Three Months",94,36.5,-4.4,"20th coldest",20,
380170,"Anderson Faa Ap","Centerville","SC",34.498,-82.70924,"Nov 29, 2025","Feb 28, 2026","3_MONTH","Past Three Months",77,56.5,1.4,"26th warmest",66,
381479,"Cedar Creek 2e","Blythewood","SC",34.21717,-81.07558,"Nov 29, 2025","Feb 28, 2026","3_MONTH","Past Three Months",27,55.3,-0.7,"5th coldest",15,
381544,"Charleston Intl Ap","North Charleston","SC",32.89861,-80.04028,"Nov 29, 2025","Feb 28, 2026","3_MONTH","Past Three Months",96,61.3,-1.0,"T-46th warmest",52,
381549,"Charleston City","Charleston","SC",32.78,-79.93194,"Nov 29, 2025","Feb 28, 2026","3_MONTH","Past Three Months",133,58.4,-1.4,"T-57th coldest",43,
381633,"Chester 1 Se","Gayle Mill","SC",34.68472,-81.19583,"Nov 29, 2025","Feb 28, 2026","3_MONTH","Past Three Months",85,53.5,-1.0,"T-24th coldest",28,
381645,"Chesterfield 3 E","Chesterfield","SC",34.72709,-80.03754,"Nov 29, 2025","Feb 28, 2026","3_MONTH","Past Three Months",27,56.1,-1.8,"T-6th coldest",22,
381814,"Clinton","Clinton","SC",34.4715,-81.88465,"Nov 29, 2025","Feb 28, 2026","3_MONTH","Past Three Months",23,55,-1.5,"7th coldest",26,
381939,"Columbia Metro Ap","Springdale","SC",33.94225,-81.11802,"Nov 29, 2025","Feb 28, 2026","3_MONTH","Past Three Months",78,58.1,-0.7,"34th coldest",42,
383106,"Florence Rgnl Ap","Quinby","SC",34.18773,-79.73079,"Nov 29, 2025","Feb 28, 2026","3_MONTH","Past Three Months",78,56.5,-2.7,"26th coldest",32,
383735,"Greenville","Greenville","SC",34.82306,-82.36278,"Nov 29, 2025","Feb 28, 2026","3_MONTH","Past Three Months",81,55.9,2.3,"19th warmest",77,
383742,"Greenville Wb Ap","Greenville","SC",34.84872,-82.35006,"Nov 29, 2025","Feb 28, 2026","3_MONTH","Past Three Months",80,55.5,-0.3,"T-24th warmest",70,
383747,"Grnvl Spart Intl Ap","Greer","SC",34.90614,-82.21253,"Nov 29, 2025","Feb 28, 2026","3_MONTH","Past Three Months",64,54.3,-0.6,"30th warmest",53,
383990,"Hartsville","Hartsville","SC",34.395,-80.04861,"Nov 29, 2025","Feb 28, 2026","3_MONTH","Past Three Months",39,55.8,-1.3,"10th coldest",23,
383996,"Hartsville 3 S","North Hartsville","SC",34.3949,-80.0486,"Nov 29, 2025","Feb 28, 2026","3_MONTH","Past Three Months",39,55.8,-1.4,"10th coldest",23,
385493,"Manning","Manning","SC",33.6988,-80.1992,"Nov 29, 2025","Feb 28, 2026","3_MONTH","Past Three Months",50,57,-0.4,"T-11th coldest",22,
386114,"Mullins","Mullins","SC",34.19444,-79.24722,"Nov 29, 2025","Feb 28, 2026","3_MONTH","Past Three Months",26,54.1,-2.1,"6th coldest",19,
386209,"Newberry","Newberry","SC",34.29165,-81.62089,"Nov 29, 2025","Feb 28, 2026","3_MONTH","Past Three Months",100,57.4,1.1,"T-38th warmest",62,
386300,"North Myrtle Beach","Atlantic Beach","SC",33.81618,-78.72043,"Nov 29, 2025","Feb 28, 2026","3_MONTH","Past Three Months",26,56.1,-1.7,"6th coldest",19,
386527,"Orangeburg 2","Orangeburg","SC",33.4889,-80.8742,"Nov 29, 2025","Feb 28, 2026","3_MONTH","Past Three Months",65,57.5,-4.0,"T-20th coldest",31,
387631,"Saluda","Saluda","SC",33.99778,-81.77472,"Nov 29, 2025","Feb 28, 2026","3_MONTH","Past Three Months",103,56.4,0.2,"T-37th coldest",38,
387687,"Sandy Springs 2 Ne","Northlake","SC",34.6111,-82.727,"Nov 29, 2025","Feb 28, 2026","3_MONTH","Past Three Months",26,56,0.6,"13th warmest",50,
387722,"Santuck","Carlisle","SC",34.635,-81.52056,"Nov 29, 2025","Feb 28, 2026","3_MONTH","Past Three Months",125,56.4,-0.3,"T-51st warmest",59,
388188,"Spartanburg 3 Sse","Spartanburg","SC",34.90778,-81.91389,"Nov 29, 2025","Feb 28, 2026","3_MONTH","Past Three Months",40,56.9,0.8,"17th coldest",40,
388472,"Table Rock","Pickens","SC",35.02016,-82.69282,"Nov 29, 2025","Feb 28, 2026","3_MONTH","Past Three Months",26,54.5,0.8,"11th coldest",38,
388887,"Walhalla","Walhalla","SC",34.74833,-83.08417,"Nov 29, 2025","Feb 28, 2026","3_MONTH","Past Three Months",112,55,1.2,"55th coldest",48,
388922,"Walterboro 1 Sw","Walterboro","SC",32.88472,-80.67611,"Nov 29, 2025","Feb 28, 2026","3_MONTH","Past Three Months",77,61.4,1.0,"T-38th warmest",51,
390020,"Aberdeen Rgnl Ap","Aberdeen","SD",45.44358,-98.41384,"Nov 29, 2025","Feb 28, 2026","3_MONTH","Past Three Months",130,30.3,3.2,"21st warmest",84,
390120,"Andover #2","Andover","SD",45.41335,-97.90673,"Nov 29, 2025","Feb 28, 2026","3_MONTH","Past Three Months",22,29.1,3.6,"5th warmest",77,
391032,"Bridgewater","Bridgewater","SD",43.55239,-97.50164,"Nov 29, 2025","Feb 28, 2026","3_MONTH","Past Three Months",65,35.1,5.6,"T-5th warmest",92,
391049,"Britton","Britton","SD",45.78861,-97.74881,"Nov 29, 2025","Feb 28, 2026","3_MONTH","Past Three Months",110,25.9,2.1,"T-38th warmest",65,
391392,"Canton","Canton","SD",43.31122,-96.58772,"Nov 29, 2025","Feb 28, 2026","3_MONTH","Past Three Months",112,33.9,5.4,"22nd warmest",80,
392302,"De Smet","De Smet","SD",44.3826,-97.5497,"Nov 29, 2025","Feb 28, 2026","3_MONTH","Past Three Months",106,31.2,4.6,"T-17th warmest",84,
392446,"Dupree 15 Sse","","SD",44.86583,-101.46722,"Nov 29, 2025","Feb 28, 2026","3_MONTH","Past Three Months",58,36.7,5.9,"7th warmest",88,
392557,"Edgemont","Edgemont","SD",43.31359,-103.82151,"Nov 29, 2025","Feb 28, 2026","3_MONTH","Past Three Months",45,45.6,10.0,"1st warmest",98,
392797,"Eureka","Eureka","SD",45.76542,-99.6222,"Nov 29, 2025","Feb 28, 2026","3_MONTH","Past Three Months",118,27.8,4.1,"T-32nd warmest",73,
393069,"Ft Meade","","SD",44.41066,-103.47683,"Nov 29, 2025","Feb 28, 2026","3_MONTH","Past Three Months",86,45.8,7.0,"2nd warmest",98,
393452,"Gregory","Gregory","SD",43.23556,-99.43389,"Nov 29, 2025","Feb 28, 2026","3_MONTH","Past Three Months",95,42.7,8.6,"3rd warmest",97,
394007,"Hot Springs","Hot Springs","SD",43.43778,-103.47389,"Nov 29, 2025","Feb 28, 2026","3_MONTH","Past Three Months",117,50.8,9.4,"1st warmest",99,
394127,"Huron Ap","Huron","SD",44.37916,-98.22275,"Nov 29, 2025","Feb 28, 2026","3_MONTH","Past Three Months",145,34.9,5.9,"T-11th warmest",92,
394516,"Kennebec","Kennebec","SD",43.90239,-99.85815,"Nov 29, 2025","Feb 28, 2026","3_MONTH","Past Three Months",125,41.9,7.8,"T-4th warmest",97,
394834,"Lead","Lead","SD",44.3544,-103.7431,"Nov 29, 2025","Feb 28, 2026","3_MONTH","Past Three Months",115,41.9,3.5,"1st warmest",99,
394864,"Lemmon","Lemmon","SD",45.93972,-102.1575,"Nov 29, 2025","Feb 28, 2026","3_MONTH","Past Three Months",109,36.6,5.4,"7th warmest",94,
395090,"Madison 2se","","SD",43.9905,-97.09228,"Nov 29, 2025","Feb 28, 2026","3_MONTH","Past Three Months",60,32.8,5.7,"T-7th warmest",88,
395481,"Menno","Menno","SD",43.23586,-97.57125,"Nov 29, 2025","Feb 28, 2026","3_MONTH","Past Three Months",123,39.3,7.9,"6th warmest",95,
395638,"Mission 14 S","Mission","SD",43.11139,-100.60833,"Nov 29, 2025","Feb 28, 2026","3_MONTH","Past Three Months",68,43.7,8.7,"1st warmest",99,
395870,"Mt Rushmore Natl Mem","","SD",43.8769,-103.4578,"Nov 29, 2025","Feb 28, 2026","3_MONTH","Past Three Months",64,41.5,4.8,"4th warmest",94,
395891,"Murdo","Murdo","SD",43.8878,-100.7075,"Nov 29, 2025","Feb 28, 2026","3_MONTH","Past Three Months",107,40.9,7.9,"10th warmest",91,
396427,"Pactola Dam","","SD",44.06222,-103.48194,"Nov 29, 2025","Feb 28, 2026","3_MONTH","Past Three Months",66,42,5.8,"T-1st warmest",98,
396552,"Philip 1 S","","SD",44.02111,-101.66417,"Nov 29, 2025","Feb 28, 2026","3_MONTH","Past Three Months",69,44.2,8.1,"1st warmest",99,
396597,"Pierre Rgnl Ap","Pierre","SD",44.38139,-100.28556,"Nov 29, 2025","Feb 28, 2026","3_MONTH","Past Three Months",92,38.2,6.4,"10th warmest",89,
396712,"Pollock","Pollock","SD",45.90338,-100.28765,"Nov 29, 2025","Feb 28, 2026","3_MONTH","Past Three Months",107,31.6,4.4,"21st warmest",80,
396937,"Rapid City Rgnl Ap","","SD",44.04582,-103.05442,"Nov 29, 2025","Feb 28, 2026","3_MONTH","Past Three Months",84,47.8,10.7,"1st warmest",99,
396947,"Rapid City 4nw","","SD",44.12055,-103.28417,"Nov 29, 2025","Feb 28, 2026","3_MONTH","Past Three Months",47,48.2,10.3,"1st warmest",98,
396948,"Rapid City Wfo","Rapid City","SD",44.07278,-103.21083,"Nov 29, 2025","Feb 28, 2026","3_MONTH","Past Three Months",30,46,8.5,"1st warmest",97,
397667,"Sioux Falls Ap","Sioux Falls","SD",43.57751,-96.75387,"Nov 29, 2025","Feb 28, 2026","3_MONTH","Past Three Months",133,34.7,4.3,"11th warmest",92,
397742,"Sisseton","Sisseton","SD",45.66565,-97.03933,"Nov 29, 2025","Feb 28, 2026","3_MONTH","Past Three Months",94,29.7,4.3,"15th warmest",84,
398472,"Tyndall","Tyndall","SD",42.99389,-97.86194,"Nov 29, 2025","Feb 28, 2026","3_MONTH","Past Three Months",125,38.7,6.8,"9th warmest",93,
398932,"Watertown Rgnl Ap","Watertown","SD",44.90452,-97.14957,"Nov 29, 2025","Feb 28, 2026","3_MONTH","Past Three Months",126,29.1,4.5,"19th warmest",85,
400137,"Ames Plantation","","TN",35.11306,-89.21222,"Nov 29, 2025","Feb 28, 2026","3_MONTH","Past Three Months",47,52.1,-0.4,"T-21st warmest",55,
400669,"Bethpage 1 S","Bethpage","TN",36.46417,-86.32778,"Nov 29, 2025","Feb 28, 2026","3_MONTH","Past Three Months",25,47.8,-0.3,"10th coldest",36,
401094,"Bristol Ap","Oak Grove","TN",36.47964,-82.39893,"Nov 29, 2025","Feb 28, 2026","3_MONTH","Past Three Months",86,49.4,0.4,"31st warmest",64,
401480,"Carthage","Carthage","TN",36.24556,-85.94444,"Nov 29, 2025","Feb 28, 2026","3_MONTH","Past Three Months",107,51.3,0.4,"54th warmest",50,
401656,"Chattanooga Ap","Ridgeside","TN",35.03363,-85.20039,"Nov 29, 2025","Feb 28, 2026","3_MONTH","Past Three Months",98,55.7,2.4,"14th warmest",86,
401790,"Clarksville Wwtp","Clarksville","TN",36.5471,-87.3353,"Nov 29, 2025","Feb 28, 2026","3_MONTH","Past Three Months",126,51.5,1.9,"T-36th warmest",71,
401792,"Clarksville Outlaw Fld","Clarksville","TN",36.61689,-87.41174,"Nov 29, 2025","Feb 28, 2026","3_MONTH","Past Three Months",24,50,1.3,"11th warmest",54,
401808,"Cleveland Fltr Plt","Charleston","TN",35.2191,-84.7916,"Nov 29, 2025","Feb 28, 2026","3_MONTH","Past Three Months",67,54.1,1.7,"T-12th warmest",82,
401887,"Coalmont","Coalmont","TN",35.36861,-85.70028,"Nov 29, 2025","Feb 28, 2026","3_MONTH","Past Three Months",27,49.6,2.2,"T-10th warmest",63,
402197,"Crossville Ap","Crossville","TN",35.95097,-85.08141,"Nov 29, 2025","Feb 28, 2026","3_MONTH","Past Three Months",71,48.8,2.2,"T-20th warmest",72,
402388,"Decatur 7ne","Niota","TN",35.63944,-84.665,"Nov 29, 2025","Feb 28, 2026","3_MONTH","Past Three Months",28,51.9,1.3,"13th warmest",54,
402806,"Elizabethton","Elizabethton","TN",36.354,-82.2486,"Nov 29, 2025","Feb 28, 2026","3_MONTH","Past Three Months",52,48.9,0.2,"23rd coldest",42,
403074,"Fayetteville Wtp","Fayetteville","TN",35.1342,-86.5419,"Nov 29, 2025","Feb 28, 2026","3_MONTH","Past Three Months",65,54.2,1.9,"T-15th warmest",77,
403280,"Franklin Sewage Plt","Franklin","TN",35.94167,-86.86861,"Nov 29, 2025","Feb 28, 2026","3_MONTH","Past Three Months",113,50.3,-1.4,"T-56th warmest",50,
403420,"Gatlinburg 2 Sw","Gatlinburg","TN",35.68778,-83.53694,"Nov 29, 2025","Feb 28, 2026","3_MONTH","Past Three Months",84,49,-0.1,"25th coldest",29,
404556,"Jackson Mckellar Ap","Jackson","TN",35.59332,-88.91696,"Nov 29, 2025","Feb 28, 2026","3_MONTH","Past Three Months",76,52.8,1.8,"20th warmest",74,
404858,"Kingsport","Kingsport","TN",36.51944,-82.5275,"Nov 29, 2025","Feb 28, 2026","3_MONTH","Past Three Months",90,50.3,1.3,"T-40th warmest",56,
404871,"Kingston","Kingston","TN",35.8572,-84.5281,"Nov 29, 2025","Feb 28, 2026","3_MONTH","Past Three Months",26,51.3,2.5,"T-10th warmest",62,
404950,"Knoxville Ap","Alcoa","TN",35.81801,-83.98573,"Nov 29, 2025","Feb 28, 2026","3_MONTH","Past Three Months",116,51.5,0.8,"T-37th warmest",68,
405525,"Lynchburg","Lynchburg","TN",35.29833,-86.36306,"Nov 29, 2025","Feb 28, 2026","3_MONTH","Past Three Months",25,51.9,0.9,"12th coldest",44,
405954,"Memphis Intl Ap","Memphis","TN",35.05639,-89.98639,"Nov 29, 2025","Feb 28, 2026","3_MONTH","Past Three Months",85,53.5,0.2,"T-28th warmest",67,
405956,"Memphis Wfo","Memphis","TN",35.12972,-89.80361,"Nov 29, 2025","Feb 28, 2026","3_MONTH","Past Three Months",37,53.4,1.4,"T-15th warmest",59,
406162,"Monteagle","Monteagle","TN",35.22444,-85.84167,"Nov 29, 2025","Feb 28, 2026","3_MONTH","Past Three Months",84,48.8,1.8,"29th warmest",65,
406272,"Morristown Wfo","Jefferson City","TN",36.16833,-83.40278,"Nov 29, 2025","Feb 28, 2026","3_MONTH","Past Three Months",31,49.4,1.0,"13th coldest",39,
406292,"Mtn City 2","Mountain City","TN",36.474,-81.8033,"Nov 29, 2025","Feb 28, 2026","3_MONTH","Past Three Months",46,46.2,-1.6,"T-15th coldest",33,
406371,"Murfreesboro 5 N","","TN",35.92028,-86.37278,"Nov 29, 2025","Feb 28, 2026","3_MONTH","Past Three Months",124,51.4,0.8,"T-53rd warmest",57,
406402,"Nashville Asos","Nashville","TN",36.11054,-86.68815,"Nov 29, 2025","Feb 28, 2026","3_MONTH","Past Three Months",86,52.4,0.6,"23rd warmest",73,
406500,"NEWFOUND GAP","","TN",35.6108,-83.4289,"Nov 29, 2025","Feb 28, 2026","3_MONTH","Past Three Months",23,40.3,-1.0,"8th coldest",30,
406534,"Newport 1 Nw","Newport","TN",35.98333,-83.20083,"Nov 29, 2025","Feb 28, 2026","3_MONTH","Past Three Months",116,52.3,0.6,"T-38th warmest",67,
406619,"Norris","Norris","TN",36.21306,-84.06028,"Nov 29, 2025","Feb 28, 2026","3_MONTH","Past Three Months",72,50.9,3.7,"T-15th warmest",79,
406742,"Oak Ridge Asos","Oak Ridge","TN",36.023,-84.2337,"Nov 29, 2025","Feb 28, 2026","3_MONTH","Past Three Months",27,51.8,1.1,"12th warmest",56,
406806,"Old Hickory Wfo","Old Hickory","TN",36.24694,-86.56306,"Nov 29, 2025","Feb 28, 2026","3_MONTH","Past Three Months",36,49.8,0.8,"17th coldest",44,
406829,"Oneida","Oneida","TN",36.50278,-84.53083,"Nov 29, 2025","Feb 28, 2026","3_MONTH","Past Three Months",58,46.8,-0.9,"26th coldest",43,
407182,"Pikeville","Pikeville","TN",35.5982,-85.1939,"Nov 29, 2025","Feb 28, 2026","3_MONTH","Past Three Months",60,53.7,1.9,"T-15th warmest",75,
407184,"Pikeville","Pikeville","TN",35.59806,-85.19361,"Nov 29, 2025","Feb 28, 2026","3_MONTH","Past Three Months",60,53.7,1.9,"T-15th warmest",75,
407459,"Pulaski Wwtp","Pulaski","TN",35.18417,-87.04222,"Nov 29, 2025","Feb 28, 2026","3_MONTH","Past Three Months",66,52.6,1.9,"T-27th warmest",59,
408184,"Sewanee","Sewanee","TN",35.2028,-85.9172,"Nov 29, 2025","Feb 28, 2026","3_MONTH","Past Three Months",60,49.7,2.0,"T-20th warmest",67,
408522,"Sparta Water Plant","Sparta","TN",35.9067,-85.4751,"Nov 29, 2025","Feb 28, 2026","3_MONTH","Past Three Months",51,50.9,0.9,"22nd coldest",41,
408868,"Tazewell","Tazewell","TN",36.465,-83.56028,"Nov 29, 2025","Feb 28, 2026","3_MONTH","Past Three Months",60,48,1.4,"28th warmest",53,
409502,"Waynesboro","Waynesboro","TN",35.30417,-87.75917,"Nov 29, 2025","Feb 28, 2026","3_MONTH","Past Three Months",115,51.8,0.5,"T-56th warmest",51,
409709,"White House","White House","TN",36.45111,-86.64556,"Nov 29, 2025","Feb 28, 2026","3_MONTH","Past Three Months",25,47.8,-0.8,"10th coldest",36,
409866,"Woodbury 1 Wnw","Woodbury","TN",35.8375,-86.08944,"Nov 29, 2025","Feb 28, 2026","3_MONTH","Past Three Months",65,49,-3.2,"T-13th coldest",20,
410012,"Abernathy","","TX",33.84105,-101.85083,"Nov 29, 2025","Feb 28, 2026","3_MONTH","Past Three Months",27,62.5,6.5,"1st warmest",96,
410016,"Abilene Rgnl Ap","Abilene","TX",32.41063,-99.68208,"Nov 29, 2025","Feb 28, 2026","3_MONTH","Past Three Months",82,65.7,5.4,"1st warmest",99,
410120,"Albany","Albany","TX",32.7047,-99.3011,"Nov 29, 2025","Feb 28, 2026","3_MONTH","Past Three Months",111,64.8,6.3,"3rd warmest",97,
410145,"Alice Intl Ap","Alice","TX",27.74131,-98.02507,"Nov 29, 2025","Feb 28, 2026","3_MONTH","Past Three Months",29,75.9,5.0,"3rd warmest",90,
410211,"Amarillo Wso Ap","Amarillo","TX",35.22027,-101.71733,"Nov 29, 2025","Feb 28, 2026","3_MONTH","Past Three Months",85,60.7,7.4,"1st warmest",99,
410268,"Anson 3ese","","TX",32.76678,-99.89013,"Nov 29, 2025","Feb 28, 2026","3_MONTH","Past Three Months",47,63.5,4.6,"4th warmest",91,
410394,"Aspermont","","TX",33.1525,-100.23333,"Nov 29, 2025","Feb 28, 2026","3_MONTH","Past Three Months",60,65.4,7.4,"1st warmest",98,
410428,"Austin- Camp Mabry","Austin","TX",30.3208,-97.7604,"Nov 29, 2025","Feb 28, 2026","3_MONTH","Past Three Months",88,69.6,5.3,"1st warmest",99,
410429,"Austin Bergstrom Intl","Austin","TX",30.18311,-97.67989,"Nov 29, 2025","Feb 28, 2026","3_MONTH","Past Three Months",80,69.9,5.5,"1st warmest",99,
410613,"Beaumont Rsch Ctr","","TX",30.06889,-94.29278,"Nov 29, 2025","Feb 28, 2026","3_MONTH","Past Three Months",57,67.1,3.2,"7th warmest",88,
410902,"Boerne","Boerne","TX",29.7986,-98.7353,"Nov 29, 2025","Feb 28, 2026","3_MONTH","Past Three Months",120,69.4,6.2,"3rd warmest",97,
411128,"Brownfield #2","Brownfield","TX",33.19083,-102.26806,"Nov 29, 2025","Feb 28, 2026","3_MONTH","Past Three Months",73,63.2,6.3,"1st warmest",99,
411136,"Brownsville Intl Ap","Brownsville","TX",25.91459,-97.42314,"Nov 29, 2025","Feb 28, 2026","3_MONTH","Past Three Months",104,78.6,4.3,"2nd warmest",98,
411138,"Brownwood 2ene","Brownwood","TX",31.72278,-99.01417,"Nov 29, 2025","Feb 28, 2026","3_MONTH","Past Three Months",111,65.5,4.2,"12th warmest",89,
411250,"Burnet","Burnet","TX",30.75861,-98.23389,"Nov 29, 2025","Feb 28, 2026","3_MONTH","Past Three Months",107,65.6,5.3,"T-18th warmest",83,
411255,"Burnet Muni Ap","Burnet","TX",30.74067,-98.23539,"Nov 29, 2025","Feb 28, 2026","3_MONTH","Past Three Months",23,67.1,5.0,"1st warmest",96,
411337,"Calliham","Calliham","TX",28.49583,-98.39528,"Nov 29, 2025","Feb 28, 2026","3_MONTH","Past Three Months",27,73.3,4.4,"2nd warmest",93,
411486,"Carrizo Springs 3w","Carrizo Springs","TX",28.48972,-99.87389,"Nov 29, 2025","Feb 28, 2026","3_MONTH","Past Three Months",89,73.1,4.8,"4th warmest",96,
411500,"Carthage","Carthage","TX",32.16139,-94.33972,"Nov 29, 2025","Feb 28, 2026","3_MONTH","Past Three Months",70,63.5,4.4,"10th warmest",86,
411694,"Childress 2","Childress","TX",34.43861,-100.21833,"Nov 29, 2025","Feb 28, 2026","3_MONTH","Past Three Months",28,63.3,7.7,"1st warmest",96,
411698,"Childress Muni Ap","Childress","TX",34.42747,-100.28391,"Nov 29, 2025","Feb 28, 2026","3_MONTH","Past Three Months",78,63.3,7.4,"1st warmest",99,
411715,"Chisos Basin","","TX",29.27028,-103.30028,"Nov 29, 2025","Feb 28, 2026","3_MONTH","Past Three Months",74,64.7,4.8,"3rd warmest",96,
411720,"Choke Canyon Dam","","TX",28.4675,-98.2525,"Nov 29, 2025","Feb 28, 2026","3_MONTH","Past Three Months",41,75.7,9.8,"1st warmest",98,
411880,"Coleto Creek Rsvr","","TX",28.71583,-97.17444,"Nov 29, 2025","Feb 28, 2026","3_MONTH","Past Three Months",23,71.2,4.4,"1st warmest",96,
411889,"Clg Stn Easterwd Ap","College Station--Bryan","TX",30.5912,-96.36309,"Nov 29, 2025","Feb 28, 2026","3_MONTH","Past Three Months",72,68.3,4.8,"2nd warmest",97,
411956,"Conroe","Conroe--The Woodlands","TX",30.33028,-95.48306,"Nov 29, 2025","Feb 28, 2026","3_MONTH","Past Three Months",92,69.4,4.9,"3rd warmest",97,
412011,"Corpus Christi Nws","Corpus Christi","TX",27.77917,-97.50556,"Nov 29, 2025","Feb 28, 2026","3_MONTH","Past Three Months",22,73.5,5.6,"1st warmest",95,
412015,"Corpus Christi Ap","Corpus Christi","TX",27.77335,-97.51302,"Nov 29, 2025","Feb 28, 2026","3_MONTH","Past Three Months",84,74.1,4.3,"T-4th warmest",95,
412019,"Corsicana","Corsicana","TX",32.1225,-96.48667,"Nov 29, 2025","Feb 28, 2026","3_MONTH","Past Three Months",121,64.1,4.8,"12th warmest",90,
412048,"Cotulla La Salle Co Ap","Cotulla","TX",28.45854,-99.22275,"Nov 29, 2025","Feb 28, 2026","3_MONTH","Past Three Months",27,74.8,5.0,"2nd warmest",93,
412121,"Crosbyton","Crosbyton","TX",33.65167,-101.245,"Nov 29, 2025","Feb 28, 2026","3_MONTH","Past Three Months",123,62.3,6.6,"1st warmest",99,
412240,"Dalhart Faa Ap","Dalhart","TX",36.02516,-102.54875,"Nov 29, 2025","Feb 28, 2026","3_MONTH","Past Three Months",76,60,7.8,"1st warmest",99,
412242,"Dal-ftw Wscmo Ap","Dallas","TX",32.89744,-97.02196,"Nov 29, 2025","Feb 28, 2026","3_MONTH","Past Three Months",52,64.1,5.7,"2nd warmest",96,
412244,"Dallas Faa Ap","Dallas","TX",32.83839,-96.83583,"Nov 29, 2025","Feb 28, 2026","3_MONTH","Past Three Months",87,64,4.4,"4th warmest",95,
412266,"Danevang 1 W","Danevang","TX",29.05667,-96.23194,"Nov 29, 2025","Feb 28, 2026","3_MONTH","Past Three Months",120,69.3,4.2,"17th warmest",86,
412360,"Del Rio Ap","Del Rio","TX",29.3784,-100.92704,"Nov 29, 2025","Feb 28, 2026","3_MONTH","Past Three Months",69,71.7,4.6,"2nd warmest",97,
412408,"Denver City","Denver City","TX",32.96194,-102.82194,"Nov 29, 2025","Feb 28, 2026","3_MONTH","Past Three Months",34,64.2,6.4,"1st warmest",97,
412436,"Deweyville 5 S","","TX",30.2263,-93.7394,"Nov 29, 2025","Feb 28, 2026","3_MONTH","Past Three Months",37,64.6,2.3,"T-11th warmest",70,
412464,"Dimmitt 2 N","Dimmitt","TX",34.54422,-102.302,"Nov 29, 2025","Feb 28, 2026","3_MONTH","Past Three Months",62,60.8,8.0,"1st warmest",98,
412741,"Eden","Eden","TX",31.22102,-99.85015,"Nov 29, 2025","Feb 28, 2026","3_MONTH","Past Three Months",61,65.2,5.1,"13th warmest",79,
412797,"El Paso Ap","El Paso","TX",31.81234,-106.37737,"Nov 29, 2025","Feb 28, 2026","3_MONTH","Past Three Months",84,66.6,6.5,"1st warmest",99,
413214,"Floydada","Floydada","TX",33.98694,-101.33611,"Nov 29, 2025","Feb 28, 2026","3_MONTH","Past Three Months",74,60.7,6.8,"2nd warmest",97,
413225,"Follett","Follett","TX",36.43278,-100.13694,"Nov 29, 2025","Feb 28, 2026","3_MONTH","Past Three Months",81,58.1,7.9,"1st warmest",99,
413257,"Ft Mckavett","","TX",30.82728,-100.11023,"Nov 29, 2025","Feb 28, 2026","3_MONTH","Past Three Months",28,67.1,4.9,"1st warmest",96,
413282,"Ft Worth Carswell Afb","Dallas--Fort Worth--Arlington","TX",32.76667,-97.45,"Nov 29, 2025","Feb 28, 2026","3_MONTH","Past Three Months",43,65,4.5,"1st warmest",98,
413284,"Ft Worth Meacham Fld","Dallas--Fort Worth--Arlington","TX",32.82478,-97.36403,"Nov 29, 2025","Feb 28, 2026","3_MONTH","Past Three Months",44,64,5.8,"3rd warmest",93,
413285,"Ft Worth Wsfo","Dallas--Fort Worth--Arlington","TX",32.83389,-97.2975,"Nov 29, 2025","Feb 28, 2026","3_MONTH","Past Three Months",30,62.3,5.1,"4th warmest",87,
413341,"Freer 4n","Freer","TX",27.8722,-98.6176,"Nov 29, 2025","Feb 28, 2026","3_MONTH","Past Three Months",44,75.8,7.4,"1st warmest",98,
413368,"Friona","Friona","TX",34.64,-102.72306,"Nov 29, 2025","Feb 28, 2026","3_MONTH","Past Three Months",64,60.3,7.8,"1st warmest",98,
413420,"Gainesville 5 Ene","Gainesville","TX",33.64611,-97.05917,"Nov 29, 2025","Feb 28, 2026","3_MONTH","Past Three Months",39,59.8,4.9,"2nd warmest",95,
413431,"Galveston Wb Ap","Galveston","TX",29.26667,-94.86667,"Nov 29, 2025","Feb 28, 2026","3_MONTH","Past Three Months",41,66.6,1.6,"T-6th warmest",85,
413787,"Gruver","Gruver","TX",36.26306,-101.405,"Nov 29, 2025","Feb 28, 2026","3_MONTH","Past Three Months",64,60,9.8,"1st warmest",98,
413828,"Guthrie","Guthrie","TX",33.62667,-100.33694,"Nov 29, 2025","Feb 28, 2026","3_MONTH","Past Three Months",55,65.1,6.9,"1st warmest",98,
413943,"Harlingen","Harlingen","TX",26.20278,-97.67278,"Nov 29, 2025","Feb 28, 2026","3_MONTH","Past Three Months",103,76,2.4,"T-15th warmest",85,
413972,"Hart","Hart","TX",34.3697,-102.1175,"Nov 29, 2025","Feb 28, 2026","3_MONTH","Past Three Months",40,60.1,7.8,"1st warmest",97,
414256,"Hondo Muni Ap","Hondo","TX",29.36013,-99.17423,"Nov 29, 2025","Feb 28, 2026","3_MONTH","Past Three Months",46,71.5,4.7,"2nd warmest",96,
414278,"Hords Creek Dam","","TX",31.84555,-99.56068,"Nov 29, 2025","Feb 28, 2026","3_MONTH","Past Three Months",64,65.6,5.2,"2nd warmest",97,
414300,"Houston Bush Intl Ap","Houston","TX",29.98438,-95.36072,"Nov 29, 2025","Feb 28, 2026","3_MONTH","Past Three Months",57,69.8,4.2,"2nd warmest",96,
414307,"Houston Hobby Ap","Houston","TX",29.64586,-95.28212,"Nov 29, 2025","Feb 28, 2026","3_MONTH","Past Three Months",83,70.1,4.4,"4th warmest",95,
414333,"Houston Nwso","Houston","TX",29.47167,-95.08333,"Nov 29, 2025","Feb 28, 2026","3_MONTH","Past Three Months",36,68.9,3.3,"3rd warmest",92,
414382,"Huntsville","Huntsville","TX",30.70639,-95.54194,"Nov 29, 2025","Feb 28, 2026","3_MONTH","Past Three Months",110,64.2,4.1,"T-16th warmest",85,
414483,"Iron Brg Dam","","TX",32.8522,-95.8863,"Nov 29, 2025","Feb 28, 2026","3_MONTH","Past Three Months",44,60.7,4.1,"5th warmest",89,
414577,"Jefferson","","TX",32.7692,-94.3591,"Nov 29, 2025","Feb 28, 2026","3_MONTH","Past Three Months",35,62,3.0,"6th warmest",83,
414671,"Junction Faa Ap","Junction","TX",30.51048,-99.76649,"Nov 29, 2025","Feb 28, 2026","3_MONTH","Past Three Months",47,70.1,6.4,"1st warmest",98,
415342,"Longview E Tx Rgnl Ap","Longview","TX",32.39094,-94.71396,"Nov 29, 2025","Feb 28, 2026","3_MONTH","Past Three Months",25,64.3,4.2,"3rd warmest",88,
415411,"Lubbock Intl Ap","Lubbock","TX",33.66578,-101.8233,"Nov 29, 2025","Feb 28, 2026","3_MONTH","Past Three Months",79,64.2,7.7,"1st warmest",99,
415424,"Lufkin Angelina Co Ap","","TX",31.23593,-94.75468,"Nov 29, 2025","Feb 28, 2026","3_MONTH","Past Three Months",77,66.1,4.4,"9th warmest",88,
415702,"Mcallen Intl Ap","McAllen","TX",26.17912,-98.2445,"Nov 29, 2025","Feb 28, 2026","3_MONTH","Past Three Months",62,80.1,5.5,"2nd warmest",97,
415890,"Midland Intl  Ap","Midland","TX",31.94306,-102.19056,"Nov 29, 2025","Feb 28, 2026","3_MONTH","Past Three Months",96,64.8,4.4,"2nd warmest",98,
415958,"Mineral Wells Ap","Mineral Wells","TX",32.78155,-98.06023,"Nov 29, 2025","Feb 28, 2026","3_MONTH","Past Three Months",70,65.7,6.1,"3rd warmest",96,
416275,"New Braunfels Ap","New Braunfels","TX",29.70887,-98.04585,"Nov 29, 2025","Feb 28, 2026","3_MONTH","Past Three Months",26,69.9,4.0,"3rd warmest",88,
416750,"Palacios Muni Ap","Palacios","TX",28.7248,-96.25353,"Nov 29, 2025","Feb 28, 2026","3_MONTH","Past Three Months",82,70.2,3.0,"5th warmest",94,
417174,"Port Arthur Ap","Port Arthur","TX",29.95205,-94.02616,"Nov 29, 2025","Feb 28, 2026","3_MONTH","Past Three Months",79,68.5,3.0,"T-6th warmest",92,
417698,"Rockport Asos","Rockport","TX",28.08366,-97.04669,"Nov 29, 2025","Feb 28, 2026","3_MONTH","Past Three Months",25,71.4,4.3,"2nd warmest",92,
417943,"San Angelo Mathis  Fld","San Angelo","TX",31.35172,-100.4948,"Nov 29, 2025","Feb 28, 2026","3_MONTH","Past Three Months",79,67.9,5.1,"2nd warmest",97,
417945,"San Antonio Intl Ap","San Antonio","TX",29.54429,-98.48395,"Nov 29, 2025","Feb 28, 2026","3_MONTH","Past Three Months",84,70.5,5.3,"3rd warmest",96,
418274,"Sherman","","TX",33.70333,-96.64194,"Nov 29, 2025","Feb 28, 2026","3_MONTH","Past Three Months",115,58.9,4.2,"11th warmest",90,
418653,"San Antonio Stinson Ap","San Antonio","TX",29.33896,-98.47198,"Nov 29, 2025","Feb 28, 2026","3_MONTH","Past Three Months",25,71.7,4.9,"2nd warmest",92,
419213,"Tyler Pounds Fld","Tyler","TX",32.3587,-95.404,"Nov 29, 2025","Feb 28, 2026","3_MONTH","Past Three Months",41,64.2,4.5,"T-3rd warmest",93,
419364,"Victoria Asos","Victoria","TX",28.86245,-96.9301,"Nov 29, 2025","Feb 28, 2026","3_MONTH","Past Three Months",70,72,4.8,"T-2nd warmest",97,
419419,"Waco Rgnl Ap","Waco","TX",31.61796,-97.2283,"Nov 29, 2025","Feb 28, 2026","3_MONTH","Past Three Months",95,67.1,6.2,"1st warmest",99,
419729,"Wichita Falls Muni Ap","Wichita Falls","TX",33.97855,-98.49298,"Nov 29, 2025","Feb 28, 2026","3_MONTH","Past Three Months",101,63.1,6.6,"1st warmest",99,
420061,"Alpine","Alpine","UT",40.46437,-111.77088,"Nov 29, 2025","Feb 28, 2026","3_MONTH","Past Three Months",43,49.4,9.1,"1st warmest",98,
420072,"Alta","","UT",40.59058,-111.63703,"Nov 29, 2025","Feb 28, 2026","3_MONTH","Past Three Months",70,36,5.4,"2nd warmest",97,
420819,"BOUNTIFUL BENCH","Bountiful","UT",40.891,-111.8504,"Nov 29, 2025","Feb 28, 2026","3_MONTH","Past Three Months",52,47.1,7.4,"1st warmest",98,
421002,"Bryce Canyon Faa Ap","Bryce Canyon","UT",37.70127,-112.14897,"Nov 29, 2025","Feb 28, 2026","3_MONTH","Past Three Months",57,45.6,9.5,"1st warmest",98,
421144,"Callao","Callao","UT",39.89972,-113.71278,"Nov 29, 2025","Feb 28, 2026","3_MONTH","Past Three Months",62,50.8,10.2,"1st warmest",98,
421163,"Canyonlands-the Neck","","UT",38.46,-109.82139,"Nov 29, 2025","Feb 28, 2026","3_MONTH","Past Three Months",53,46.6,7.7,"2nd warmest",96,
421171,"Capitol Reef Np","","UT",38.29167,-111.26222,"Nov 29, 2025","Feb 28, 2026","3_MONTH","Past Three Months",76,50.5,8.1,"2nd warmest",97,
421259,"Cedar City","Cedar City","UT",37.70833,-113.14389,"Nov 29, 2025","Feb 28, 2026","3_MONTH","Past Three Months",25,51.5,8.6,"1st warmest",96,
421267,"Cedar City Ap","Cedar City","UT",37.70672,-113.09698,"Nov 29, 2025","Feb 28, 2026","3_MONTH","Past Three Months",78,51.4,7.3,"1st warmest",99,
421446,"City Creek Wtp","","UT",40.81496,-111.83209,"Nov 29, 2025","Feb 28, 2026","3_MONTH","Past Three Months",24,47.8,8.4,"1st warmest",96,
421918,"Cutler Dam Up&l","","UT",41.83278,-112.05583,"Nov 29, 2025","Feb 28, 2026","3_MONTH","Past Three Months",40,44.9,10.9,"1st warmest",97,
422057,"Deer Creek Dam","","UT",40.40472,-111.52861,"Nov 29, 2025","Feb 28, 2026","3_MONTH","Past Three Months",86,46.6,9.8,"1st warmest",99,
422101,"Deseret","Deseret","UT",39.28754,-112.6513,"Nov 29, 2025","Feb 28, 2026","3_MONTH","Past Three Months",124,51.2,9.9,"1st warmest",99,
422798,"Ferron","Ferron","UT",39.0875,-111.1325,"Nov 29, 2025","Feb 28, 2026","3_MONTH","Past Three Months",72,48.1,9.3,"2nd warmest",97,
423046,"Fruita","","UT",38.29132,-111.26221,"Nov 29, 2025","Feb 28, 2026","3_MONTH","Past Three Months",76,50.5,8.1,"2nd warmest",97,
423929,"High Line City Creek","","UT",40.81496,-111.83209,"Nov 29, 2025","Feb 28, 2026","3_MONTH","Past Three Months",24,47.8,8.4,"1st warmest",96,
424342,"Jensen","Jensen","UT",40.36417,-109.345,"Nov 29, 2025","Feb 28, 2026","3_MONTH","Past Three Months",85,47.3,13.7,"T-1st warmest",99,
424508,"Kanab","Kanab","UT",37.02861,-112.53667,"Nov 29, 2025","Feb 28, 2026","3_MONTH","Past Three Months",101,57.7,7.1,"2nd warmest",98,
424755,"Kodachrome Basin Park","","UT",37.51417,-111.98833,"Nov 29, 2025","Feb 28, 2026","3_MONTH","Past Three Months",46,55.2,9.2,"1st warmest",98,
424968,"La Verkin","La Verkin","UT",37.2009,-113.2685,"Nov 29, 2025","Feb 28, 2026","3_MONTH","Past Three Months",71,58.8,5.5,"4th warmest",94,
425148,"Loa","Loa","UT",38.40616,-111.64235,"Nov 29, 2025","Feb 28, 2026","3_MONTH","Past Three Months",98,49.8,9.2,"1st warmest",99,
425182,"Logan Radio Kvnu","Logan","UT",41.73497,-111.85637,"Nov 29, 2025","Feb 28, 2026","3_MONTH","Past Three Months",60,45.8,11.5,"1st warmest",98,
425402,"Manti","Manti","UT",39.25833,-111.63056,"Nov 29, 2025","Feb 28, 2026","3_MONTH","Past Three Months",125,49,9.7,"1st warmest",99,
425892,"Mtn Dell Dam","","UT",40.74972,-111.72222,"Nov 29, 2025","Feb 28, 2026","3_MONTH","Past Three Months",71,46.8,5.4,"1st warmest",99,
425921,"Mt Emmons","Altamont","UT",40.36696,-110.29858,"Nov 29, 2025","Feb 28, 2026","3_MONTH","Past Three Months",70,44,13.0,"1st warmest",99,
426123,"Neola","Neola","UT",40.41773,-110.05115,"Nov 29, 2025","Feb 28, 2026","3_MONTH","Past Three Months",62,44.2,11.2,"1st warmest",98,
426181,"New Harmony","New Harmony","UT",37.4637,-113.2896,"Nov 29, 2025","Feb 28, 2026","3_MONTH","Past Three Months",65,51.7,6.1,"2nd warmest",97,
426424,"Ogden Caa Ap","Ogden","UT",41.19406,-112.01682,"Nov 29, 2025","Feb 28, 2026","3_MONTH","Past Three Months",30,47,8.9,"1st warmest",97,
426869,"Pine View Dam","","UT",41.25778,-111.83778,"Nov 29, 2025","Feb 28, 2026","3_MONTH","Past Three Months",80,45.2,11.5,"1st warmest",99,
427064,"Provo Byu","Provo","UT",40.24583,-111.65083,"Nov 29, 2025","Feb 28, 2026","3_MONTH","Past Three Months",56,51.3,8.0,"1st warmest",98,
427516,"St George","St. George","UT",37.119,-113.6068,"Nov 29, 2025","Feb 28, 2026","3_MONTH","Past Three Months",121,61.5,6.2,"2nd warmest",98,
427598,"Salt Lake City Intl Ap","Salt Lake City","UT",40.77069,-111.96503,"Nov 29, 2025","Feb 28, 2026","3_MONTH","Past Three Months",78,49.1,8.4,"1st warmest",99,
427714,"Scipio","Scipio","UT",39.24528,-112.10667,"Nov 29, 2025","Feb 28, 2026","3_MONTH","Past Three Months",119,49.6,9.7,"2nd warmest",98,
427846,"Silver Lake Brighton","","UT",40.60083,-111.58417,"Nov 29, 2025","Feb 28, 2026","3_MONTH","Past Three Months",81,36.8,6.3,"2nd warmest",98,
428119,"Spanish Fork Pwr House","Spanish Fork","UT",40.07972,-111.60444,"Nov 29, 2025","Feb 28, 2026","3_MONTH","Past Three Months",116,48.9,8.4,"1st warmest",99,
428771,"Tooele","Tooele","UT",40.5352,-112.3218,"Nov 29, 2025","Feb 28, 2026","3_MONTH","Past Three Months",128,49.4,8.9,"1st warmest",99,
428973,"Utah Lake Lehi","","UT",40.3603,-111.8972,"Nov 29, 2025","Feb 28, 2026","3_MONTH","Past Three Months",87,46,5.5,"1st warmest",99,
429133,"Vernon","Vernon","UT",40.09595,-112.4357,"Nov 29, 2025","Feb 28, 2026","3_MONTH","Past Three Months",56,48.5,7.7,"1st warmest",98,
431081,"Burlington Wso Ap","Burlington","VT",44.46825,-73.1499,"Nov 29, 2025","Feb 28, 2026","3_MONTH","Past Three Months",133,29.4,-2.6,"T-65th coldest",49,
434120,"Island Pond","Island Pond","VT",44.81278,-71.89028,"Nov 29, 2025","Feb 28, 2026","3_MONTH","Past Three Months",35,23.3,-3.5,"6th coldest",14,
435278,"Montpelier Ap","Barre","VT",44.20503,-72.56545,"Nov 29, 2025","Feb 28, 2026","3_MONTH","Past Three Months",76,25.7,-3.1,"17th coldest",21,
435376,"Morrisville 4 Ssw","","VT",44.51389,-72.62361,"Nov 29, 2025","Feb 28, 2026","3_MONTH","Past Three Months",30,27.3,-0.6,"T-9th coldest",30,
436391,"Plainfield","Plainfield","VT",44.27611,-72.415,"Nov 29, 2025","Feb 28, 2026","3_MONTH","Past Three Months",25,28.4,-0.0,"7th coldest",24,
436995,"Rutland","Rutland","VT",43.62528,-72.97806,"Nov 29, 2025","Feb 28, 2026","3_MONTH","Past Three Months",104,29.5,-2.8,"T-16th coldest",15,
437054,"Saint Johnsbury","Saint Johnsbury","VT",44.42,-72.01944,"Nov 29, 2025","Feb 28, 2026","3_MONTH","Past Three Months",128,28.8,-2.7,"T-46th coldest",37,
438556,"Union Village Dam","","VT",43.79167,-72.25778,"Nov 29, 2025","Feb 28, 2026","3_MONTH","Past Three Months",21,29.7,-2.1,"4th coldest",14,
439984,"Woodstock","","VT",43.63028,-72.50722,"Nov 29, 2025","Feb 28, 2026","3_MONTH","Past Three Months",115,29.6,-3.1,"T-38th coldest",33,
439988,"Worcester 2 W","","VT",44.37472,-72.58222,"Nov 29, 2025","Feb 28, 2026","3_MONTH","Past Three Months",24,25,-3.8,"4th coldest",12,
440021,"Abingdon 3s","Abingdon","VA",36.6687,-81.9646,"Nov 29, 2025","Feb 28, 2026","3_MONTH","Past Three Months",54,45.4,-1.7,"T-12th coldest",22,
440243,"Appomattox","Appomattox","VA",37.3261,-78.8274,"Nov 29, 2025","Feb 28, 2026","3_MONTH","Past Three Months",44,45,-2.5,"T-15th coldest",36,
440327,"Ashland","Ashland","VA",37.75,-77.48333,"Nov 29, 2025","Feb 28, 2026","3_MONTH","Past Three Months",99,46.8,-2.5,"29th coldest",28,
440766,"Blacksburg Nwso","Merrimac","VA",37.2039,-80.4144,"Nov 29, 2025","Feb 28, 2026","3_MONTH","Past Three Months",70,42.7,-1.3,"T-28th coldest",40,
441082,"Brookneal","Brookneal","VA",37.0679,-78.9517,"Nov 29, 2025","Feb 28, 2026","3_MONTH","Past Three Months",33,47.6,-2.5,"10th coldest",27,
441209,"Burkes Garden","Bluefield","VA",37.0925,-81.33583,"Nov 29, 2025","Feb 28, 2026","3_MONTH","Past Three Months",122,40.1,-1.5,"T-32nd coldest",28,
441593,"Charlottesville 2w","Charlottesville","VA",38.0329,-78.5226,"Nov 29, 2025","Feb 28, 2026","3_MONTH","Past Three Months",85,45.6,-1.6,"T-24th coldest",29,
441603,"Charlottesville Faa Ap","Charlottesville","VA",38.1374,-78.45513,"Nov 29, 2025","Feb 28, 2026","3_MONTH","Past Three Months",65,45.2,-4.6,"T-19th coldest",29,
441614,"Chatham","Chatham","VA",36.82204,-79.4102,"Nov 29, 2025","Feb 28, 2026","3_MONTH","Past Three Months",93,47.8,-1.8,"27th coldest",28,
441692,"Christiansburg","Christiansburg","VA",37.12778,-80.40333,"Nov 29, 2025","Feb 28, 2026","3_MONTH","Past Three Months",31,43.3,-0.6,"9th coldest",26,
441746,"Clarksville","Clarksville","VA",36.62139,-78.55056,"Nov 29, 2025","Feb 28, 2026","3_MONTH","Past Three Months",25,48.5,-4.1,"2nd coldest",4,
441825,"Clintwood 1 W","Clintwood","VA",37.14556,-82.49078,"Nov 29, 2025","Feb 28, 2026","3_MONTH","Past Three Months",33,44.5,-0.4,"13th coldest",36,
441999,"Copper Hill","Shawsville","VA",37.08165,-80.13497,"Nov 29, 2025","Feb 28, 2026","3_MONTH","Past Three Months",24,41.1,-1.5,"9th coldest",33,
442044,"Covington Fltr Plt","Covington","VA",37.81112,-79.98822,"Nov 29, 2025","Feb 28, 2026","3_MONTH","Past Three Months",60,45.1,0.9,"19th coldest",30,
442142,"Crozier","Short Pump","VA",37.6664,-77.8769,"Nov 29, 2025","Feb 28, 2026","3_MONTH","Past Three Months",50,46.6,-1.7,"T-13th coldest",28,
442208,"Dale Enterprise","Harrisonburg","VA",38.4547,-78.9352,"Nov 29, 2025","Feb 28, 2026","3_MONTH","Past Three Months",131,44.2,-0.6,"T-52nd coldest",40,
442250,"Danville Regional Ap","Danville","VA",36.57286,-79.33496,"Nov 29, 2025","Feb 28, 2026","3_MONTH","Past Three Months",41,49.8,-1.3,"16th coldest",37,
442790,"Emporia 1 Wnw","Emporia","VA",36.69833,-77.55972,"Nov 29, 2025","Feb 28, 2026","3_MONTH","Past Three Months",34,51.4,-1.7,"9th coldest",24,
443272,"Galax Wtp","Galax","VA",36.65452,-80.91732,"Nov 29, 2025","Feb 28, 2026","3_MONTH","Past Three Months",28,43.6,-2.2,"9th coldest",29,
443310,"Gathright Dam","Covington","VA",37.94583,-79.95417,"Nov 29, 2025","Feb 28, 2026","3_MONTH","Past Three Months",46,43.3,0.1,"18th coldest",37,
443640,"Grundy","Grundy","VA",37.28217,-82.08849,"Nov 29, 2025","Feb 28, 2026","3_MONTH","Past Three Months",50,44.5,-0.8,"13th coldest",24,
444909,"Lincoln","","VA",39.14216,-77.70939,"Nov 29, 2025","Feb 28, 2026","3_MONTH","Past Three Months",109,40.4,-3.0,"T-11th coldest",10,
445050,"Louisa","Louisa","VA",38.04222,-78.00611,"Nov 29, 2025","Feb 28, 2026","3_MONTH","Past Three Months",105,47.1,-0.5,"T-39th coldest",37,
445096,"Luray 5 E","Luray","VA",38.66611,-78.37278,"Nov 29, 2025","Feb 28, 2026","3_MONTH","Past Three Months",66,44,-2.0,"13th coldest",18,
445120,"Lynchburg Intl Ap","Timberlake","VA",37.32126,-79.20649,"Nov 29, 2025","Feb 28, 2026","3_MONTH","Past Three Months",95,46.4,-1.9,"T-34th coldest",36,
445300,"Martinsville Fltr Plt","Martinsville","VA",36.70479,-79.86529,"Nov 29, 2025","Feb 28, 2026","3_MONTH","Past Three Months",77,48,-2.6,"18th coldest",22,
446139,"Norfolk Intl Ap","Norfolk","VA",36.90371,-76.19266,"Nov 29, 2025","Feb 28, 2026","3_MONTH","Past Three Months",80,48.8,-4.2,"T-23rd coldest",29,
446147,"Norfolk South","Norfolk","VA",36.8707,-76.2289,"Nov 29, 2025","Feb 28, 2026","3_MONTH","Past Three Months",24,49,-2.2,"6th coldest",21,
446626,"Pennington Gap","Pennington Gap","VA",36.7586,-83.0105,"Nov 29, 2025","Feb 28, 2026","3_MONTH","Past Three Months",72,48,0.4,"T-34th warmest",53,
446656,"Petersburg","Colonial Heights","VA",37.2388,-77.3925,"Nov 29, 2025","Feb 28, 2026","3_MONTH","Past Three Months",22,50.7,-0.7,"7th coldest",27,
447174,"Richlands","Richlands","VA",37.09472,-81.79361,"Nov 29, 2025","Feb 28, 2026","3_MONTH","Past Three Months",36,45.7,-0.9,"14th coldest",36,
447201,"Richmond Intl Ap","Highland Springs","VA",37.51154,-77.32338,"Nov 29, 2025","Feb 28, 2026","3_MONTH","Past Three Months",96,47.4,-3.0,"T-27th coldest",28,
447278,"Roanoke 8 N","Hollins","VA",37.3622,-79.95871,"Nov 29, 2025","Feb 28, 2026","3_MONTH","Past Three Months",27,46.9,-1.2,"9th coldest",30,
447285,"Roanoke Intl Ap","Hollins","VA",37.31719,-79.97369,"Nov 29, 2025","Feb 28, 2026","3_MONTH","Past Three Months",78,47.2,-2.2,"37th coldest",46,
447506,"Saltville 1n","Saltville","VA",36.88944,-81.77111,"Nov 29, 2025","Feb 28, 2026","3_MONTH","Past Three Months",63,45.8,-0.9,"T-25th coldest",40,
447904,"Somerset","Madison","VA",38.24556,-78.27028,"Nov 29, 2025","Feb 28, 2026","3_MONTH","Past Three Months",28,44.5,-2.9,"6th coldest",18,
447925,"South Boston","South Boston","VA",36.6954,-78.8807,"Nov 29, 2025","Feb 28, 2026","3_MONTH","Past Three Months",45,51.3,-1.6,"18th coldest",38,
448022,"Staffordsville 3 Ene","Pearisburg","VA",37.27866,-80.68884,"Nov 29, 2025","Feb 28, 2026","3_MONTH","Past Three Months",49,43.8,-1.1,"17th coldest",33,
448054,"State Farm","Short Pump","VA",37.6664,-77.8769,"Nov 29, 2025","Feb 28, 2026","3_MONTH","Past Three Months",50,46.6,-1.7,"T-13th coldest",28,
448084,"Sterling Rcs","Sterling","VA",38.98278,-77.48917,"Nov 29, 2025","Feb 28, 2026","3_MONTH","Past Three Months",48,42.7,-1.9,"T-13th coldest",27,
448169,"Stuart","Stuart","VA",36.6365,-80.2545,"Nov 29, 2025","Feb 28, 2026","3_MONTH","Past Three Months",83,49.1,-1.4,"T-29th coldest",40,
448170,"Stuart","Stuart","VA",36.63639,-80.25139,"Nov 29, 2025","Feb 28, 2026","3_MONTH","Past Three Months",83,48.9,-1.6,"28th coldest",33,
448192,"Suffolk Lake Kilby","Suffolk","VA",36.72972,-76.60139,"Nov 29, 2025","Feb 28, 2026","3_MONTH","Past Three Months",79,50.1,-1.5,"28th coldest",34,
448737,"Vienna","Vienna","VA",38.89205,-77.28913,"Nov 29, 2025","Feb 28, 2026","3_MONTH","Past Three Months",32,40,-4.8,"3rd coldest",6,
448800,"Wakefield 1nw","Wakefield","VA",36.98389,-77.00778,"Nov 29, 2025","Feb 28, 2026","3_MONTH","Past Three Months",31,49.1,-2.9,"7th coldest",19,
448801,"WAKEFIELD MUNICIPAL AP","Sussex County","VA",36.98269,-77.00137,"Nov 29, 2025","Feb 28, 2026","3_MONTH","Past Three Months",24,48.7,-3.4,"5th coldest",17,
448849,"Wallops Island Wssf","Chincoteague","VA",37.93722,-75.47083,"Nov 29, 2025","Feb 28, 2026","3_MONTH","Past Three Months",60,45.4,-3.2,"20th coldest",32,
448903,"Washgtn Dulles Intl Ap","Washington","VA",38.93485,-77.44728,"Nov 29, 2025","Feb 28, 2026","3_MONTH","Past Three Months",65,42.4,-2.7,"22nd coldest",32,
448906,"Washington Reagan Ap","Arlington","VA",38.84721,-77.03454,"Nov 29, 2025","Feb 28, 2026","3_MONTH","Past Three Months",97,43.1,-4.3,"T-18th coldest",20,
449151,"Williamsburg 2 N","Williamsburg","VA",37.30167,-76.70389,"Nov 29, 2025","Feb 28, 2026","3_MONTH","Past Three Months",75,47.8,-3.6,"11th coldest",13,
449301,"Wytheville 1 S","Wytheville","VA",36.93645,-81.06186,"Nov 29, 2025","Feb 28, 2026","3_MONTH","Past Three Months",100,43.9,-0.8,"T-29th coldest",30,
450574,"Bellingham Fcwos Ap","Bellingham","WA",48.7991,-122.54069,"Nov 29, 2025","Feb 28, 2026","3_MONTH","Past Three Months",74,48.4,1.5,"8th warmest",89,
450844,"Boundary Dam","","WA",48.99444,-117.35407,"Nov 29, 2025","Feb 28, 2026","3_MONTH","Past Three Months",54,34.6,0.3,"T-21st warmest",61,
451350,"Chelan","Chelan","WA",47.83426,-120.00021,"Nov 29, 2025","Feb 28, 2026","3_MONTH","Past Three Months",119,40.7,3.8,"4th warmest",97,
451679,"Concrete Ppl Fish Stn","Concrete","WA",48.53972,-121.74222,"Nov 29, 2025","Feb 28, 2026","3_MONTH","Past Three Months",99,45.6,1.7,"T-20th warmest",80,
451767,"Coulee Dam 1 Sw","Coulee Dam","WA",47.9545,-118.9997,"Nov 29, 2025","Feb 28, 2026","3_MONTH","Past Three Months",86,39.8,4.8,"T-5th warmest",94,
451939,"Cushman Powerhouse 2","","WA",47.37056,-123.16,"Nov 29, 2025","Feb 28, 2026","3_MONTH","Past Three Months",53,47.2,1.5,"T-9th warmest",83,
451968,"Dallesport Ap","","WA",45.61901,-121.16571,"Nov 29, 2025","Feb 28, 2026","3_MONTH","Past Three Months",78,46.8,3.0,"T-9th warmest",88,
452007,"Davenport","Davenport","WA",47.66371,-118.16133,"Nov 29, 2025","Feb 28, 2026","3_MONTH","Past Three Months",113,38.6,5.3,"5th warmest",96,
452157,"Diablo Dam","Diablo","WA",48.71417,-121.14306,"Nov 29, 2025","Feb 28, 2026","3_MONTH","Past Three Months",98,43.2,3.4,"T-6th warmest",94,
452508,"Ellensburg Faa Ap","Ellensburg","WA",47.03376,-120.53135,"Nov 29, 2025","Feb 28, 2026","3_MONTH","Past Three Months",45,40.3,1.4,"T-11th warmest",76,
452563,"Entiat Fish Hatchery","","WA",47.6983,-120.3228,"Nov 29, 2025","Feb 28, 2026","3_MONTH","Past Three Months",37,42,4.1,"1st warmest",97,
452614,"Ephrata Ap","Ephrata","WA",47.30777,-119.51551,"Nov 29, 2025","Feb 28, 2026","3_MONTH","Past Three Months",77,42.8,4.8,"3rd warmest",96,
452670,"Everett Caa Ap","Everett","WA",47.92322,-122.28308,"Nov 29, 2025","Feb 28, 2026","3_MONTH","Past Three Months",30,48.1,2.0,"T-4th warmest",87,
452914,"Forks 1 E","Forks","WA",47.95583,-124.35389,"Nov 29, 2025","Feb 28, 2026","3_MONTH","Past Three Months",104,49.4,2.0,"T-10th warmest",90,
453807,"Hoquiam Bowerman Ap","Hoquiam","WA",46.97288,-123.93074,"Nov 29, 2025","Feb 28, 2026","3_MONTH","Past Three Months",72,50.4,2.5,"T-4th warmest",94,
453826,"Humptulips Salmon Htch","","WA",47.23361,-123.98972,"Nov 29, 2025","Feb 28, 2026","3_MONTH","Past Three Months",33,48.1,2.4,"T-9th warmest",73,
454154,"Kennewick","Kennewick","WA",46.21111,-119.10111,"Nov 29, 2025","Feb 28, 2026","3_MONTH","Past Three Months",121,48.2,4.5,"T-6th warmest",95,
454430,"Lakeside","Chelan","WA",47.83426,-120.00021,"Nov 29, 2025","Feb 28, 2026","3_MONTH","Past Three Months",120,40.7,3.8,"4th warmest",97,
454679,"Lind 3 Ne","Lind","WA",46.99833,-118.57056,"Nov 29, 2025","Feb 28, 2026","3_MONTH","Past Three Months",90,44.3,4.8,"5th warmest",94,
455133,"Mazama","Mazama","WA",48.6007,-120.4276,"Nov 29, 2025","Feb 28, 2026","3_MONTH","Past Three Months",54,34.1,2.9,"4th warmest",93,
455525,"Monroe","Monroe","WA",47.84528,-121.99444,"Nov 29, 2025","Feb 28, 2026","3_MONTH","Past Three Months",89,49.8,5.1,"5th warmest",94,
455840,"Newhalem","Newhalem","WA",48.67583,-121.24194,"Nov 29, 2025","Feb 28, 2026","3_MONTH","Past Three Months",99,44.4,3.4,"T-10th warmest",90,
455946,"Northport","Northport","WA",48.89937,-117.82899,"Nov 29, 2025","Feb 28, 2026","3_MONTH","Past Three Months",101,39.2,5.5,"T-3rd warmest",97,
456114,"Olympia Ap","Olympia","WA",46.97371,-122.90493,"Nov 29, 2025","Feb 28, 2026","3_MONTH","Past Three Months",78,48.3,1.7,"11th warmest",86,
456534,"Plain","Plain","WA",47.75838,-120.65881,"Nov 29, 2025","Feb 28, 2026","3_MONTH","Past Three Months",72,38.6,3.3,"9th warmest",87,
456914,"Raymond 2 S","Raymond","WA",46.65333,-123.73,"Nov 29, 2025","Feb 28, 2026","3_MONTH","Past Three Months",46,49.7,1.4,"T-5th warmest",89,
457015,"Richland","Richland","WA",46.31194,-119.26333,"Nov 29, 2025","Feb 28, 2026","3_MONTH","Past Three Months",79,46.7,4.1,"11th warmest",86,
457059,"Ritzville 1 Sse","Ritzville","WA",47.1175,-118.3714,"Nov 29, 2025","Feb 28, 2026","3_MONTH","Past Three Months",105,42.7,5.2,"4th warmest",96,
457180,"Rosalia","Rosalia","WA",47.23463,-117.36364,"Nov 29, 2025","Feb 28, 2026","3_MONTH","Past Three Months",128,42.7,4.6,"2nd warmest",98,
457185,"Ross Dam","","WA",48.72722,-121.07222,"Nov 29, 2025","Feb 28, 2026","3_MONTH","Past Three Months",64,40.7,1.9,"14th warmest",78,
457456,"Seattle Boeing Fld","Seattle","WA",47.54554,-122.31475,"Nov 29, 2025","Feb 28, 2026","3_MONTH","Past Three Months",43,50.6,1.6,"T-5th warmest",88,
457470,"Seattle Sand Pt Wsfo","Seattle","WA",47.68722,-122.25528,"Nov 29, 2025","Feb 28, 2026","3_MONTH","Past Three Months",38,50.9,3.0,"2nd warmest",95,
457473,"Seattle Tacoma Ap","Seattle","WA",47.44467,-122.31442,"Nov 29, 2025","Feb 28, 2026","3_MONTH","Past Three Months",78,49.4,1.0,"8th warmest",90,
457585,"Shelton Ap","Shelton","WA",47.23842,-123.14147,"Nov 29, 2025","Feb 28, 2026","3_MONTH","Past Three Months",26,48,0.4,"4th warmest",85,
457690,"Skagit Pwr Plt","Newhalem","WA",48.6758,-121.2419,"Nov 29, 2025","Feb 28, 2026","3_MONTH","Past Three Months",100,44.4,3.4,"T-10th warmest",90,
457938,"Spokane Intl Ap","Spokane","WA",47.62167,-117.52806,"Nov 29, 2025","Feb 28, 2026","3_MONTH","Past Three Months",145,40.3,4.4,"T-4th warmest",97,
457941,"Spokane Wfo","Spokane","WA",47.6812,-117.6267,"Nov 29, 2025","Feb 28, 2026","3_MONTH","Past Three Months",30,40.4,5.8,"1st warmest",97,
458059,"Stehekin 4 Nw","Stehekin","WA",48.3509,-120.7264,"Nov 29, 2025","Feb 28, 2026","3_MONTH","Past Three Months",99,37.9,3.9,"9th warmest",91,
458715,"Upper Baker Dam","","WA",48.6525,-121.69306,"Nov 29, 2025","Feb 28, 2026","3_MONTH","Past Three Months",61,42.8,3.7,"8th warmest",87,
458928,"Walla Walla Faa Ap","Walla Walla","WA",46.09456,-118.28572,"Nov 29, 2025","Feb 28, 2026","3_MONTH","Past Three Months",71,47.3,4.2,"5th warmest",93,
459082,"Wenatchee Ap","Wenatchee","WA",47.39746,-120.20124,"Nov 29, 2025","Feb 28, 2026","3_MONTH","Past Three Months",67,40.9,4.8,"5th warmest",93,
459376,"Winthrop 1 Wsw","","WA",48.4743,-120.1887,"Nov 29, 2025","Feb 28, 2026","3_MONTH","Past Three Months",108,35.9,3.6,"T-10th warmest",91,
459465,"Yakima Ap","Yakima","WA",46.56398,-120.53488,"Nov 29, 2025","Feb 28, 2026","3_MONTH","Past Three Months",80,44.9,3.4,"8th warmest",90,
460102,"Alderson","Alderson","WV",37.72716,-80.65837,"Nov 29, 2025","Feb 28, 2026","3_MONTH","Past Three Months",33,42.7,-1.2,"9th coldest",24,
460527,"Bayard","Bayard","WV",39.27278,-79.36833,"Nov 29, 2025","Feb 28, 2026","3_MONTH","Past Three Months",107,34.7,-2.9,"T-14th coldest",13,
460580,"Beckley Va Hospital","Mabscott","WV",37.76528,-81.19444,"Nov 29, 2025","Feb 28, 2026","3_MONTH","Past Three Months",101,40.1,-2.0,"23rd coldest",22,
460582,"Beckley Raleigh Cy Ap","Beaver","WV",37.78359,-81.12283,"Nov 29, 2025","Feb 28, 2026","3_MONTH","Past Three Months",63,41.3,-1.6,"T-28th coldest",44,
460921,"Bluefield Mercer Co Ap","Bluefield","WV",37.2978,-81.20358,"Nov 29, 2025","Feb 28, 2026","3_MONTH","Past Three Months",67,41.4,-0.9,"25th coldest",36,
461220,"Buckhannon","Buckhannon","WV",38.98028,-80.22,"Nov 29, 2025","Feb 28, 2026","3_MONTH","Past Three Months",125,39.9,-3.5,"21st coldest",16,
461570,"Charleston Yeager Ap","Charleston","WV",38.3795,-81.59112,"Nov 29, 2025","Feb 28, 2026","3_MONTH","Past Three Months",84,43.9,-2.6,"T-28th coldest",33,
461672,"Clarksburg Benedum Fld","Clarksburg","WV",39.30218,-80.22392,"Nov 29, 2025","Feb 28, 2026","3_MONTH","Past Three Months",32,40.9,-4.2,"12th coldest",34,
462718,"Elkins Randolph Cy Ap","Elkins","WV",38.8899,-79.85544,"Nov 29, 2025","Feb 28, 2026","3_MONTH","Past Three Months",100,41.5,-2.5,"T-42nd coldest",43,
463361,"Gassaway","Gassaway","WV",38.6649,-80.7672,"Nov 29, 2025","Feb 28, 2026","3_MONTH","Past Three Months",67,42.9,-1.9,"T-14th coldest",22,
464393,"Huntington Tri St Ap","Ceredo","WV",38.365,-82.555,"Nov 29, 2025","Feb 28, 2026","3_MONTH","Past Three Months",65,45.1,-0.7,"32nd coldest",48,
465706,"Martinsburg 2","Martinsburg","WV",39.46594,-77.96676,"Nov 29, 2025","Feb 28, 2026","3_MONTH","Past Three Months",23,41.7,-2.4,"6th coldest",22,
465707,"Martinsburg E Wv Rgnl Ap","Martinsburg","WV",39.40375,-77.97501,"Nov 29, 2025","Feb 28, 2026","3_MONTH","Past Three Months",99,42.3,-1.4,"T-43rd coldest",43,
466202,"Morgantown Hart Fld","Morgantown","WV",39.64981,-79.92064,"Nov 29, 2025","Feb 28, 2026","3_MONTH","Past Three Months",80,40.2,-2.6,"29th coldest",35,
466849,"Parkersburg Faa Ap","Parkersburg","WV",39.33948,-81.44379,"Nov 29, 2025","Feb 28, 2026","3_MONTH","Past Three Months",74,41.4,-1.6,"T-31st coldest",42,
468986,"Tygart Dam","","WV",39.31343,-80.02985,"Nov 29, 2025","Feb 28, 2026","3_MONTH","Past Three Months",22,38.5,-2.9,"T-7th coldest",32,
469487,"Wheeling Ohio Co Caa A","Wheeling","WV",40.16994,-80.64406,"Nov 29, 2025","Feb 28, 2026","3_MONTH","Past Three Months",31,37.5,-2.0,"9th coldest",26,
470045,"Afton","","WI",42.63753,-89.06424,"Nov 29, 2025","Feb 28, 2026","3_MONTH","Past Three Months",37,32.3,0.8,"T-15th warmest",59,
470124,"Alma Dam 4","Alma","WI",44.32722,-91.91944,"Nov 29, 2025","Feb 28, 2026","3_MONTH","Past Three Months",78,28.8,1.4,"34th warmest",56,
470265,"Appleton","Appleton","WI",44.27694,-88.43778,"Nov 29, 2025","Feb 28, 2026","3_MONTH","Past Three Months",117,28.4,-0.1,"T-55th warmest",53,
470308,"Arlington Univ Farm","Arlington","WI",43.30417,-89.3453,"Nov 29, 2025","Feb 28, 2026","3_MONTH","Past Three Months",64,27.5,-2.3,"22nd coldest",33,
470645,"Beaver Dam","Beaver Dam","WI",43.44274,-88.84517,"Nov 29, 2025","Feb 28, 2026","3_MONTH","Past Three Months",73,28.3,0.3,"T-25th coldest",36,
470696,"Beloit","Beloit","WI",42.50383,-89.0311,"Nov 29, 2025","Feb 28, 2026","3_MONTH","Past Three Months",121,32.2,3.7,"T-57th warmest",53,
470904,"Bloomer","Bloomer","WI",45.0907,-91.4864,"Nov 29, 2025","Feb 28, 2026","3_MONTH","Past Three Months",80,25.2,0.2,"T-39th warmest",51,
471044,"Breed 6 Sse","","WI",44.9958,-88.3786,"Nov 29, 2025","Feb 28, 2026","3_MONTH","Past Three Months",64,27.4,0.3,"T-27th coldest",44,
471078,"Brodhead","Brodhead","WI",42.61819,-89.38662,"Nov 29, 2025","Feb 28, 2026","3_MONTH","Past Three Months",126,31.3,0.5,"T-54th warmest",57,
471205,"Burlington","Burlington","WI",42.65081,-88.25433,"Nov 29, 2025","Feb 28, 2026","3_MONTH","Past Three Months",71,30.1,-0.7,"T-27th coldest",38,
471568,"Chilton","Chilton","WI",44.03278,-88.14694,"Nov 29, 2025","Feb 28, 2026","3_MONTH","Past Three Months",92,28.5,-0.5,"T-40th coldest",43,
471676,"Clintonville","Clintonville","WI",44.62278,-88.74833,"Nov 29, 2025","Feb 28, 2026","3_MONTH","Past Three Months",73,28.5,0.0,"T-35th coldest",49,
471847,"Couderay 7 W","","WI",45.80028,-91.45944,"Nov 29, 2025","Feb 28, 2026","3_MONTH","Past Three Months",57,24.9,-0.3,"28th coldest",47,
471923,"Cumberland","Cumberland","WI",45.53333,-92.02222,"Nov 29, 2025","Feb 28, 2026","3_MONTH","Past Three Months",92,23,0.3,"31st coldest",33,
472428,"Eau Claire C V R Ap","Eau Claire","WI",44.86654,-91.48809,"Nov 29, 2025","Feb 28, 2026","3_MONTH","Past Three Months",77,25.4,-1.6,"38th coldest",48,
472851,"Forestville-4e","Forestville","WI",44.69972,-87.39667,"Nov 29, 2025","Feb 28, 2026","3_MONTH","Past Three Months",24,27.8,-1.3,"8th coldest",29,
472869,"Ft Atkinson","Fort Atkinson","WI",42.9051,-88.85893,"Nov 29, 2025","Feb 28, 2026","3_MONTH","Past Three Months",83,30.9,-0.1,"T-41st warmest",51,
472973,"Friendship","Friendship","WI",43.975,-89.83083,"Nov 29, 2025","Feb 28, 2026","3_MONTH","Past Three Months",41,29.4,0.4,"19th warmest",54,
473038,"Genoa Dam 8","Genoa","WI",43.57056,-91.22944,"Nov 29, 2025","Feb 28, 2026","3_MONTH","Past Three Months",84,29.8,-0.9,"T-41st warmest",51,
473058,"Germantown","Germantown","WI",43.23889,-88.12222,"Nov 29, 2025","Feb 28, 2026","3_MONTH","Past Three Months",79,29.7,-0.8,"34th coldest",42,
473268,"Green Bay Wfo","Green Bay","WI",44.49833,-88.11194,"Nov 29, 2025","Feb 28, 2026","3_MONTH","Past Three Months",22,27.8,-0.3,"8th coldest",32,
473269,"Green Bay A S Intl Ap","Green Bay","WI",44.47958,-88.1371,"Nov 29, 2025","Feb 28, 2026","3_MONTH","Past Three Months",130,27.8,-1.0,"T-60th warmest",54,
473453,"Hartford 2 W","Hartford","WI",43.33159,-88.41165,"Nov 29, 2025","Feb 28, 2026","3_MONTH","Past Three Months",76,28.6,-0.6,"T-28th coldest",37,
473756,"Horicon","Horicon","WI",43.4388,-88.63133,"Nov 29, 2025","Feb 28, 2026","3_MONTH","Past Three Months",56,28.7,0.0,"24th coldest",41,
473800,"Hurley","Hurley","WI",46.4625,-90.1955,"Nov 29, 2025","Feb 28, 2026","3_MONTH","Past Three Months",38,25.7,2.0,"10th warmest",74,
473930,"Jackson","West Bend","WI",43.31961,-88.16812,"Nov 29, 2025","Feb 28, 2026","3_MONTH","Past Three Months",24,30.6,-0.6,"11th coldest",42,
474108,"Jefferson Wwtp","Jefferson","WI",42.99417,-88.80413,"Nov 29, 2025","Feb 28, 2026","3_MONTH","Past Three Months",22,30.3,0.0,"11th coldest",45,
474195,"Kewaunee","Kewaunee","WI",44.4628,-87.50491,"Nov 29, 2025","Feb 28, 2026","3_MONTH","Past Three Months",90,28.1,-0.9,"T-26th coldest",30,
474370,"La Crosse Muni Ap","La Crosse","WI",43.87922,-91.25301,"Nov 29, 2025","Feb 28, 2026","3_MONTH","Past Three Months",82,28.8,-2.1,"T-40th coldest",49,
474373,"La Crosse Wfo","La Crosse","WI",43.8225,-91.19139,"Nov 29, 2025","Feb 28, 2026","3_MONTH","Past Three Months",26,27,-0.3,"12th warmest",54,
474457,"Lake Geneva","Lake Geneva","WI",42.59361,-88.43472,"Nov 29, 2025","Feb 28, 2026","3_MONTH","Past Three Months",62,31.6,-1.7,"T-28th coldest",45,
474821,"Lone Rock Tri Co","","WI",43.21106,-90.18739,"Nov 29, 2025","Feb 28, 2026","3_MONTH","Past Three Months",60,31,0.0,"23rd warmest",62,
474894,"Luck","Luck","WI",45.57333,-92.485,"Nov 29, 2025","Feb 28, 2026","3_MONTH","Past Three Months",53,25.5,-0.1,"24th warmest",55,
474937,"Lynxville Dam 9","","WI",43.21167,-91.09861,"Nov 29, 2025","Feb 28, 2026","3_MONTH","Past Three Months",83,30.2,0.2,"T-41st warmest",51,
474961,"Madison Dane Co Ap","Madison","WI",43.14069,-89.34521,"Nov 29, 2025","Feb 28, 2026","3_MONTH","Past Three Months",79,30.5,0.2,"T-35th warmest",56,
475017,"Manitowoc","Manitowoc","WI",44.08694,-87.65222,"Nov 29, 2025","Feb 28, 2026","3_MONTH","Past Three Months",129,29.8,0.4,"T-62nd coldest",50,
475120,"Marshfield Exp Farm","Marshfield","WI",44.63194,-90.13139,"Nov 29, 2025","Feb 28, 2026","3_MONTH","Past Three Months",112,24.7,-1.2,"T-39th coldest",36,
475164,"Mather 3 Nw","","WI",44.17472,-90.34833,"Nov 29, 2025","Feb 28, 2026","3_MONTH","Past Three Months",112,27.7,-0.1,"T-49th warmest",56,
475178,"Mauston 1 Se","Mauston","WI",43.79,-90.05972,"Nov 29, 2025","Feb 28, 2026","3_MONTH","Past Three Months",81,29.3,-0.4,"37th coldest",44,
475364,"Merrill","Merrill","WI",45.17861,-89.66167,"Nov 29, 2025","Feb 28, 2026","3_MONTH","Past Three Months",106,24,-1.5,"T-29th coldest",27,
475479,"Milwaukee Mitchell Ap","Milwaukee","WI",42.95489,-87.9045,"Nov 29, 2025","Feb 28, 2026","3_MONTH","Past Three Months",85,31.9,-1.9,"T-39th warmest",54,
475516,"Minocqua","","WI",45.88639,-89.73222,"Nov 29, 2025","Feb 28, 2026","3_MONTH","Past Three Months",118,22.6,-0.6,"T-34th coldest",30,
475581,"Montello","Montello","WI",43.7801,-89.31713,"Nov 29, 2025","Feb 28, 2026","3_MONTH","Past Three Months",66,29.4,-0.3,"T-29th warmest",56,
476200,"Oconomowoc","Oconomowoc","WI",43.10027,-88.50352,"Nov 29, 2025","Feb 28, 2026","3_MONTH","Past Three Months",82,31.1,-0.3,"T-33rd warmest",60,
476330,"Oshkosh","Oshkosh","WI",44.02056,-88.55806,"Nov 29, 2025","Feb 28, 2026","3_MONTH","Past Three Months",127,28.9,-0.6,"T-59th coldest",47,
476510,"Peshtigo","Peshtigo","WI",45.02806,-87.73556,"Nov 29, 2025","Feb 28, 2026","3_MONTH","Past Three Months",26,27.8,-0.9,"11th coldest",38,
476718,"Portage","Portage","WI",43.53056,-89.43697,"Nov 29, 2025","Feb 28, 2026","3_MONTH","Past Three Months",124,30.6,1.0,"51st warmest",59,
476827,"Prairie Du Chien","Prairie du Chien","WI",43.05139,-91.135,"Nov 29, 2025","Feb 28, 2026","3_MONTH","Past Three Months",132,31.7,0.8,"T-66th warmest",50,
476922,"Racine","Racine","WI",42.70287,-87.78576,"Nov 29, 2025","Feb 28, 2026","3_MONTH","Past Three Months",127,33,0.6,"T-55th warmest",57,
477052,"Reedsburg","Reedsburg","WI",43.52287,-90.00017,"Nov 29, 2025","Feb 28, 2026","3_MONTH","Past Three Months",68,30,-0.7,"T-33rd coldest",49,
477148,"Richfield 3 Ssw","Richfield","WI",43.21153,-88.20856,"Nov 29, 2025","Feb 28, 2026","3_MONTH","Past Three Months",24,32.4,1.5,"10th warmest",58,
477464,"St Croix Falls","","WI",45.4117,-92.6466,"Nov 29, 2025","Feb 28, 2026","3_MONTH","Past Three Months",75,26.5,-0.1,"34th warmest",55,
477708,"Shawano 2ssw","Shawano","WI",44.76306,-88.61833,"Nov 29, 2025","Feb 28, 2026","3_MONTH","Past Three Months",105,26.1,-1.4,"31st coldest",29,
478171,"Stevens Point","Stevens Point","WI",44.51139,-89.58556,"Nov 29, 2025","Feb 28, 2026","3_MONTH","Past Three Months",128,26.9,-0.1,"T-63rd coldest",50,
478316,"Sullivan 3se","","WI",42.9676,-88.54946,"Nov 29, 2025","Feb 28, 2026","3_MONTH","Past Three Months",31,29.5,-0.8,"11th coldest",32,
478349,"Superior","","WI",46.727,-92.072,"Nov 29, 2025","Feb 28, 2026","3_MONTH","Past Three Months",108,24.6,-1.1,"52nd warmest",52,
478376,"Suring","","WI",44.99583,-88.37861,"Nov 29, 2025","Feb 28, 2026","3_MONTH","Past Three Months",63,27.4,0.3,"T-27th coldest",44,
478589,"Trempealeau Dam 6","Trempealeau","WI",43.99944,-91.43778,"Nov 29, 2025","Feb 28, 2026","3_MONTH","Past Three Months",79,29.4,0.7,"40th warmest",49,
478672,"Two Rivers","Manitowoc","WI",44.14306,-87.56778,"Nov 29, 2025","Feb 28, 2026","3_MONTH","Past Three Months",73,28.3,-1.8,"T-21st coldest",30,
478723,"Union Grove","Union Grove","WI",42.69049,-88.03363,"Nov 29, 2025","Feb 28, 2026","3_MONTH","Past Three Months",30,31.9,0.6,"15th coldest",47,
478827,"Viroqua","Viroqua","WI",43.55944,-90.87611,"Nov 29, 2025","Feb 28, 2026","3_MONTH","Past Three Months",125,27.2,0.8,"62nd coldest",49,
478968,"Wausau Faa Ap","Wausau","WI",44.9275,-89.62528,"Nov 29, 2025","Feb 28, 2026","3_MONTH","Past Three Months",82,24.6,-1.6,"30th coldest",35,
479190,"Whitewater","Whitewater","WI",42.85077,-88.72486,"Nov 29, 2025","Feb 28, 2026","3_MONTH","Past Three Months",75,30.7,-0.1,"T-34th coldest",47,
480027,"Afton","Afton","WY",42.73303,-110.92168,"Nov 29, 2025","Feb 28, 2026","3_MONTH","Past Three Months",57,34.9,7.2,"T-2nd warmest",96,
480951,"Boulder Rearing Stn","Boulder","WY",42.71583,-109.69028,"Nov 29, 2025","Feb 28, 2026","3_MONTH","Past Three Months",37,39.9,10.8,"1st warmest",97,
481000,"Boysen Dam","Boysen","WY",43.40536,-108.16338,"Nov 29, 2025","Feb 28, 2026","3_MONTH","Past Three Months",71,45.8,13.1,"1st warmest",99,
481570,"Casper Wscmo","Casper","WY",42.89778,-106.47361,"Nov 29, 2025","Feb 28, 2026","3_MONTH","Past Three Months",77,45.9,10.0,"1st warmest",99,
481675,"Cheyenne Wsfo Ap","Cheyenne","WY",41.15788,-104.80814,"Nov 29, 2025","Feb 28, 2026","3_MONTH","Past Three Months",111,47.2,7.2,"2nd warmest",98,
481775,"Clark 3ne","","WY",44.93651,-109.13736,"Nov 29, 2025","Feb 28, 2026","3_MONTH","Past Three Months",58,47.7,9.4,"1st warmest",98,
482242,"Daniel Fish Hatchery","Daniel","WY",42.92815,-110.12729,"Nov 29, 2025","Feb 28, 2026","3_MONTH","Past Three Months",36,36.7,10.1,"1st warmest",97,
482375,"Darwin Rch","","WY",43.41269,-110.16331,"Nov 29, 2025","Feb 28, 2026","3_MONTH","Past Three Months",45,32,5.2,"2nd warmest",96,
482415,"Deaver","Deaver","WY",44.8924,-108.59299,"Nov 29, 2025","Feb 28, 2026","3_MONTH","Past Three Months",97,42.8,9.4,"2nd warmest",98,
482715,"Dubois","Dubois","WY",43.53972,-109.65528,"Nov 29, 2025","Feb 28, 2026","3_MONTH","Past Three Months",80,41.4,5.7,"T-3rd warmest",96,
483170,"Farson 5n","Farson","WY",42.13976,-109.43088,"Nov 29, 2025","Feb 28, 2026","3_MONTH","Past Three Months",76,39.4,10.2,"1st warmest",99,
483396,"Fontenelle Dam","Fontenelle","WY",41.98604,-110.06113,"Nov 29, 2025","Feb 28, 2026","3_MONTH","Past Three Months",54,40.8,11.2,"1st warmest",98,
483855,"Gillette 4se","Gillette","WY",44.26444,-105.49194,"Nov 29, 2025","Feb 28, 2026","3_MONTH","Past Three Months",107,45.3,8.7,"1st warmest",99,
484065,"Green River","Green River","WY",41.51671,-109.47017,"Nov 29, 2025","Feb 28, 2026","3_MONTH","Past Three Months",105,45.2,12.2,"1st warmest",99,
484910,"Jackson","Jackson","WY",43.48629,-110.76153,"Nov 29, 2025","Feb 28, 2026","3_MONTH","Past Three Months",91,35.2,7.7,"T-2nd warmest",98,
485390,"Lander Ap","Lander","WY",42.81536,-108.72604,"Nov 29, 2025","Feb 28, 2026","3_MONTH","Past Three Months",80,47.1,13.0,"1st warmest",99,
485415,"Laramie Rgnl Ap","Laramie","WY",41.3165,-105.67288,"Nov 29, 2025","Feb 28, 2026","3_MONTH","Past Three Months",78,42.8,8.9,"1st warmest",99,
485417,"Laramie 4se","Laramie","WY",41.28472,-105.53194,"Nov 29, 2025","Feb 28, 2026","3_MONTH","Past Three Months",22,42.4,8.1,"1st warmest",95,
487533,"Rawlins Ap","Rawlins","WY",41.80644,-107.19518,"Nov 29, 2025","Feb 28, 2026","3_MONTH","Past Three Months",74,41.3,9.0,"T-1st warmest",99,
487760,"Riverton","Riverton","WY",43.03083,-108.37417,"Nov 29, 2025","Feb 28, 2026","3_MONTH","Past Three Months",103,46,14.8,"1st warmest",99,
487845,"Rock Springs Ap","Rock Springs","WY",41.59465,-109.0529,"Nov 29, 2025","Feb 28, 2026","3_MONTH","Past Three Months",75,42.7,12.1,"1st warmest",99,
488155,"Sheridan Ap","Sheridan","WY",44.76031,-106.97413,"Nov 29, 2025","Feb 28, 2026","3_MONTH","Past Three Months",78,46.5,9.4,"1st warmest",99,
488209,"Shoshoni","Shoshoni","WY",43.23722,-108.10972,"Nov 29, 2025","Feb 28, 2026","3_MONTH","Past Three Months",27,44.7,13.9,"1st warmest",96,
488626,"Story","Story","WY",44.5767,-106.9062,"Nov 29, 2025","Feb 28, 2026","3_MONTH","Past Three Months",25,45.3,7.6,"1st warmest",96,
488997,"Torrington 29n","Torrington","WY",42.48806,-104.15639,"Nov 29, 2025","Feb 28, 2026","3_MONTH","Past Three Months",32,46.8,9.5,"1st warmest",97,
489459,"Wamsutter","Wamsutter","WY",41.66667,-107.96667,"Nov 29, 2025","Feb 28, 2026","3_MONTH","Past Three Months",67,42.1,11.1,"1st warmest",99,
489770,"Worland","Worland","WY",44.01134,-107.96838,"Nov 29, 2025","Feb 28, 2026","3_MONTH","Past Three Months",111,45.6,12.5,"1st warmest",99,
489785,"Worland Faa Ap","Worland","WY",43.96538,-107.95016,"Nov 29, 2025","Feb 28, 2026","3_MONTH","Past Three Months",66,46,13.1,"1st warmest",98,
500275,"Anchorage Forecast Ofc","Anchorage","AK",61.15611,-149.98361,"Nov 29, 2025","Feb 28, 2026","3_MONTH","Past Three Months",28,19.9,-4.4,"2nd coldest",4,
500277,"Anchorage Lake Hood Ap","Anchorage","AK",61.1786,-149.96509,"Nov 29, 2025","Feb 28, 2026","3_MONTH","Past Three Months",28,20.9,-4.1,"T-2nd coldest",7,
500280,"Anchorage Intl Ap","Anchorage","AK",61.16916,-150.02771,"Nov 29, 2025","Feb 28, 2026","3_MONTH","Past Three Months",73,21.4,-3.6,"19th coldest",25,
500285,"Anchorage Wb Ap","Anchorage","AK",61.2163,-149.85724,"Nov 29, 2025","Feb 28, 2026","3_MONTH","Past Three Months",65,20.3,-4.7,"15th coldest",22,
500490,"Aurora","Fairbanks","AK",64.85528,-147.72167,"Nov 29, 2025","Feb 28, 2026","3_MONTH","Past Three Months",23,-4.8,-9.9,"1st coldest",1,
500754,"Bethel Ap","Bethel","AK",60.78497,-161.82932,"Nov 29, 2025","Feb 28, 2026","3_MONTH","Past Three Months",100,11.5,-4.8,"27th coldest",26,
500761,"Bettles Ap","Bettles","AK",66.91764,-151.51892,"Nov 29, 2025","Feb 28, 2026","3_MONTH","Past Three Months",75,-6.6,-8.5,"T-14th coldest",20,
500770,"Big Delta Faa/amos Ap","Big Delta","AK",63.99312,-145.72134,"Nov 29, 2025","Feb 28, 2026","3_MONTH","Past Three Months",80,1.7,-8.5,"T-15th coldest",19,
501684,"Chicken","Chicken","AK",64.09167,-141.92111,"Nov 29, 2025","Feb 28, 2026","3_MONTH","Past Three Months",29,-13.8,-7.7,"3rd coldest",7,
501987,"Circle Hot Springs","Circle","AK",65.48611,-144.63639,"Nov 29, 2025","Feb 28, 2026","3_MONTH","Past Three Months",43,-12.6,-8.3,"2nd coldest",2,
502107,"College Obsy","College","AK",64.86028,-147.84833,"Nov 29, 2025","Feb 28, 2026","3_MONTH","Past Three Months",73,-4,-10.3,"4th coldest",4,
502177,"Cordova Ap","Cordova","AK",60.49139,-145.45111,"Nov 29, 2025","Feb 28, 2026","3_MONTH","Past Three Months",105,32.9,-2.3,"T-38th coldest",36,
502316,"Deadhorse","","AK",70.19146,-148.48006,"Nov 29, 2025","Feb 28, 2026","3_MONTH","Past Three Months",26,-6.9,-0.9,"9th coldest",31,
502568,"Dry Creek","","AK",63.67459,-144.6041,"Nov 29, 2025","Feb 28, 2026","3_MONTH","Past Three Months",30,-1.3,-6.0,"2nd coldest",3,
502607,"Eagle","Eagle","AK",64.78556,-141.20361,"Nov 29, 2025","Feb 28, 2026","3_MONTH","Past Three Months",96,-7.2,-11.2,"9th coldest",8,
502871,"Ester 5ne","Ester","AK",64.91111,-147.92417,"Nov 29, 2025","Feb 28, 2026","3_MONTH","Past Three Months",29,-5.3,-9.7,"1st coldest",1,
502968,"Fairbanks Intl Ap","Fairbanks","AK",64.80309,-147.87605,"Nov 29, 2025","Feb 28, 2026","3_MONTH","Past Three Months",97,-5.1,-10.5,"T-9th coldest",9,
503275,"Gilmore Creek","","AK",64.9766,-147.5211,"Nov 29, 2025","Feb 28, 2026","3_MONTH","Past Three Months",40,-0.2,-9.6,"6th coldest",12,
503304,"Glennallen Kcam","Glennallen","AK",62.1086,-145.5331,"Nov 29, 2025","Feb 28, 2026","3_MONTH","Past Three Months",37,4.7,-3.3,"9th coldest",22,
503502,"Haines #2","Haines","AK",59.23172,-135.46634,"Nov 29, 2025","Feb 28, 2026","3_MONTH","Past Three Months",25,26.2,-4.2,"T-2nd coldest",8,
503504,"Haines 40 Nw","","AK",59.45028,-136.36139,"Nov 29, 2025","Feb 28, 2026","3_MONTH","Past Three Months",34,22.2,-3.2,"T-3rd coldest",9,
503665,"Homer Ap","Homer","AK",59.64196,-151.49098,"Nov 29, 2025","Feb 28, 2026","3_MONTH","Past Three Months",91,28.5,-5.1,"T-27th coldest",32,
503905,"Iliamna Ap","Iliamna","AK",59.74922,-154.90903,"Nov 29, 2025","Feb 28, 2026","3_MONTH","Past Three Months",78,19.4,-8.2,"12th coldest",14,
504100,"Juneau Ap","Juneau","AK",58.354,-134.55606,"Nov 29, 2025","Feb 28, 2026","3_MONTH","Past Three Months",84,30.7,-3.8,"21st coldest",24,
504107,"Juneau Lena Pt","Juneau","AK",58.38667,-134.76611,"Nov 29, 2025","Feb 28, 2026","3_MONTH","Past Three Months",23,31.3,-3.8,"T-1st coldest",4,
504590,"Ketchikan","","AK",55.3586,-131.72195,"Nov 29, 2025","Feb 28, 2026","3_MONTH","Past Three Months",95,39.7,-0.6,"40th coldest",41,
504766,"King Salmon Ap","King Salmon","AK",58.68294,-156.65634,"Nov 29, 2025","Feb 28, 2026","3_MONTH","Past Three Months",95,19,-7.2,"17th coldest",17,
504986,"Kodiak Navy Air Stn","Kodiak","AK",57.75071,-152.4881,"Nov 29, 2025","Feb 28, 2026","3_MONTH","Past Three Months",93,35.8,-1.2,"T-45th coldest",48,
504988,"Kodiak Ap","Kodiak","AK",57.75071,-152.4881,"Nov 29, 2025","Feb 28, 2026","3_MONTH","Past Three Months",93,35.8,-1.2,"T-45th coldest",48,
505076,"Kotzebue Wso Ap","Kotzebue","AK",66.88569,-162.6068,"Nov 29, 2025","Feb 28, 2026","3_MONTH","Past Three Months",89,4.3,-4.3,"T-41st coldest",48,
505769,"Mcgrath Ap","McGrath","AK",62.9574,-155.61009,"Nov 29, 2025","Feb 28, 2026","3_MONTH","Past Three Months",84,-0.5,-7.9,"12th coldest",13,
506166,"Naknek","King Salmon","AK",58.68294,-156.65634,"Nov 29, 2025","Feb 28, 2026","3_MONTH","Past Three Months",95,19,-7.2,"17th coldest",17,
506496,"Nome Wso Ap","Nome","AK",64.51112,-165.44002,"Nov 29, 2025","Feb 28, 2026","3_MONTH","Past Three Months",117,13.8,-1.6,"T-54th warmest",54,
506581,"North Pole","North Pole","AK",64.75806,-147.32528,"Nov 29, 2025","Feb 28, 2026","3_MONTH","Past Three Months",53,-6.8,-10.5,"3rd coldest",4,
506586,"Northway Ap","Northway","AK",62.96148,-141.93834,"Nov 29, 2025","Feb 28, 2026","3_MONTH","Past Three Months",83,-9,-9.1,"15th coldest",17,
506867,"Palmer Ap","Palmer","AK",61.59505,-149.09175,"Nov 29, 2025","Feb 28, 2026","3_MONTH","Past Three Months",29,21.7,-3.5,"T-5th coldest",17,
507233,"Petersburg","Petersburg","AK",56.8055,-132.93719,"Nov 29, 2025","Feb 28, 2026","3_MONTH","Past Three Months",80,34.9,-0.7,"30th coldest",36,
507251,"Petersburg 1","Petersburg","AK",56.80167,-132.94528,"Nov 29, 2025","Feb 28, 2026","3_MONTH","Past Three Months",80,34.9,-0.7,"30th coldest",36,
507502,"Portage Glacier V C","Portage","AK",60.78351,-148.84839,"Nov 29, 2025","Feb 28, 2026","3_MONTH","Past Three Months",26,24.9,-4.8,"4th coldest",12,
508118,"St Paul Island Ap","","AK",57.15505,-170.22272,"Nov 29, 2025","Feb 28, 2026","3_MONTH","Past Three Months",79,30.9,0.4,"39th warmest",51,
508494,"Sitka Japonski Ap","Sitka","AK",57.04746,-135.36703,"Nov 29, 2025","Feb 28, 2026","3_MONTH","Past Three Months",80,41.4,0.3,"28th warmest",65,
508976,"Talkeetna Ap","Talkeetna","AK",62.32,-150.095,"Nov 29, 2025","Feb 28, 2026","3_MONTH","Past Three Months",103,20.6,-3.7,"36th coldest",34,
509014,"Tanana Ap","Tanana","AK",65.173,-152.10677,"Nov 29, 2025","Feb 28, 2026","3_MONTH","Past Three Months",103,-6.7,-9.7,"T-11th coldest",12,
509869,"Wiseman","Wiseman","AK",67.40822,-150.10957,"Nov 29, 2025","Feb 28, 2026","3_MONTH","Past Three Months",30,-7.5,-10.3,"T-2nd coldest",7,
509941,"Yakutat Ap","Yakutat","AK",59.51211,-139.67104,"Nov 29, 2025","Feb 28, 2026","3_MONTH","Past Three Months",98,33.9,-2.4,"41st coldest",41,
511492,"Hilo Intl Ap 87","Hilo","HI",19.71909,-155.04897,"Nov 29, 2025","Feb 28, 2026","3_MONTH","Past Three Months",77,79.8,1.1,"T-36th warmest",53,
511598,"Homestead Fld 524","","HI",21.15448,-157.09612,"Nov 29, 2025","Feb 28, 2026","3_MONTH","Past Three Months",63,79.5,0.1,"T-13th warmest",79,
511919,"Honolulu Wsfo Ap 703","Honolulu","HI",21.32402,-157.93945,"Nov 29, 2025","Feb 28, 2026","3_MONTH","Past Three Months",77,80.7,-0.3,"T-34th warmest",56,
512572,"Kahului Wso Ap 398","Kahului","HI",20.88871,-156.43452,"Nov 29, 2025","Feb 28, 2026","3_MONTH","Past Three Months",71,82,-0.6,"16th warmest",77,
515580,"Lihue Wso Ap 1020.1","Lihue","HI",21.98048,-159.33862,"Nov 29, 2025","Feb 28, 2026","3_MONTH","Past Three Months",75,79.3,0.6,"T-15th warmest",80,
516128,"Manoa Lyon Arbo 785.2","Urban Honolulu","HI",21.33306,-157.8025,"Nov 29, 2025","Feb 28, 2026","3_MONTH","Past Three Months",48,77.6,1.5,"T-20th warmest",58,
516534,"Molokai Ap 524","","HI",21.15448,-157.09612,"Nov 29, 2025","Feb 28, 2026","3_MONTH","Past Three Months",63,79.5,0.2,"T-13th warmest",79,
662801,"Coloso","","PR",18.38083,-67.15694,"Nov 29, 2025","Feb 28, 2026","3_MONTH","Past Three Months",74,85.3,0.6,"T-31st coldest",46,
665064,"Juncos 1 Se","Juncos","PR",18.22639,-65.91139,"Nov 29, 2025","Feb 28, 2026","3_MONTH","Past Three Months",79,83.8,1.1,"T-26th coldest",33,
668812,"San Juan Intl Ap","San Juan","PR",18.4325,-66.01083,"Nov 29, 2025","Feb 28, 2026","3_MONTH","Past Three Months",70,84.5,0.8,"T-21st warmest",70,
678902,"Truman Fld Faa Ap #2","","VI",18.33333,-64.96667,"Nov 29, 2025","Feb 28, 2026","3_MONTH","Past Three Months",54,86.6,2.1,"8th warmest",85,
678905,"Truman Fld Faa Ap # 2","","VI",18.33306,-64.96667,"Nov 29, 2025","Feb 28, 2026","3_MONTH","Past Three Months",54,86.6,2.1,"8th warmest",85,
"ABEthr","Allentown Area","Allentown","PA",40.64984,-75.44773,"Nov 29, 2025","Feb 28, 2026","3_MONTH","Past Three Months",91,35.6,-5.6,"T-16th coldest",19,
"ABIthr","Abilene Area","Abilene","TX",32.41063,-99.68208,"Nov 29, 2025","Feb 28, 2026","3_MONTH","Past Three Months",141,65.7,5.4,"1st warmest",99,
"ABQthr","Albuquerque Area","Albuquerque","NM",35.04189,-106.61545,"Nov 29, 2025","Feb 28, 2026","3_MONTH","Past Three Months",135,57.8,8.0,"1st warmest",99,
"ABRthr","Aberdeen Area","Aberdeen","SD",45.44358,-98.41384,"Nov 29, 2025","Feb 28, 2026","3_MONTH","Past Three Months",114,30.3,3.2,"22nd warmest",81,
"ABYthr","Albany Area","Albany","GA",31.53642,-84.1958,"Nov 29, 2025","Feb 28, 2026","3_MONTH","Past Three Months",121,64.5,0.5,"T-41st warmest",66,
"ACTthr","Waco Area","Waco","TX",31.61796,-97.2283,"Nov 29, 2025","Feb 28, 2026","3_MONTH","Past Three Months",125,67.1,6.2,"2nd warmest",98,
"ACYthr","Atlantic City Area","Atlantic City","NJ",39.45203,-74.56701,"Nov 29, 2025","Feb 28, 2026","3_MONTH","Past Three Months",148,41.8,-4.1,"T-58th coldest",40,
"ADQthr","Kodiak Area","Kodiak","AK",57.75071,-152.4881,"Nov 29, 2025","Feb 28, 2026","3_MONTH","Past Three Months",91,35.8,-1.2,"T-42nd coldest",46,
"AGSthr","Augusta Area","Augusta","GA",33.36517,-81.96353,"Nov 29, 2025","Feb 28, 2026","3_MONTH","Past Three Months",152,60.5,-1.1,"T-50th warmest",67,
"AHNthr","Athens Area","Athens","GA",33.94773,-83.32736,"Nov 29, 2025","Feb 28, 2026","3_MONTH","Past Three Months",120,57.5,0.7,"T-32nd warmest",73,
"AKNthr","King Salmon Area","Bristol Bay","AK",58.68294,-156.65634,"Nov 29, 2025","Feb 28, 2026","3_MONTH","Past Three Months",68,19,-7.2,"13th coldest",18,
"ALBthr","Albany Area","Albany","NY",42.74722,-73.79913,"Nov 29, 2025","Feb 28, 2026","3_MONTH","Past Three Months",152,31.4,-4.4,"41st coldest",26,
"ALOthr","Waterloo Area","Waterloo","IA",42.55437,-92.40131,"Nov 29, 2025","Feb 28, 2026","3_MONTH","Past Three Months",129,31,-0.7,"T-52nd warmest",60,
"ALSthr","Alamosa Area","Alamosa","CO",37.43931,-105.8618,"Nov 29, 2025","Feb 28, 2026","3_MONTH","Past Three Months",93,47.6,10.5,"1st warmest",99,
"AMAthr","Amarillo Area","Amarillo","TX",35.22027,-101.71733,"Nov 29, 2025","Feb 28, 2026","3_MONTH","Past Three Months",134,60.7,7.4,"1st warmest",99,
"ANCthr","Anchorage Area","Anchorage","AK",61.16916,-150.02771,"Nov 29, 2025","Feb 28, 2026","3_MONTH","Past Three Months",73,21.4,-3.6,"19th coldest",25,
"ANJthr","Sault Ste Marie Area","Sault Ste Marie","MI",46.47998,-84.35809,"Nov 29, 2025","Feb 28, 2026","3_MONTH","Past Three Months",138,24,-3.1,"T-53rd coldest",39,
"APNthr","Alpena Area","Alpena","MI",45.0716,-83.56451,"Nov 29, 2025","Feb 28, 2026","3_MONTH","Past Three Months",108,27.7,-3.1,"T-26th coldest",24,
"ATLthr","Atlanta Area","Atlanta","GA",33.62972,-84.44224,"Nov 29, 2025","Feb 28, 2026","3_MONTH","Past Three Months",148,58,1.9,"17th warmest",89,
"ATTthr","Austin Area","Austin","TX",30.3208,-97.7604,"Nov 29, 2025","Feb 28, 2026","3_MONTH","Past Three Months",124,69.6,5.3,"1st warmest",99,
"AUSthr","Austin-Bergstrom Airport Area","Austin-Bergstrom Airport","TX",30.18311,-97.67989,"Nov 29, 2025","Feb 28, 2026","3_MONTH","Past Three Months",80,69.8,5.5,"T-1st warmest",99,
"AVLthr","Asheville Area","Asheville","NC",35.43178,-82.53787,"Nov 29, 2025","Feb 28, 2026","3_MONTH","Past Three Months",132,50.9,-0.2,"T-39th warmest",70,
"AVPthr","Avoca Area","Avoca","PA",41.33349,-75.72273,"Nov 29, 2025","Feb 28, 2026","3_MONTH","Past Three Months",78,33,-5.4,"15th coldest",18,
"BDLthr","Hartford Area","Hartford","CT",41.93742,-72.68202,"Nov 29, 2025","Feb 28, 2026","3_MONTH","Past Three Months",121,34.4,-3.9,"T-24th coldest",21,
"BDRthr","Bridgeport Area","Bridgeport","CT",41.16424,-73.12664,"Nov 29, 2025","Feb 28, 2026","3_MONTH","Past Three Months",78,37,-4.0,"T-14th coldest",22,
"BETthr","Bethel Area","Bethel","AK",60.78497,-161.82932,"Nov 29, 2025","Feb 28, 2026","3_MONTH","Past Three Months",100,11.5,-4.8,"27th coldest",26,
"BFFthr","Scottsbluff Area","Scottsbluff","NE",41.87466,-103.60112,"Nov 29, 2025","Feb 28, 2026","3_MONTH","Past Three Months",129,51.2,8.6,"1st warmest",99,
"BFLthr","Bakersfield Area","Bakersfield","CA",35.43424,-119.05524,"Nov 29, 2025","Feb 28, 2026","3_MONTH","Past Three Months",119,59.9,-0.5,"T-56th coldest",48,
"BGMthr","Binghamton Area","Binghamton","NY",42.20678,-75.97993,"Nov 29, 2025","Feb 28, 2026","3_MONTH","Past Three Months",75,28.7,-3.5,"T-17th coldest",24,
"BGRthr","Bangor Area","Bangor","ME",44.79791,-68.81852,"Nov 29, 2025","Feb 28, 2026","3_MONTH","Past Three Months",90,28.6,-2.9,"T-23rd coldest",28,
"BHMthr","Birmingham Area","Birmingham","AL",33.56545,-86.7449,"Nov 29, 2025","Feb 28, 2026","3_MONTH","Past Three Months",130,58.6,1.8,"T-21st warmest",84,
"BIGthr","Delta Junction Area","Unorganized Borough","AK",63.99312,-145.72134,"Nov 29, 2025","Feb 28, 2026","3_MONTH","Past Three Months",79,1.7,-8.5,"T-15th coldest",19,
"BIHthr","Bishop Area","Bishop","CA",37.37114,-118.35886,"Nov 29, 2025","Feb 28, 2026","3_MONTH","Past Three Months",82,60.1,3.5,"5th warmest",94,
"BILthr","Billings Area","Billings","MT",45.80721,-108.54618,"Nov 29, 2025","Feb 28, 2026","3_MONTH","Past Three Months",92,45.7,8.6,"2nd warmest",98,
"BISthr","Bismarck Area","Bismarck","ND",46.78232,-100.75752,"Nov 29, 2025","Feb 28, 2026","3_MONTH","Past Three Months",152,29.8,3.5,"T-25th warmest",84,
"BKWthr","Beckley Area","Beckley","WV",37.78359,-81.12283,"Nov 29, 2025","Feb 28, 2026","3_MONTH","Past Three Months",105,41.3,-1.6,"T-40th coldest",38,
"BNAthr","Nashville Area","Nashville","TN",36.11054,-86.68815,"Nov 29, 2025","Feb 28, 2026","3_MONTH","Past Three Months",152,52.3,0.6,"T-31st warmest",80,
"BNOthr","Burns Area","Burns","OR",43.59486,-118.95788,"Nov 29, 2025","Feb 28, 2026","3_MONTH","Past Three Months",85,45.2,7.0,"1st warmest",99,
"BOIthr","Boise Area","Boise","ID",43.56705,-116.24062,"Nov 29, 2025","Feb 28, 2026","3_MONTH","Past Three Months",148,47.3,6.3,"2nd warmest",99,
"BOSthr","Boston Area","Boston","MA",42.36057,-71.00975,"Nov 29, 2025","Feb 28, 2026","3_MONTH","Past Three Months",152,36.1,-3.4,"37th coldest",24,
"BPTthr","Beaumont-Port Arthur Area","Beaumont-Port Arthur","TX",29.95205,-94.02616,"Nov 29, 2025","Feb 28, 2026","3_MONTH","Past Three Months",117,68.5,3.0,"T-11th warmest",91,
"BROthr","Brownsville Area","Brownsville","TX",25.91459,-97.42314,"Nov 29, 2025","Feb 28, 2026","3_MONTH","Past Three Months",138,78.6,4.3,"2nd warmest",99,
"BTRthr","Baton Rouge Area","Baton Rouge","LA",30.53782,-91.14681,"Nov 29, 2025","Feb 28, 2026","3_MONTH","Past Three Months",120,67.4,3.0,"T-20th warmest",83,
"BTTthr","Bettles Area","Bettles","AK",66.91764,-151.51892,"Nov 29, 2025","Feb 28, 2026","3_MONTH","Past Three Months",81,-6.6,-8.5,"T-15th coldest",20,
"BTVthr","Burlington Area","Burlington","VT",44.46825,-73.1499,"Nov 29, 2025","Feb 28, 2026","3_MONTH","Past Three Months",133,29.4,-2.6,"T-66th coldest",50,
"BUFthr","Buffalo Area","Buffalo","NY",42.93998,-78.73606,"Nov 29, 2025","Feb 28, 2026","3_MONTH","Past Three Months",145,31.3,-3.1,"T-38th coldest",27,
"BWIthr","Baltimore Area","Baltimore","MD",39.17329,-76.68408,"Nov 29, 2025","Feb 28, 2026","3_MONTH","Past Three Months",151,41.2,-4.6,"T-30th coldest",22,
"CAEthr","Columbia Area","Columbia","SC",33.94225,-81.11802,"Nov 29, 2025","Feb 28, 2026","3_MONTH","Past Three Months",139,58.1,-0.7,"T-63rd warmest",55,
"CAKthr","Akron Area","Akron","OH",40.91811,-81.44342,"Nov 29, 2025","Feb 28, 2026","3_MONTH","Past Three Months",137,33.7,-4.5,"T-33rd coldest",26,
"CAOthr","Clayton Area","Clayton","NM",36.44834,-103.15366,"Nov 29, 2025","Feb 28, 2026","3_MONTH","Past Three Months",112,57.9,7.9,"1st warmest",99,
"CARthr","Caribou Area","Caribou","ME",46.87049,-68.01723,"Nov 29, 2025","Feb 28, 2026","3_MONTH","Past Three Months",86,22.4,-1.9,"T-37th coldest",43,
"CDBthr","Cold Bay Area","Cold Bay","AK",55.22068,-162.7323,"Nov 29, 2025","Feb 28, 2026","3_MONTH","Past Three Months",79,35,-0.1,"T-21st warmest",73,
"CDSthr","Childress Area","Childress","TX",34.42747,-100.28391,"Nov 29, 2025","Feb 28, 2026","3_MONTH","Past Three Months",102,63.3,7.4,"1st warmest",99,
"CHAthr","Chattanooga Area","Chattanooga","TN",35.03363,-85.20039,"Nov 29, 2025","Feb 28, 2026","3_MONTH","Past Three Months",139,55.7,2.4,"16th warmest",88,
"CHOthr","Charlottesville Area","Albemarle County","VA",38.1374,-78.45513,"Nov 29, 2025","Feb 28, 2026","3_MONTH","Past Three Months",79,45.2,-4.6,"T-22nd coldest",29,
"CHSthr","Charleston Area","Charleston","SC",32.89943,-80.04075,"Nov 29, 2025","Feb 28, 2026","3_MONTH","Past Three Months",88,61.3,-1.0,"T-43rd warmest",51,
"CIDthr","Cedar Rapids Area","Cedar Rapids","IA",41.88292,-91.72459,"Nov 29, 2025","Feb 28, 2026","3_MONTH","Past Three Months",130,33.2,1.8,"T-44th warmest",66,
"CLEthr","Cleveland Area","Cleveland","OH",41.40568,-81.85191,"Nov 29, 2025","Feb 28, 2026","3_MONTH","Past Three Months",147,34.4,-4.0,"T-48th coldest",33,
"CLTthr","Charlotte Area","Charlotte","NC",35.22254,-80.95433,"Nov 29, 2025","Feb 28, 2026","3_MONTH","Past Three Months",146,54.5,-0.1,"T-39th warmest",73,
"CMHthr","Columbus Area","Columbus","OH",39.99068,-82.87703,"Nov 29, 2025","Feb 28, 2026","3_MONTH","Past Three Months",148,37.6,-2.3,"T-50th coldest",34,
"CNKthr","Concordia Area","Concordia","KS",39.55127,-97.65077,"Nov 29, 2025","Feb 28, 2026","3_MONTH","Past Three Months",131,47,5.9,"2nd warmest",98,
"CONthr","Concord Area","Concord","NH",43.20488,-71.50257,"Nov 29, 2025","Feb 28, 2026","3_MONTH","Past Three Months",123,31.9,-2.8,"T-35th coldest",28,
"COSthr","Colorado Springs Area","Colorado Springs","CO",38.80949,-104.68873,"Nov 29, 2025","Feb 28, 2026","3_MONTH","Past Three Months",130,51.9,6.5,"1st warmest",99,
"COUthr","Columbia Area","Columbia","MO",38.81704,-92.21475,"Nov 29, 2025","Feb 28, 2026","3_MONTH","Past Three Months",136,45.7,2.9,"16th warmest",88,
"CPRthr","Casper Area","Casper","WY",42.89778,-106.47361,"Nov 29, 2025","Feb 28, 2026","3_MONTH","Past Three Months",87,45.9,10.0,"1st warmest",99,
"CQTthr","Los Angeles Downtown Area","Los Angeles Downtown","CA",34.0236,-118.2911,"Nov 29, 2025","Feb 28, 2026","3_MONTH","Past Three Months",149,73.3,5.5,"1st warmest",99,
"CRPthr","Corpus Christi Area","Corpus Christi","TX",27.77335,-97.51302,"Nov 29, 2025","Feb 28, 2026","3_MONTH","Past Three Months",139,74.1,4.3,"T-4th warmest",97,
"CRWthr","Charleston Area","Charleston","WV",38.3795,-81.59112,"Nov 29, 2025","Feb 28, 2026","3_MONTH","Past Three Months",115,43.9,-2.6,"T-29th coldest",26,
"CSGthr","Columbus Area","Columbus","GA",32.51625,-84.94218,"Nov 29, 2025","Feb 28, 2026","3_MONTH","Past Three Months",116,61,0.2,"51st warmest",56,
"CVGthr","Cincinnati Area","Cincinnati","OH",39.04443,-84.67241,"Nov 29, 2025","Feb 28, 2026","3_MONTH","Past Three Months",154,40.3,-2.0,"T-55th coldest",36,
"CYSthr","Cheyenne Area","Cheyenne","WY",41.15788,-104.80814,"Nov 29, 2025","Feb 28, 2026","3_MONTH","Past Three Months",153,47.2,7.2,"2nd warmest",99,
"DABthr","Daytona Beach Area","Daytona Beach","FL",29.17351,-81.07185,"Nov 29, 2025","Feb 28, 2026","3_MONTH","Past Three Months",101,71.4,0.6,"T-35th warmest",65,
"DALthr","Dallas Area","Dallas","TX",32.83839,-96.83583,"Nov 29, 2025","Feb 28, 2026","3_MONTH","Past Three Months",113,64,4.4,"4th warmest",96,
"DANthr","Danville Area","Danville","VA",36.57286,-79.33496,"Nov 29, 2025","Feb 28, 2026","3_MONTH","Past Three Months",101,49.8,-1.3,"T-33rd coldest",34,
"DAYthr","Dayton Area","Dayton","OH",39.90639,-84.21861,"Nov 29, 2025","Feb 28, 2026","3_MONTH","Past Three Months",131,36.8,-3.3,"39th coldest",29,
"DBQthr","Dubuque Area","Dubuque","IA",42.39834,-90.70913,"Nov 29, 2025","Feb 28, 2026","3_MONTH","Past Three Months",152,31.7,1.8,"T-49th warmest",68,
"DCAthr","Washington Area","Washington","DC",38.84721,-77.03454,"Nov 29, 2025","Feb 28, 2026","3_MONTH","Past Three Months",154,43.1,-4.3,"T-46th coldest",31,
"DDCthr","Dodge City Area","Dodge City","KS",37.77105,-99.96915,"Nov 29, 2025","Feb 28, 2026","3_MONTH","Past Three Months",152,54.5,7.5,"2nd warmest",99,
"DENthr","Denver Area","Denver","CO",39.84657,-104.65623,"Nov 29, 2025","Feb 28, 2026","3_MONTH","Past Three Months",154,54,9.3,"1st warmest",99,
"DFWthr","Dallas-Fort Worth Area","Dallas-Fort Worth","TX",32.89744,-97.02196,"Nov 29, 2025","Feb 28, 2026","3_MONTH","Past Three Months",128,64.1,5.7,"3rd warmest",98,
"DLHthr","Duluth Area","Duluth","MN",46.8436,-92.18658,"Nov 29, 2025","Feb 28, 2026","3_MONTH","Past Three Months",152,21,-2.3,"T-76th warmest",50,
"DRTthr","Del Rio Area","Del Rio","TX",29.3784,-100.92704,"Nov 29, 2025","Feb 28, 2026","3_MONTH","Past Three Months",121,71.7,4.6,"2nd warmest",98,
"DSMthr","Des Moines Area","Des Moines","IA",41.53395,-93.65313,"Nov 29, 2025","Feb 28, 2026","3_MONTH","Past Three Months",148,37.2,2.9,"T-24th warmest",84,
"DTWthr","Detroit Area","Detroit","MI",42.23113,-83.33121,"Nov 29, 2025","Feb 28, 2026","3_MONTH","Past Three Months",152,33.1,-2.0,"T-65th coldest",43,
"ECGthr","Elizabeth City Area","Elizabeth City","NC",36.25771,-76.1716,"Nov 29, 2025","Feb 28, 2026","3_MONTH","Past Three Months",92,50.7,-3.6,"T-17th coldest",21,
"EKAthr","Eureka Area","Eureka","CA",40.8097,-124.1602,"Nov 29, 2025","Feb 28, 2026","3_MONTH","Past Three Months",140,56.6,1.5,"T-21st warmest",85,
"EKNthr","Elkins Area","Elkins","WV",38.8899,-79.85544,"Nov 29, 2025","Feb 28, 2026","3_MONTH","Past Three Months",127,41.5,-2.5,"T-54th coldest",43,
"EKOthr","Elko Area","Elko","NV",40.82402,-115.78635,"Nov 29, 2025","Feb 28, 2026","3_MONTH","Past Three Months",125,48.3,8.7,"2nd warmest",98,
"ELPthr","El Paso Area","El Paso","TX",31.81234,-106.37737,"Nov 29, 2025","Feb 28, 2026","3_MONTH","Past Three Months",139,66.6,6.6,"1st warmest",99,
"ELYthr","Ely Area","Ely","NV",39.29537,-114.84666,"Nov 29, 2025","Feb 28, 2026","3_MONTH","Past Three Months",100,49.5,7.6,"1st warmest",99,
"ERIthr","Erie Area","Erie","PA",42.08026,-80.18236,"Nov 29, 2025","Feb 28, 2026","3_MONTH","Past Three Months",153,33.5,-4.0,"44th coldest",28,
"EUGthr","Eugene Area","Eugene","OR",44.13311,-123.21563,"Nov 29, 2025","Feb 28, 2026","3_MONTH","Past Three Months",112,50.5,1.8,"T-18th warmest",84,
"EVVthr","Evansville Area","Evansville","IN",38.05015,-87.51465,"Nov 29, 2025","Feb 28, 2026","3_MONTH","Past Three Months",129,44.4,-0.4,"54th warmest",58,
"EWRthr","Newark Area","Newark","NJ",40.68275,-74.16927,"Nov 29, 2025","Feb 28, 2026","3_MONTH","Past Three Months",95,39.2,-3.6,"T-29th coldest",31,
"EYWthr","Key West Area","Key West","FL",24.55706,-81.75539,"Nov 29, 2025","Feb 28, 2026","3_MONTH","Past Three Months",153,76.3,-0.7,"T-62nd warmest",59,
"FAIthr","Fairbanks Area","Fairbanks North Star","AK",64.80309,-147.87605,"Nov 29, 2025","Feb 28, 2026","3_MONTH","Past Three Months",114,-5.1,-10.5,"T-11th coldest",10,
"FARthr","Fargo Area","Fargo","ND",46.92424,-96.81186,"Nov 29, 2025","Feb 28, 2026","3_MONTH","Past Three Months",145,23,1.2,"T-37th warmest",74,
"FATthr","Fresno Area","Fresno","CA",36.77999,-119.72016,"Nov 29, 2025","Feb 28, 2026","3_MONTH","Past Three Months",139,59,1.8,"T-30th warmest",78,
"FAYthr","Fayetteville Area","Fayetteville","NC",34.98953,-78.88004,"Nov 29, 2025","Feb 28, 2026","3_MONTH","Past Three Months",111,54.6,-1.8,"T-35th coldest",33,
"FCAthr","Kalispell Area","Kalispell","MT",48.30408,-114.26426,"Nov 29, 2025","Feb 28, 2026","3_MONTH","Past Three Months",125,37.3,4.8,"T-2nd warmest",98,
"FLGthr","Flagstaff Area","Flagstaff","AZ",35.14427,-111.66637,"Nov 29, 2025","Feb 28, 2026","3_MONTH","Past Three Months",127,51,7.0,"1st warmest",99,
"FLLthr","Fort Lauderdale Area","Broward County","FL",26.07875,-80.16223,"Nov 29, 2025","Feb 28, 2026","3_MONTH","Past Three Months",86,77.2,0.3,"T-41st warmest",52,
"FMYthr","Fort Myers Area","Fort Myers","FL",26.58495,-81.86146,"Nov 29, 2025","Feb 28, 2026","3_MONTH","Past Three Months",101,77.6,0.8,"T-21st warmest",79,
"FNTthr","Flint Area","Flint","MI",42.96684,-83.74996,"Nov 29, 2025","Feb 28, 2026","3_MONTH","Past Three Months",105,31.4,-1.3,"30th coldest",28,
"FPRthr","Fort Pierce Area","Fort Pierce","FL",27.49816,-80.37626,"Nov 29, 2025","Feb 28, 2026","3_MONTH","Past Three Months",86,75.3,1.6,"T-33rd warmest",62,
"FSDthr","Sioux Falls Area","Sioux Falls","SD",43.57751,-96.75387,"Nov 29, 2025","Feb 28, 2026","3_MONTH","Past Three Months",132,34.7,4.3,"11th warmest",92,
"FSMthr","Fort Smith Area","Fort Smith","AR",35.33346,-94.36526,"Nov 29, 2025","Feb 28, 2026","3_MONTH","Past Three Months",144,59,5.3,"2nd warmest",99,
"FWAthr","Fort Wayne Area","Fort Wayne","IN",40.97248,-85.20636,"Nov 29, 2025","Feb 28, 2026","3_MONTH","Past Three Months",121,34.6,-1.0,"T-49th coldest",41,
"GEGthr","Spokane Area","Spokane","WA",47.62167,-117.52806,"Nov 29, 2025","Feb 28, 2026","3_MONTH","Past Three Months",145,40.3,4.4,"T-4th warmest",97,
"GFKthr","Grand Forks Area","Grand Forks","ND",47.94281,-97.18294,"Nov 29, 2025","Feb 28, 2026","3_MONTH","Past Three Months",119,21.5,2.1,"T-28th warmest",76,
"GGWthr","Glasgow Area","Glasgow","MT",48.21416,-106.62139,"Nov 29, 2025","Feb 28, 2026","3_MONTH","Past Three Months",125,29.9,3.6,"T-31st warmest",75,
"GJTthr","Grand Junction Area","Grand Junction","CO",39.13437,-108.54081,"Nov 29, 2025","Feb 28, 2026","3_MONTH","Past Three Months",133,48.7,7.7,"2nd warmest",98,
"GLDthr","Goodland Area","Goodland","KS",39.36729,-101.69322,"Nov 29, 2025","Feb 28, 2026","3_MONTH","Past Three Months",115,54.1,9.8,"1st warmest",99,
"GNVthr","Gainesville Area","Gainesville","FL",29.6917,-82.27603,"Nov 29, 2025","Feb 28, 2026","3_MONTH","Past Three Months",92,71,1.9,"24th warmest",74,
"GPTthr","Gulfport Area","Gulfport","MS",30.4121,-89.08093,"Nov 29, 2025","Feb 28, 2026","3_MONTH","Past Three Months",117,64.8,1.6,"23rd warmest",80,
"GRBthr","Green Bay Area","Green Bay","WI",44.47958,-88.1371,"Nov 29, 2025","Feb 28, 2026","3_MONTH","Past Three Months",140,27.8,-1.0,"T-64th warmest",54,
"GRIthr","Grand Island Area","Grand Island","NE",40.96146,-98.31304,"Nov 29, 2025","Feb 28, 2026","3_MONTH","Past Three Months",122,46.1,7.6,"1st warmest",99,
"GRRthr","Grand Rapids Area","Grand Rapids","MI",42.8821,-85.52297,"Nov 29, 2025","Feb 28, 2026","3_MONTH","Past Three Months",130,31.8,-2.0,"T-46th coldest",38,
"GSOthr","Greensboro Area","Greensboro","NC",36.0969,-79.94316,"Nov 29, 2025","Feb 28, 2026","3_MONTH","Past Three Months",122,50.3,-1.2,"T-58th coldest",48,
"GSPthr","Greenville-Spartanburg Area","Greenville-Spartanburg","SC",34.90614,-82.21253,"Nov 29, 2025","Feb 28, 2026","3_MONTH","Past Three Months",130,54.3,-0.6,"52nd warmest",60,
"GTFthr","Great Falls Area","Great Falls","MT",47.47327,-111.38281,"Nov 29, 2025","Feb 28, 2026","3_MONTH","Past Three Months",131,44.1,8.1,"4th warmest",97,
"HLNthr","Helena Area","Helena","MT",46.60444,-111.98921,"Nov 29, 2025","Feb 28, 2026","3_MONTH","Past Three Months",143,43.6,9.6,"1st warmest",99,
"HNLthr","Honolulu Area","Honolulu","HI",21.32402,-157.93945,"Nov 29, 2025","Feb 28, 2026","3_MONTH","Past Three Months",36,80.7,-0.3,"T-10th warmest",72,
"HOMthr","Homer Area","Homer","AK",59.64196,-151.49098,"Nov 29, 2025","Feb 28, 2026","3_MONTH","Past Three Months",55,28.5,-5.1,"T-14th coldest",27,
"HONthr","Huron Area","Huron","SD",44.37916,-98.22275,"Nov 29, 2025","Feb 28, 2026","3_MONTH","Past Three Months",145,34.9,5.9,"T-11th warmest",92,
"HSEthr","Cape Hatteras Area","Cape Hatteras","NC",35.23238,-75.62223,"Nov 29, 2025","Feb 28, 2026","3_MONTH","Past Three Months",124,53,-4.2,"T-37th coldest",31,
"HSVthr","Huntsville Area","Huntsville","AL",34.64406,-86.78615,"Nov 29, 2025","Feb 28, 2026","3_MONTH","Past Three Months",115,54.7,-0.1,"T-37th warmest",68,
"HTLthr","Houghton Lake Area","Houghton Lake","MI",44.35904,-84.6739,"Nov 29, 2025","Feb 28, 2026","3_MONTH","Past Three Months",108,27.5,-2.2,"T-22nd coldest",21,
"HTSthr","Huntington Area","Huntington","WV",38.36531,-82.5548,"Nov 29, 2025","Feb 28, 2026","3_MONTH","Past Three Months",122,45.1,-0.7,"T-61st warmest",50,
"HVRthr","Havre Area","Havre","MT",48.54254,-109.76439,"Nov 29, 2025","Feb 28, 2026","3_MONTH","Past Three Months",141,38,7.0,"7th warmest",95,
"IADthr","Sterling-Dulles Airport Area","Sterling-Dulles Airport","VA",38.93485,-77.44728,"Nov 29, 2025","Feb 28, 2026","3_MONTH","Past Three Months",64,42.4,-2.7,"21st coldest",31,
"IAHthr","Houston Area","Houston","TX",29.98438,-95.36072,"Nov 29, 2025","Feb 28, 2026","3_MONTH","Past Three Months",133,69.8,4.2,"T-2nd warmest",98,
"ICTthr","Wichita Area","Wichita","KS",37.64753,-97.42999,"Nov 29, 2025","Feb 28, 2026","3_MONTH","Past Three Months",138,51.5,5.3,"T-1st warmest",99,
"ILGthr","Wilmington Area","Wilmington","DE",39.67444,-75.60566,"Nov 29, 2025","Feb 28, 2026","3_MONTH","Past Three Months",109,40,-4.0,"T-24th coldest",23,
"ILMthr","Wilmington Area","Wilmington","NC",34.26678,-77.89987,"Nov 29, 2025","Feb 28, 2026","3_MONTH","Past Three Months",147,57,-2.3,"T-59th coldest",41,
"INDthr","Indianapolis Area","Indianapolis","IN",39.72515,-86.2816,"Nov 29, 2025","Feb 28, 2026","3_MONTH","Past Three Months",154,39,-0.2,"T-67th warmest",56,
"INLthr","International Falls Area","International Falls","MN",48.55943,-93.39554,"Nov 29, 2025","Feb 28, 2026","3_MONTH","Past Three Months",94,18.9,-0.6,"T-35th warmest",63,
"INWthr","Winslow Area","Winslow","AZ",35.02795,-110.72206,"Nov 29, 2025","Feb 28, 2026","3_MONTH","Past Three Months",111,57.5,6.0,"1st warmest",99,
"IPTthr","Williamsport Area","Williamsport","PA",41.24295,-76.92173,"Nov 29, 2025","Feb 28, 2026","3_MONTH","Past Three Months",129,34.5,-3.5,"T-23rd coldest",18,
"ISNthr","Williston Area","Williston","ND",48.1738,-103.6366,"Nov 29, 2025","Feb 28, 2026","3_MONTH","Past Three Months",130,25.9,0.8,"42nd warmest",68,
"ISPthr","Islip Area","Islip","NY",40.79389,-73.10181,"Nov 29, 2025","Feb 28, 2026","3_MONTH","Past Three Months",42,38.1,-3.6,"T-4th coldest",10,
"ITOthr","Hilo Area","Hilo","HI",19.71909,-155.04897,"Nov 29, 2025","Feb 28, 2026","3_MONTH","Past Three Months",77,79.8,1.1,"T-36th warmest",53,
"JANthr","Jackson Area","Jackson","MS",32.31982,-90.07778,"Nov 29, 2025","Feb 28, 2026","3_MONTH","Past Three Months",127,62.6,2.9,"T-23rd warmest",82,
"JAXthr","Jacksonville Area","Jacksonville","FL",30.49529,-81.69374,"Nov 29, 2025","Feb 28, 2026","3_MONTH","Past Three Months",155,69.2,1.9,"21st warmest",86,
"JFKthr","New York-Kennedy Airport Area","New York-Kennedy Airport","NY",40.63915,-73.7639,"Nov 29, 2025","Feb 28, 2026","3_MONTH","Past Three Months",69,37.8,-4.3,"6th coldest",7,
"JKLthr","Jackson Area","Jackson","KY",37.59134,-83.3137,"Nov 29, 2025","Feb 28, 2026","3_MONTH","Past Three Months",45,44.7,-2.2,"16th coldest",33,
"JNUthr","Juneau Area","Juneau","AK",58.354,-134.55606,"Nov 29, 2025","Feb 28, 2026","3_MONTH","Past Three Months",121,30.7,-3.8,"T-28th coldest",23,
"LANthr","Lansing Area","Lansing","MI",42.77609,-84.59972,"Nov 29, 2025","Feb 28, 2026","3_MONTH","Past Three Months",158,31.9,-1.5,"T-75th coldest",49,
"LASthr","Las Vegas Area","Las Vegas","NV",36.0719,-115.16343,"Nov 29, 2025","Feb 28, 2026","3_MONTH","Past Three Months",89,64.7,5.4,"2nd warmest",98,
"LAXthr","Los Angeles Airport Area","Los Angeles Airport","CA",33.93816,-118.3866,"Nov 29, 2025","Feb 28, 2026","3_MONTH","Past Three Months",82,69.6,3.6,"T-3rd warmest",96,
"LBBthr","Lubbock Area","Lubbock","TX",33.66578,-101.8233,"Nov 29, 2025","Feb 28, 2026","3_MONTH","Past Three Months",112,64.2,7.7,"1st warmest",99,
"LBFthr","North Platte Area","North Platte","NE",41.12199,-100.66895,"Nov 29, 2025","Feb 28, 2026","3_MONTH","Past Three Months",152,50.9,8.6,"1st warmest",99,
"LBTthr","Lumberton Area","Lumberton","NC",34.60817,-79.059,"Nov 29, 2025","Feb 28, 2026","3_MONTH","Past Three Months",110,55.2,-1.8,"T-35th coldest",32,
"LCHthr","Lake Charles Area","Lake Charles","LA",30.12551,-93.22771,"Nov 29, 2025","Feb 28, 2026","3_MONTH","Past Three Months",101,67.2,2.2,"T-16th warmest",84,
"LEEthr","Leesburg Area","Leesburg","FL",28.82143,-81.80963,"Nov 29, 2025","Feb 28, 2026","3_MONTH","Past Three Months",66,72.1,3.3,"T-24th warmest",64,
"LEXthr","Lexington Area","Lexington","KY",38.03391,-84.61138,"Nov 29, 2025","Feb 28, 2026","3_MONTH","Past Three Months",130,42.9,-2.1,"T-59th coldest",47,
"LGAthr","New York-LGA Area","New York-LGA","NY",40.77945,-73.88027,"Nov 29, 2025","Feb 28, 2026","3_MONTH","Past Three Months",87,38.2,-4.7,"T-18th coldest",21,
"LGBthr","Long Beach Area","Long Beach","CA",33.81177,-118.14718,"Nov 29, 2025","Feb 28, 2026","3_MONTH","Past Three Months",68,71.2,4.2,"3rd warmest",96,
"LIHthr","Lihue Area","Lihue","HI",21.98048,-159.33862,"Nov 29, 2025","Feb 28, 2026","3_MONTH","Past Three Months",76,79.3,0.6,"T-15th warmest",80,
"LITthr","Little Rock Area","Little Rock","AR",34.72727,-92.2358,"Nov 29, 2025","Feb 28, 2026","3_MONTH","Past Three Months",141,55.8,3.0,"T-19th warmest",87,
"LNDthr","Lander Area","Lander","WY",42.81536,-108.72604,"Nov 29, 2025","Feb 28, 2026","3_MONTH","Past Three Months",135,47.1,13.0,"1st warmest",99,
"LNKthr","Lincoln Area","Lincoln","NE",40.84781,-96.76467,"Nov 29, 2025","Feb 28, 2026","3_MONTH","Past Three Months",139,43.6,5.0,"7th warmest",95,
"LRDthr","Laredo Area","Laredo","TX",27.53333,-99.46667,"Nov 29, 2025","Feb 28, 2026","3_MONTH","Past Three Months",58,76.1,5.8,"2nd warmest",97,
"LSEthr","La Crosse Area","La Crosse","WI",43.87922,-91.25301,"Nov 29, 2025","Feb 28, 2026","3_MONTH","Past Three Months",152,28.8,-2.1,"T-69th warmest",55,
"LWSthr","Lewiston Area","Lewiston","ID",46.37458,-117.01529,"Nov 29, 2025","Feb 28, 2026","3_MONTH","Past Three Months",133,46.6,3.5,"5th warmest",96,
"LYHthr","Lynchburg Area","Lynchburg","VA",37.32126,-79.20649,"Nov 29, 2025","Feb 28, 2026","3_MONTH","Past Three Months",130,46.4,-1.9,"T-43rd coldest",33,
"MAFthr","Midland-Odessa Area","Midland-Odessa","TX",31.94754,-102.20859,"Nov 29, 2025","Feb 28, 2026","3_MONTH","Past Three Months",95,64.8,4.4,"2nd warmest",98,
"MBSthr","Saginaw Area","Tittabawassee Township","MI",43.52808,-84.08133,"Nov 29, 2025","Feb 28, 2026","3_MONTH","Past Three Months",114,30.3,-1.9,"42nd coldest",36,
"MCGthr","Mcgrath Area","McGrath","AK",62.9574,-155.61009,"Nov 29, 2025","Feb 28, 2026","3_MONTH","Past Three Months",43,-0.5,-7.9,"5th coldest",9,
"MCIthr","Kansas City Area","Kansas City","MO",39.29747,-94.73087,"Nov 29, 2025","Feb 28, 2026","3_MONTH","Past Three Months",135,46.1,4.6,"T-7th warmest",95,
"MCNthr","Macon Area","Macon","GA",32.68889,-83.65296,"Nov 29, 2025","Feb 28, 2026","3_MONTH","Past Three Months",127,61.5,0.2,"T-34th warmest",73,
"MCOthr","Orlando Area","Orlando","FL",28.41822,-81.32413,"Nov 29, 2025","Feb 28, 2026","3_MONTH","Past Three Months",130,74.2,0.6,"47th warmest",64,
"MDTthr","Middletown-Harrisburg Area","Middletown-Harrisburg","PA",40.1962,-76.77249,"Nov 29, 2025","Feb 28, 2026","3_MONTH","Past Three Months",130,36.9,-4.6,"T-28th coldest",23,
"MEIthr","Meridian Area","Meridian","MS",32.33483,-88.75073,"Nov 29, 2025","Feb 28, 2026","3_MONTH","Past Three Months",137,62.4,1.1,"23rd warmest",83,
"MEMthr","Memphis Area","Memphis","TN",35.05639,-89.9864,"Nov 29, 2025","Feb 28, 2026","3_MONTH","Past Three Months",147,53.5,0.2,"T-37th warmest",75,
"MFDthr","Mansfield Area","Mansfield","OH",40.8204,-82.51769,"Nov 29, 2025","Feb 28, 2026","3_MONTH","Past Three Months",104,33.5,-3.2,"T-25th coldest",26,
"MFRthr","Medford Area","Medford","OR",42.37503,-122.87702,"Nov 29, 2025","Feb 28, 2026","3_MONTH","Past Three Months",115,51.2,1.9,"10th warmest",91,
"MGMthr","Montgomery Area","Montgomery","AL",32.2997,-86.40745,"Nov 29, 2025","Feb 28, 2026","3_MONTH","Past Three Months",153,61.9,-0.2,"T-37th warmest",76,
"MIAthr","Miami Area","Miami","FL",25.78805,-80.31694,"Nov 29, 2025","Feb 28, 2026","3_MONTH","Past Three Months",130,77.6,0.1,"41st warmest",68,
"MKEthr","Milwaukee Area","Milwaukee","WI",42.95489,-87.9045,"Nov 29, 2025","Feb 28, 2026","3_MONTH","Past Three Months",147,31.7,-2.1,"T-65th warmest",56,
"MKGthr","Muskegon Area","Muskegon","MI",43.17111,-86.23685,"Nov 29, 2025","Feb 28, 2026","3_MONTH","Past Three Months",124,32.1,-2.9,"T-47th coldest",38,
"MLBthr","Melbourne Area","Melbourne","FL",28.09969,-80.6356,"Nov 29, 2025","Feb 28, 2026","3_MONTH","Past Three Months",83,73.8,-0.9,"T-30th warmest",64,
"MLIthr","Moline Area","Moline","IL",41.44816,-90.52365,"Nov 29, 2025","Feb 28, 2026","3_MONTH","Past Three Months",152,36.4,1.2,"33rd warmest",78,
"MOBthr","Mobile Area","Mobile","AL",30.688333,-88.245556,"Nov 29, 2025","Feb 28, 2026","3_MONTH","Past Three Months",154,65.8,2.2,"T-18th warmest",88,
"MQEthr","Milton Area","Milton","MA",42.2123,-71.1137,"Nov 29, 2025","Feb 28, 2026","3_MONTH","Past Three Months",132,34.6,-2.9,"T-49th coldest",37,
"MQTthr","Marquette County Area","Marquette County","MI",46.5313,-87.5491,"Nov 29, 2025","Feb 28, 2026","3_MONTH","Past Three Months",64,22.3,-2.2,"11th coldest",16,
"MSLthr","Muscle Shoals Area","Muscle Shoals","AL",34.74388,-87.59971,"Nov 29, 2025","Feb 28, 2026","3_MONTH","Past Three Months",124,56.4,1.6,"22nd warmest",82,
"MSNthr","Madison Area","Madison","WI",43.14069,-89.34521,"Nov 29, 2025","Feb 28, 2026","3_MONTH","Past Three Months",148,30.3,0.0,"T-53rd warmest",64,
"MSOthr","Missoula Area","Missoula","MT",46.92076,-114.09376,"Nov 29, 2025","Feb 28, 2026","3_MONTH","Past Three Months",122,41,7.9,"2nd warmest",98,
"MSPthr","Minneapolis-St Paul Area","Minneapolis-St Paul","MN",44.88523,-93.23133,"Nov 29, 2025","Feb 28, 2026","3_MONTH","Past Three Months",154,27.4,0.4,"T-46th warmest",70,
"MSYthr","New Orleans Area","New Orleans","LA",29.99755,-90.27772,"Nov 29, 2025","Feb 28, 2026","3_MONTH","Past Three Months",80,67.2,2.7,"T-14th warmest",82,
"MTHthr","Marathon Area","Marathon","FL",24.72624,-81.0477,"Nov 29, 2025","Feb 28, 2026","3_MONTH","Past Three Months",54,75.5,-2.0,"T-18th coldest",33,
"NYCthr","New York-Central Park Area","New York-Central Park","NY",40.77898,-73.96925,"Nov 29, 2025","Feb 28, 2026","3_MONTH","Past Three Months",157,38.1,-4.1,"39th coldest",24,
"OFKthr","Norfolk Area","Norfolk","NE",41.97988,-97.4335,"Nov 29, 2025","Feb 28, 2026","3_MONTH","Past Three Months",125,41.9,6.7,"3rd warmest",98,
"OGGthr","Kahului Area","Kahului","HI",20.88871,-156.43452,"Nov 29, 2025","Feb 28, 2026","3_MONTH","Past Three Months",33,82,-0.6,"6th warmest",82,
"OKCthr","Oklahoma City Area","Oklahoma City","OK",35.38843,-97.60035,"Nov 29, 2025","Feb 28, 2026","3_MONTH","Past Three Months",136,57.5,6.4,"2nd warmest",99,
"OLMthr","Olympia Area","Olympia","WA",46.97371,-122.90493,"Nov 29, 2025","Feb 28, 2026","3_MONTH","Past Three Months",78,48.3,1.7,"11th warmest",86,
"OMAthr","Omaha Area","Omaha","NE",41.31186,-95.90186,"Nov 29, 2025","Feb 28, 2026","3_MONTH","Past Three Months",155,41.6,4.8,"7th warmest",95,
"OMEthr","Nome Area","Nome","AK",64.51112,-165.44002,"Nov 29, 2025","Feb 28, 2026","3_MONTH","Past Three Months",110,13.8,-1.6,"T-50th warmest",55,
"OQTthr","Oak Ridge Area","Oak Ridge","TN",36.023,-84.2337,"Nov 29, 2025","Feb 28, 2026","3_MONTH","Past Three Months",78,51.8,1.1,"18th warmest",77,
"ORDthr","Chicago Area","Chicago","IL",41.96017,-87.93164,"Nov 29, 2025","Feb 28, 2026","3_MONTH","Past Three Months",154,34.8,-0.0,"T-62nd warmest",60,
"ORFthr","Norfolk Area","Norfolk","VA",36.90371,-76.19266,"Nov 29, 2025","Feb 28, 2026","3_MONTH","Past Three Months",152,48.8,-4.2,"T-43rd coldest",28,
"ORHthr","Worcester Area","Worcester","MA",42.27054,-71.87312,"Nov 29, 2025","Feb 28, 2026","3_MONTH","Past Three Months",128,31.1,-4.0,"T-19th coldest",15,
"OTZthr","Kotzebue Area","Kotzebue","AK",66.88569,-162.6068,"Nov 29, 2025","Feb 28, 2026","3_MONTH","Past Three Months",59,4.3,-4.3,"T-28th coldest",49,
"PAHthr","Paducah Area","Paducah","KY",37.05635,-88.77425,"Nov 29, 2025","Feb 28, 2026","3_MONTH","Past Three Months",86,47.4,-0.3,"T-31st warmest",64,
"PBGthr","Plattsburgh Area","Town of Plattsburgh","NY",44.63923,-73.46312,"Nov 29, 2025","Feb 28, 2026","3_MONTH","Past Three Months",73,28.1,-3.5,"17th coldest",22,
"PBIthr","West Palm Beach Area","West Palm Beach","FL",26.6851,-80.09918,"Nov 29, 2025","Feb 28, 2026","3_MONTH","Past Three Months",128,77.9,1.9,"T-24th warmest",81,
"PDTthr","Pendleton Area","Pendleton","OR",45.6975,-118.83446,"Nov 29, 2025","Feb 28, 2026","3_MONTH","Past Three Months",124,46.9,4.1,"T-14th warmest",89,
"PDXthr","Portland Area","Portland","OR",45.59578,-122.60919,"Nov 29, 2025","Feb 28, 2026","3_MONTH","Past Three Months",86,50.8,2.3,"5th warmest",94,
"PGDthr","Punta Gorda Area","Charlotte County","FL",26.91847,-81.99391,"Nov 29, 2025","Feb 28, 2026","3_MONTH","Past Three Months",102,76.5,-1.8,"T-43rd warmest",58,
"PHLthr","Philadelphia Area","Philadelphia","PA",39.87326,-75.22681,"Nov 29, 2025","Feb 28, 2026","3_MONTH","Past Three Months",152,40.5,-3.5,"T-56th coldest",37,
"PHXthr","Phoenix Area","Phoenix","AZ",33.4278,-112.00365,"Nov 29, 2025","Feb 28, 2026","3_MONTH","Past Three Months",131,75.4,7.2,"1st warmest",99,
"PIAthr","Peoria Area","Peoria","IL",40.66747,-89.68418,"Nov 29, 2025","Feb 28, 2026","3_MONTH","Past Three Months",135,37.6,0.5,"34th warmest",75,
"PIHthr","Pocatello Area","Pocatello","ID",42.91969,-112.57232,"Nov 29, 2025","Feb 28, 2026","3_MONTH","Past Three Months",87,44.2,8.4,"1st warmest",99,
"PITthr","Pittsburgh Area","Pittsburgh","PA",40.48459,-80.21448,"Nov 29, 2025","Feb 28, 2026","3_MONTH","Past Three Months",151,36.9,-2.0,"T-44th coldest",30,
"PNSthr","Pensacola Area","Pensacola","FL",30.47612,-87.18575,"Nov 29, 2025","Feb 28, 2026","3_MONTH","Past Three Months",147,65.2,0.5,"T-22nd warmest",85,
"PSCthr","Tri-Cities Area","Pasco","WA",46.2695,-119.11816,"Nov 29, 2025","Feb 28, 2026","3_MONTH","Past Three Months",112,47.7,4.0,"8th warmest",93,
"PUBthr","Pueblo Area","Pueblo","CO",38.28868,-104.5057,"Nov 29, 2025","Feb 28, 2026","3_MONTH","Past Three Months",138,56.2,7.2,"2nd warmest",99,
"PVDthr","Providence Area","Providence","RI",41.72252,-71.43248,"Nov 29, 2025","Feb 28, 2026","3_MONTH","Past Three Months",122,36.5,-4.4,"T-27th coldest",22,
"PWMthr","Portland Area","Portland","ME",43.64244,-70.30443,"Nov 29, 2025","Feb 28, 2026","3_MONTH","Past Three Months",145,31.8,-3.6,"T-41st coldest",29,
"RAPthr","Rapid City Area","Rapid City","SD",44.04582,-103.05442,"Nov 29, 2025","Feb 28, 2026","3_MONTH","Past Three Months",84,47.8,10.7,"1st warmest",99,
"RDDthr","Redding Area","Redding","CA",40.51462,-122.29773,"Nov 29, 2025","Feb 28, 2026","3_MONTH","Past Three Months",40,59,1.0,"11th warmest",72,
"RDUthr","Raleigh Area","Raleigh","NC",35.8923,-78.7819,"Nov 29, 2025","Feb 28, 2026","3_MONTH","Past Three Months",139,52.1,-2.1,"T-65th coldest",47,
"RFDthr","Rockford Area","Rockford","IL",42.19325,-89.09335,"Nov 29, 2025","Feb 28, 2026","3_MONTH","Past Three Months",117,33.3,0.9,"T-43rd warmest",63,
"RICthr","Richmond Area","Richmond","VA",37.51154,-77.32338,"Nov 29, 2025","Feb 28, 2026","3_MONTH","Past Three Months",129,47.4,-3.0,"T-36th coldest",28,
"RNOthr","Reno Area","Reno","NV",39.50769,-119.76829,"Nov 29, 2025","Feb 28, 2026","3_MONTH","Past Three Months",131,53.8,5.1,"2nd warmest",98,
"ROAthr","Roanoke Area","Roanoke","VA",37.31719,-79.97369,"Nov 29, 2025","Feb 28, 2026","3_MONTH","Past Three Months",113,47.2,-2.2,"T-44th coldest",39,
"ROCthr","Rochester Area","Rochester","NY",43.11723,-77.67539,"Nov 29, 2025","Feb 28, 2026","3_MONTH","Past Three Months",154,31.8,-4.1,"T-46th coldest",30,
"ROWthr","Roswell Area","Roswell","NM",33.30735,-104.50817,"Nov 29, 2025","Feb 28, 2026","3_MONTH","Past Three Months",130,62.2,3.3,"2nd warmest",98,
"RSTthr","Rochester Area","Rochester","MN",43.904,-92.49207,"Nov 29, 2025","Feb 28, 2026","3_MONTH","Past Three Months",109,27,1.1,"T-36th warmest",67,
"SACthr","Sacramento Area","Sacramento","CA",38.50659,-121.49604,"Nov 29, 2025","Feb 28, 2026","3_MONTH","Past Three Months",85,57.6,-0.1,"26th warmest",69,
"SANthr","San Diego Area","San Diego","CA",32.7336,-117.1831,"Nov 29, 2025","Feb 28, 2026","3_MONTH","Past Three Months",152,69.4,3.2,"5th warmest",97,
"SATthr","San Antonio Area","San Antonio","TX",29.54429,-98.48395,"Nov 29, 2025","Feb 28, 2026","3_MONTH","Past Three Months",141,70.5,5.3,"4th warmest",97,
"SAVthr","Savannah Area","Savannah","GA",32.13133,-81.2023,"Nov 29, 2025","Feb 28, 2026","3_MONTH","Past Three Months",151,63.4,-0.1,"T-55th warmest",64,
"SBNthr","South Bend Area","South Bend","IN",41.70722,-86.31628,"Nov 29, 2025","Feb 28, 2026","3_MONTH","Past Three Months",125,33.9,-0.3,"T-55th coldest",44,
"SCKthr","Stockton Area","Stockton","CA",37.88997,-121.22637,"Nov 29, 2025","Feb 28, 2026","3_MONTH","Past Three Months",78,58.5,-0.4,"T-20th warmest",74,
"SDFthr","Louisville Area","Louisville","KY",38.17738,-85.73077,"Nov 29, 2025","Feb 28, 2026","3_MONTH","Past Three Months",154,44.6,-1.8,"T-73rd warmest",53,
"SEAthr","Seattle Area","Seattle","WA",47.44467,-122.31442,"Nov 29, 2025","Feb 28, 2026","3_MONTH","Past Three Months",78,49.4,1.0,"8th warmest",90,
"SFBthr","Sanford Area","Orlando","FL",28.77951,-81.24356,"Nov 29, 2025","Feb 28, 2026","3_MONTH","Past Three Months",72,73.2,1.5,"27th warmest",62,
"SFOthr","San Francisco Airport Area","San Francisco Airport","CA",37.61962,-122.36562,"Nov 29, 2025","Feb 28, 2026","3_MONTH","Past Three Months",80,59.6,0.6,"11th warmest",86,
"SGFthr","Springfield Area","Springfield","MO",37.23983,-93.38995,"Nov 29, 2025","Feb 28, 2026","3_MONTH","Past Three Months",138,50.4,3.4,"T-5th warmest",96,
"SHRthr","Sheridan Area","Sheridan","WY",44.76031,-106.97413,"Nov 29, 2025","Feb 28, 2026","3_MONTH","Past Three Months",119,46.5,9.4,"1st warmest",99,
"SHVthr","Shreveport Area","Shreveport","LA",32.4473,-93.8244,"Nov 29, 2025","Feb 28, 2026","3_MONTH","Past Three Months",152,64.4,4.1,"7th warmest",95,
"SJTthr","San Angelo Area","San Angelo","TX",31.35172,-100.4948,"Nov 29, 2025","Feb 28, 2026","3_MONTH","Past Three Months",101,67.9,5.1,"2nd warmest",98,
"SJUthr","San Juan Area","San Juan","PR",18.4325,-66.01083,"Nov 29, 2025","Feb 28, 2026","3_MONTH","Past Three Months",128,84.5,0.8,"T-21st warmest",84,
"SLCthr","Salt Lake City Area","Salt Lake City","UT",40.77069,-111.96503,"Nov 29, 2025","Feb 28, 2026","3_MONTH","Past Three Months",152,49.1,8.4,"1st warmest",99,
"SLEthr","Salem Area","Salem","OR",44.90488,-123.00103,"Nov 29, 2025","Feb 28, 2026","3_MONTH","Past Three Months",125,51.1,1.9,"T-9th warmest",93,
"SLNthr","Salina Area","Salina","KS",38.77996,-97.64444,"Nov 29, 2025","Feb 28, 2026","3_MONTH","Past Three Months",76,50,6.3,"1st warmest",99,
"SMXthr","Santa Maria Area","Santa Maria","CA",34.89403,-120.45216,"Nov 29, 2025","Feb 28, 2026","3_MONTH","Past Three Months",113,68.8,4.1,"5th warmest",96,
"SNPthr","St Paul Island Area","St. Paul","AK",57.15505,-170.22272,"Nov 29, 2025","Feb 28, 2026","3_MONTH","Past Three Months",91,30.9,0.4,"43rd warmest",53,
"SPIthr","Springfield Area","Springfield","IL",39.84529,-89.68401,"Nov 29, 2025","Feb 28, 2026","3_MONTH","Past Three Months",144,39.9,0.5,"T-36th warmest",75,
"SPSthr","Wichita Falls Area","Wichita Falls","TX",33.97855,-98.49298,"Nov 29, 2025","Feb 28, 2026","3_MONTH","Past Three Months",103,63.1,6.6,"1st warmest",99,
"SRQthr","Sarasota/Bradenton Area","Sarasota","FL",27.40146,-82.55863,"Nov 29, 2025","Feb 28, 2026","3_MONTH","Past Three Months",107,74.1,0.5,"T-45th warmest",58,
"STCthr","Saint Cloud Area","Saint Cloud","MN",45.54416,-94.0516,"Nov 29, 2025","Feb 28, 2026","3_MONTH","Past Three Months",125,25.3,1.1,"40th warmest",68,
"STLthr","St Louis Area","St Louis","MO",38.75246,-90.37342,"Nov 29, 2025","Feb 28, 2026","3_MONTH","Past Three Months",148,45.2,1.5,"T-26th warmest",82,
"SUXthr","Sioux City Area","Sioux City","IA",42.39169,-96.37948,"Nov 29, 2025","Feb 28, 2026","3_MONTH","Past Three Months",136,39.3,6.8,"6th warmest",96,
"SYRthr","Syracuse Area","Syracuse","NY",43.1111,-76.10384,"Nov 29, 2025","Feb 28, 2026","3_MONTH","Past Three Months",124,31.4,-2.9,"T-31st coldest",27,
"TKAthr","Talkeetna Area","Talkeetna","AK",62.31978,-150.09744,"Nov 29, 2025","Feb 28, 2026","3_MONTH","Past Three Months",83,20.6,-3.7,"30th coldest",35,
"TLHthr","Tallahassee Area","Tallahassee","FL",30.39354,-84.35136,"Nov 29, 2025","Feb 28, 2026","3_MONTH","Past Three Months",111,67,1.1,"T-34th warmest",69,
"TOLthr","Toledo Area","Toledo","OH",41.58705,-83.80538,"Nov 29, 2025","Feb 28, 2026","3_MONTH","Past Three Months",153,33.7,-3.7,"T-56th coldest",37,
"TOPthr","Topeka Area","Topeka","KS",39.07246,-95.62602,"Nov 29, 2025","Feb 28, 2026","3_MONTH","Past Three Months",139,48.1,4.8,"5th warmest",96,
"TPAthr","Tampa Area","Tampa","FL",27.96331,-82.54,"Nov 29, 2025","Feb 28, 2026","3_MONTH","Past Three Months",135,73.1,0.0,"T-41st warmest",70,
"TRIthr","Bristol-Johnson City Area","Bristol-Johnson City","TN",36.47964,-82.39893,"Nov 29, 2025","Feb 28, 2026","3_MONTH","Past Three Months",78,49.4,0.4,"31st warmest",60,
"TULthr","Tulsa Area","Tulsa","OK",36.19854,-95.87825,"Nov 29, 2025","Feb 28, 2026","3_MONTH","Past Three Months",120,56.6,5.3,"1st warmest",99,
"TUPthr","Tupelo Area","Tupelo","MS",34.26224,-88.77127,"Nov 29, 2025","Feb 28, 2026","3_MONTH","Past Three Months",87,55.6,0.1,"T-33rd warmest",62,
"TUSthr","Tucson Area","Tucson","AZ",32.13153,-110.95638,"Nov 29, 2025","Feb 28, 2026","3_MONTH","Past Three Months",130,72.1,5.1,"2nd warmest",98,
"TYSthr","Knoxville Area","Knoxville","TN",35.81801,-83.98573,"Nov 29, 2025","Feb 28, 2026","3_MONTH","Past Three Months",149,51.5,0.8,"T-42nd warmest",72,
"UNRS2thr","Rapid City Downtown Area","Rapid City","SD",44.0727,-103.2108,"Nov 29, 2025","Feb 28, 2026","3_MONTH","Past Three Months",114,46,8.5,"1st warmest",99,
"VCTthr","Victoria Area","Victoria","TX",28.86245,-96.9301,"Nov 29, 2025","Feb 28, 2026","3_MONTH","Past Three Months",119,72,4.8,"T-7th warmest",94,
"VRBthr","Vero Beach Area","Vero Beach","FL",27.6553,-80.41425,"Nov 29, 2025","Feb 28, 2026","3_MONTH","Past Three Months",84,74.9,0.1,"T-32nd warmest",62,
"VTNthr","Valentine Area","Valentine","NE",42.85855,-100.55141,"Nov 29, 2025","Feb 28, 2026","3_MONTH","Past Three Months",136,46.5,7.1,"1st warmest",99,
"WALthr","Wallops Island Area","Wallops Island","VA",37.93722,-75.47083,"Nov 29, 2025","Feb 28, 2026","3_MONTH","Past Three Months",60,45.4,-3.2,"20th coldest",32,
"WMCthr","Winnemucca Area","Winnemucca","NV",40.90178,-117.80812,"Nov 29, 2025","Feb 28, 2026","3_MONTH","Past Three Months",147,52.7,7.4,"1st warmest",99,
"YAKthr","Yakutat Area","Yakutat","AK",59.51211,-139.67104,"Nov 29, 2025","Feb 28, 2026","3_MONTH","Past Three Months",76,33.9,-2.4,"31st coldest",39,
"YKMthr","Yakima Area","Yakima","WA",46.56398,-120.53488,"Nov 29, 2025","Feb 28, 2026","3_MONTH","Past Three Months",80,44.9,3.4,"8th warmest",90,
"YNGthr","Youngstown Area","Youngstown","OH",41.25478,-80.67361,"Nov 29, 2025","Feb 28, 2026","3_MONTH","Past Three Months",96,33.4,-3.5,"29th coldest",29,
