id,latitude,longitude,elevation,state,name,GHCN_ID,annual_snow
US10dund005,40.1765,-101.39,961.9,NE,MAX 4.4 NNE,US10dund005,21.1
US10fron002,40.5556,-100.4389,808.9,NE,CURTIS 6.5 SE,US10fron002,20.3
US10garf004,42.058,-98.9925,691.0,NE,BURWELL 20.4 NNE,US10garf004,37.9
US10jeff006,40.25,-97.217,455.1,NE,FAIRBURY 8.0 NNW,US10jeff006,20.6
US10kear005,40.3622,-99.1735,686.1,NE,WILCOX 0.3 SW,US10kear005,23.8
US10sali011,40.3504,-97.3542,472.1,NE,TOBIAS 4.7 SSW,US10sali011,21.6
US10vall002,41.5105,-98.883,624.8,NE,ORD 6.8 SSE,US10vall002,26.9
US10vall009,41.4239,-99.1593,666.0,NE,ARCADIA 1.7 W,US10vall009,35.1
US1CAPC0001,39.3021,-120.3837,2099.2,CA,SODA SPRINGS 1.5 SSW,US1CAPC0001,445.0
US1COBO0002,39.935,-105.0845,1663.9,CO,BROOMFIELD 1.2 NE,US1COBO0002,67.9
US1COBO0004,39.9941,-105.2573,1645.0,CO,BOULDER 2.9 S,US1COBO0004,85.2
US1COBO0008,39.9925,-105.1057,1610.9,CO,LAFAYETTE 0.4 WSW,US1COBO0008,65.0
US1COBO0014,39.9922,-105.2647,1667.9,CO,BOULDER 1.6 S,US1COBO0014,92.7
US1COBO0143,40.2001,-105.1087,1538.9,CO,LONGMONT 2.1 N,US1COBO0143,47.400000000000006
US1COBO0202,40.1103,-105.4391,2609.1,CO,WARD 4.6 NE,US1COBO0202,183.5
US1COBR0013,39.939,-105.0826,1653.2,CO,BROOMFIELD 1.1 NE,US1COBR0013,73.9
US1CODG0074,39.5404,-104.9123,1805.9,CO,HIGHLANDS RANCH 3.2 ESE,US1CODG0074,64.0
US1COEP0037,38.9052,-104.8491,2012.9,CO,COLORADO SPRINGS 5.7 WNW,US1COEP0037,55.2
US1COGN0018,38.9603,-106.9908,2927.9,CO,CRESTED BUTTE 6.2 N,US1COGN0018,389.0
US1COJF0072,39.8826,-105.1056,1656.9,CO,BROOMFIELD 2.3 SSW,US1COJF0072,54.8
US1COLK0001,39.2573,-106.3173,3037.9,CO,LEADVILLE 1.4 WNW,US1COLK0001,153.9
US1COLP0098,37.3244,-107.5979,2269.8,CO,BAYFIELD 6.2 N,US1COLP0098,93.4
US1COLR0075,40.5538,-105.1289,1567.0,CO,FORT COLLINS 2.8 WSW,US1COLR0075,57.4
US1COLR0255,40.5759,-105.0858,1527.0,CO,FCL,US1COLR0255,49.3
US1COLR0273,40.5998,-105.1151,1544.4,CO,FCL 2.2 NW,US1COLR0273,53.5
US1COLR0312,40.624,-105.0649,1547.2,CO,FCL 3.1 NE,US1COLR0312,33.6
US1COLR0767,40.3464,-105.5217,2420.1,CO,ESTES PARK 1.8 S,US1COLR0767,118.0
US1COWE0003,40.4505,-104.6799,1428.9,CO,GREELEY 3.9 ENE,US1COWE0003,32.7
US1IAGT0001,41.7991,-94.3093,321.0,IA,JAMAICA 3.2 S,US1IAGT0001,32.8
US1IDAD0002,43.6695,-116.2653,799.2,ID,BOISE 5.3 NW,US1IDAD0002,18.3
US1ILKN0064,41.9201,-88.299,231.6,IL,ST. CHARLES 0.1 E,US1ILKN0064,46.2
US1INSJ0028,41.6209,-86.2152,269.4,IN,SOUTH BEND 4.6 SE,US1INSJ0028,49.900000000000006
US1MDAL0002,39.5768,-78.8498,230.1,MD,CRESAPTOWN-BEL AIR 0.9 SSE,US1MDAL0002,30.799999999999997
US1MDHW0018,39.2361,-76.8605,124.1,MD,COLUMBIA 2.3 N,US1MDHW0018,28.5
US1MDMG0029,39.2493,-77.2437,207.9,MD,CLARKSBURG 2.1 NE,US1MDMG0029,32.6
US1MOFSA065,37.6605,-91.5535,344.1,MO,SALEM 1.8 NW,US1MOFSA065,11.1
US1NCBR0002,34.2024,-78.0948,21.0,NC,LELAND 5.7 WSW,US1NCBR0002,0.9
US1NJMC0017,40.26,-74.7866,30.5,NJ,EWING TWP 0.8 ESE,US1NJMC0017,26.599999999999998
US1NMBR0034,35.1278,-106.5437,1676.1,NM,ALBUQUERQUE 4.6 E,US1NMBR0034,12.1
US1NVWH0002,39.5573,-119.8144,1494.1,NV,RENO 1.4 NNE,US1NVWH0002,33.3
US1OHMD0002,41.2498,-81.8133,342.0,OH,BRUNSWICK 0.5 NE,US1OHMD0002,65.39999999999999
US1ORBN0032,44.5464,-123.2592,71.3,OR,CORVALLIS 1.9 SSE,US1ORBN0032,3.9
US1ORMN0016,44.8353,-122.6836,331.9,OR,STAYTON 6 ENE,US1ORMN0016,16.0
US1PABR0002,40.3162,-75.9887,97.5,PA,READING 3.5 SW,US1PABR0002,27.2
US1SDMH0020,43.5267,-96.6658,462.1,SD,SIOUX FALLS 3.4 ESE,US1SDMH0020,49.0
US1UTML0001,39.3723,-112.3339,1565.1,UT,OAK CITY 0.3 SSE,US1UTML0001,49.099999999999994
US1UTSL0035,40.6657,-111.8115,1396.0,UT,HOLLADAY 0.5 ESE,US1UTSL0035,55.8
US1VAFX0033,38.7462,-77.1386,17.1,VA,FRANCONIA 1.3 SSE,US1VAFX0033,13.4
US1WYLM0036,41.1449,-104.7547,1825.1,WY,CHEYENNE 2.0 E,US1WYLM0036,64.7
US1WYNT0024,42.8167,-106.4108,1570.0,WY,CASPER 4.3 WSW,US1WYNT0024,81.7
USC00010063,34.2553,-87.1814,249.3,AL,ADDISON,USC00010063,0.2
USC00010160,32.9453,-85.9481,195.1,AL,ALEXANDER CITY,USC00010160,0.7
USC00010252,31.3072,-86.5225,76.2,AL,ANDALUSIA 3 W,USC00010252,0.3
USC00010369,33.2942,-85.7789,311.5,AL,ASHLAND 3 ENE,USC00010369,1.6
USC00010390,34.7753,-86.9508,210.0,AL,ATHENS,USC00010390,1.3
USC00010402,31.1819,-87.4389,91.4,AL,ATMORE,USC00010402,0.1
USC00010425,32.5992,-85.4653,166.1,AL,AUBURN NO.2,USC00010425,0.7
USC00010505,33.4528,-87.3572,85.3,AL,BANKHEAD L&D,USC00010505,0.4
USC00010583,30.8839,-87.7853,82.6,AL,BAY MINETTE,USC00010583,0.2
USC00010655,34.6892,-86.8819,183.8,AL,BELLE MINA 2 N,USC00010655,1.1
USC00010764,33.3953,-87.0078,135.6,AL,BESSEMER 3 WSW,USC00010764,1.2
USC00010957,34.2008,-86.1633,326.1,AL,BOAZ,USC00010957,0.9
USC00011620,33.285,-86.3431,127.4,AL,CHILDERSBURG WTP,USC00011620,1.1
USC00011694,32.8161,-86.6042,179.8,AL,CLANTON,USC00011694,0.5
USC00011725,31.8708,-85.45,173.4,AL,CLAYTON,USC00011725,0.5
USC00011810,31.7561,-88.1289,14.0,AL,COFFEEVILLE L&D,USC00011810,0.4
USC00012096,34.1925,-86.7972,247.2,AL,CULLMAN NAHS,USC00012096,0.6
USC00012245,32.5192,-87.88,30.5,AL,DEMOPOLIS L&D,USC00012245,0.2
USC00012577,31.4239,-86.0667,59.4,AL,ELBA,USC00012577,0.3
USC00012758,31.445,-86.9533,88.4,AL,EVERGREEN,USC00012758,0.5
USC00012883,33.7092,-87.8153,108.8,AL,FAYETTE,USC00012883,0.30000000000000004
USC00013154,34.0219,-85.9878,172.2,AL,GADSDEN,USC00013154,0.2
USC00013251,31.0383,-85.8708,44.2,AL,GENEVA #2,USC00013251,0.1
USC00013511,32.6922,-87.5761,75.9,AL,GREENSBORO,USC00013511,0.2
USC00013519,31.79,-86.6086,104.2,AL,GREENVILLE,USC00013519,0.5
USC00013573,34.3344,-86.3297,176.2,AL,GUNTERSVILLE,USC00013573,0.7
USC00013620,34.2314,-87.6353,280.4,AL,HALEYVILLE,USC00013620,0.8999999999999999
USC00013645,34.0967,-87.9914,132.6,AL,HAMILTON 3 S,USC00013645,1.3
USC00013655,34.0678,-86.7911,179.8,AL,HANCEVILLE,USC00013655,1.1
USC00013761,31.3625,-85.3397,112.8,AL,HEADLAND,USC00013761,0.1
USC00013775,33.6436,-85.6092,304.8,AL,HEFLIN,USC00013775,1.2
USC00013930,33.2533,-87.45,59.4,AL,HOLT L&D,USC00013930,0.3
USC00014080,32.2467,-85.4142,122.5,AL,HURTSBORO,USC00014080,0.5
USC00014209,33.8258,-85.7811,192.0,AL,JACKSONVILLE,USC00014209,0.1
USC00014226,33.9047,-87.3153,148.1,AL,JASPER,USC00014226,0.6
USC00015112,32.7028,-87.2681,52.4,AL,MARION 7 NE,USC00015112,0.7
USC00015121,32.4714,-87.2314,61.0,AL,MARION JUNCTION 2 NE,USC00015121,0.2
USC00015439,32.4419,-85.8889,65.5,AL,MILSTEAD,USC00015439,0.30000000000000004
USC00015635,34.4883,-87.2989,189.6,AL,MOULTON 2,USC00015635,2.1
USC00016478,33.6906,-86.685,185.3,AL,PINSON,USC00016478,1.4000000000000001
USC00016508,32.6131,-86.9056,70.1,AL,PLANTERSVILLE 2 SSE,USC00016508,0.2
USC00016988,30.5653,-87.7017,49.1,AL,ROBERTSDALE,USC00016988,0.1
USC00017131,34.51,-87.7319,253.0,AL,RUSSELLVILLE #2,USC00017131,0.6
USC00017207,34.2878,-85.9681,362.7,AL,SAND MT SUBSTN,USC00017207,1.2
USC00017304,34.6736,-86.0536,187.5,AL,SCOTTSBORO,USC00017304,1.3
USC00017366,32.4111,-87.0144,44.8,AL,SELMA,USC00017366,0.4
USC00017947,33.9158,-88.1014,122.8,AL,SULLIGENT,USC00017947,0.6000000000000001
USC00017999,33.2053,-86.2114,149.4,AL,SYLACAUGA 4 NE,USC00017999,1.7
USC00018024,33.4164,-86.135,136.6,AL,TALLADEGA,USC00018024,0.9
USC00018178,31.9172,-87.7347,118.9,AL,THOMASVILLE,USC00018178,0.1
USC00018438,32.0142,-85.7464,134.1,AL,UNION SPRINGS 9 S,USC00018438,0.6000000000000001
USC00018469,34.5686,-85.6064,341.7,AL,VALLEY HEAD,USC00018469,5.0
USC00018517,33.7392,-88.1275,90.8,AL,VERNON,USC00018517,0.5
USC00018648,34.0661,-86.3069,259.1,AL,WALNUT GROVE,USC00018648,1.7
USC00018653,32.7028,-85.8936,125.0,AL,WALNUT HILL 3 W,USC00018653,0.1
USC00018859,32.5936,-86.1664,97.2,AL,WETUMPKA,USC00018859,0.3
USC00018867,31.6508,-87.7097,51.8,AL,WHATLEY,USC00018867,0.4
USC00018998,33.9108,-87.8469,158.5,AL,WINFIELD 2 SW,USC00018998,0.9
USC00020080,32.3697,-112.86,533.7,AZ,AJO,USC00020080,0.1
USC00020159,33.8492,-109.1469,2453.6,AZ,ALPINE,USC00020159,44.8
USC00020174,33.7383,-109.1167,2051.3,AZ,ALPINE 8 SSE,USC00020174,33.4
USC00020380,31.5767,-111.3172,1112.2,AZ,ARIVACA,USC00020380,0.4
USC00020586,34.5975,-113.1744,1199.4,AZ,BAGDAD,USC00020586,1.1
USC00020678,35.2303,-111.8222,2179.9,AZ,BELLEMONT WFO,USC00020678,72.6
USC00020683,31.8806,-110.2403,1124.7,AZ,BENSON 6SE,USC00020683,0.2
USC00020750,36.6778,-110.5411,2220.8,AZ,BETATAKIN,USC00020750,35.5
USC00020775,31.4475,-109.9289,1694.7,AZ,BISBEE 1WNW,USC00020775,3.3
USC00020808,33.4783,-109.7517,1848.6,AZ,BLACK RVR PUMPS,USC00020808,13.7
USC00021001,36.2147,-112.062,2438.4,AZ,BRIGHT ANGEL RS,USC00021001,126.2
USC00021248,36.1533,-109.5394,1709.9,AZ,CANYON DE CHELLY,USC00021248,4.9
USC00021330,32.2617,-110.3481,973.5,AZ,CASCABEL,USC00021330,1.4000000000000001
USC00021614,34.3494,-111.6981,807.7,AZ,CHILDS,USC00021614,0.3
USC00021664,32.0061,-109.3572,1615.4,AZ,CHIRICAHUA NM,USC00021664,3.7
USC00021920,36.9936,-112.9719,1524.3,AZ,COLORADO CITY,USC00021920,12.4
USC00022109,34.305,-112.165,1149.4,AZ,CORDES,USC00022109,1.2
USC00022140,31.3456,-110.2542,1597.8,AZ,CORONADO NMEM,USC00022140,3.2
USC00022527,35.2947,-113.3667,1674.0,AZ,DIAMOND M RCH,USC00022527,21.0
USC00023009,35.1611,-111.7311,2171.7,AZ,FLAGSTAFF 4 SW,USC00023009,65.3
USC00023596,36.0528,-112.1503,2068.1,AZ,GRAND CANYON NP 2,USC00023596,43.0
USC00023668,31.8931,-110.9978,883.9,AZ,GREEN VALLEY,USC00023668,0.1
USC00024089,34.9094,-110.1544,1549.9,AZ,HOLBROOK,USC00024089,3.3
USC00024391,34.4025,-111.6181,1156.7,AZ,IRVING,USC00024391,1.5999999999999999
USC00024453,34.7522,-112.1114,1508.8,AZ,JEROME,USC00024453,6.3
USC00024675,31.9603,-111.5978,2069.6,AZ,KITT PEAK,USC00024675,8.0
USC00024849,36.8644,-111.6022,978.4,AZ,LEES FERRY,USC00024849,0.30000000000000004
USC00025412,34.1142,-109.8589,2237.2,AZ,MC NARY 2N,USC00025412,66.0
USC00025418,31.6017,-109.6686,1271.0,AZ,MC NEAL,USC00025418,0.5
USC00025426,36.0183,-114.0681,895.5,AZ,MEADVIEW 1W,USC00025426,0.7
USC00025780,34.9364,-111.6392,1972.1,AZ,MUND'S PARK,USC00025780,77.39999999999999
USC00025924,31.4553,-110.9681,1054.9,AZ,NOGALES 6 N,USC00025924,0.3
USC00026119,32.6025,-110.7344,1374.6,AZ,ORACLE 2 SE,USC00026119,10.8
USC00026180,36.9208,-111.4483,1301.5,AZ,PAGE,USC00026180,3.1
USC00026190,35.0681,-109.7689,1755.6,AZ,PAINTED DESERT NP,USC00026190,1.6
USC00026282,31.5392,-110.7603,1232.6,AZ,PATAGONIA PATON CTR,USC00026282,0.7000000000000001
USC00026353,31.9356,-109.8378,1325.9,AZ,PEARCE - SUNSITES,USC00026353,1.2
USC00026468,34.7994,-109.885,1659.9,AZ,PETRIFIED FOREST NP,USC00026468,3.5
USC00026601,34.1239,-109.9219,2194.6,AZ,PINETOP 2E,USC00026601,70.3
USC00026616,36.8625,-112.7375,1499.6,AZ,PIPE SPRING NM,USC00026616,5.8
USC00026653,34.1003,-110.9658,1579.8,AZ,PLEASANT VALLEY,USC00026653,8.5
USC00026716,31.8833,-109.2056,1642.9,AZ,PORTAL 4 SW,USC00026716,3.8
USC00026796,34.5706,-112.4322,1586.5,AZ,PRESCOTT,USC00026796,10.2
USC00026865,33.665,-114.2272,266.7,AZ,QUARTZSITE,USC00026865,0.2
USC00027281,33.6489,-111.1089,794.0,AZ,ROOSEVELT 1 S,USC00027281,0.2
USC00027390,32.815,-109.6808,900.4,AZ,SAFFORD AG CTR,USC00027390,0.2
USC00027435,34.5172,-109.4028,1764.8,AZ,SAINT JOHNS,USC00027435,6.2
USC00027488,35.2239,-109.3222,1784.0,AZ,SANDERS,USC00027488,3.6
USC00027530,32.6014,-110.6292,1042.4,AZ,SAN MANUEL,USC00027530,0.7
USC00027560,32.2933,-109.2269,1091.2,AZ,SAN SIMON,USC00027560,1.2
USC00027619,31.4831,-111.5436,1094.2,AZ,SASABE,USC00027619,0.6
USC00027622,31.6036,-111.6022,1165.9,AZ,SASABE 7 NW,USC00027622,1.9
USC00027716,35.3322,-112.8797,1600.2,AZ,SELIGMAN,USC00027716,9.8
USC00027855,34.2639,-110.0075,1954.1,AZ,SHOW LOW AP,USC00027855,19.4
USC00027880,31.5369,-110.2808,1403.9,AZ,SIERRA VISTA,USC00027880,0.4
USC00028012,34.5081,-110.0839,1719.7,AZ,SNOWFLAKE,USC00028012,12.9
USC00028329,35.3694,-111.5436,2127.5,AZ,SUNSET CRATER NM,USC00028329,49.3
USC00028348,33.3003,-111.0972,871.7,AZ,SUPERIOR,USC00028348,0.3
USC00028598,33.4519,-112.2433,312.4,AZ,TOLLESON 1 E,USC00028598,0.2
USC00028619,31.7119,-110.0686,1420.1,AZ,TOMBSTONE,USC00028619,1.2
USC00028865,31.5678,-111.0497,995.8,AZ,TUMACACORI NM,USC00028865,0.1
USC00028904,34.7706,-112.0264,1057.7,AZ,TUZIGOOT,USC00028904,1.0
USC00028998,32.1264,-110.7247,908.3,AZ,VAIL 7 N,USC00028998,0.1
USC00029114,36.9953,-111.4914,1136.9,AZ,WAHWEAP,USC00029114,0.6
USC00029156,35.1722,-111.5097,2040.6,AZ,WALNUT CANYON NM,USC00029156,52.400000000000006
USC00029158,34.9281,-112.8097,1551.4,AZ,WALNUT CREEK,USC00029158,5.5
USC00029166,34.3117,-112.562,1147.3,AZ,WALNUT GROVE,USC00029166,1.7
USC00029287,33.9792,-112.7403,638.6,AZ,WICKENBURG,USC00029287,0.1
USC00029309,34.7056,-113.6125,612.6,AZ,WIKIEUP,USC00029309,0.2
USC00029334,32.2553,-109.8369,1271.0,AZ,WILLCOX,USC00029334,1.7
USC00029359,35.2414,-112.1928,2105.9,AZ,WILLIAMS,USC00029359,65.1
USC00029542,35.5247,-111.3703,1496.0,AZ,WUPATKI NM,USC00029542,3.4000000000000004
USC00029562,31.4517,-110.2267,1399.0,AZ,Y LIGHTNING RCH,USC00029562,0.7
USC00030006,35.0236,-94.1594,207.3,AR,ABBOTT,USC00030006,3.5
USC00030064,35.9308,-91.055,78.6,AR,ALICIA 2NNE,USC00030064,3.5
USC00030130,34.7961,-92.8417,212.8,AR,ALUM FK,USC00030130,2.9
USC00030150,34.2686,-93.4697,158.5,AR,AMITY,USC00030150,1.2999999999999998
USC00030178,34.0275,-93.4333,91.4,AR,ANTOINE 1 SW,USC00030178,1.3
USC00030220,34.1433,-93.0589,59.7,AR,ARKADELPHIA 2 N,USC00030220,1.4
USC00030234,33.6378,-91.2119,51.8,AR,ARKANSAS CITY,USC00030234,0.6000000000000001
USC00030240,34.025,-91.3444,59.1,AR,ARKANSAS POST,USC00030240,1.5
USC00030286,33.6194,-94.0994,97.5,AR,ASHDOWN 4 SSE,USC00030286,1.8
USC00030300,34.3253,-93.9811,292.6,AR,ATHENS,USC00030300,3.5
USC00030326,35.2894,-91.3533,59.4,AR,AUGUSTA,USC00030326,1.4
USC00030458,35.8306,-91.7944,174.0,AR,BATESVILLE LVSTK,USC00030458,4.4
USC00030460,35.7594,-91.6383,88.4,AR,BATESVILLE L&D 1,USC00030460,2.2
USC00030536,35.4586,-91.0567,67.7,AR,BEEDEVILLE 4 NE,USC00030536,1.7
USC00030582,34.5675,-92.6006,94.5,AR,BENTON,USC00030582,1.3
USC00030586,36.3219,-94.215,371.9,AR,BENTONVILLE 4 S,USC00030586,9.5
USC00030664,34.4619,-93.9983,365.8,AR,BIG FK 1 SSE,USC00030664,1.3
USC00030746,36.1367,-91.1172,101.8,AR,BLACK ROCK,USC00030746,0.9
USC00030764,34.5697,-93.1947,129.8,AR,BLAKELY MTN DAM,USC00030764,1.4
USC00030798,35.1161,-93.6506,129.8,AR,BLUE MTN DAM,USC00030798,2.0
USC00030806,35.9239,-89.9044,76.8,AR,BLYTHEVILLE,USC00030806,2.9
USC00030814,34.3267,-94.4122,358.1,AR,BOGG SPRINGS,USC00030814,3.5999999999999996
USC00030820,34.3897,-93.2822,181.1,AR,BONNERDALE 5 E,USC00030820,2.3000000000000003
USC00030842,35.7264,-92.4672,387.4,AR,BOTKINBURG 3 NE,USC00030842,6.9
USC00030936,34.8822,-91.2153,56.4,AR,BRINKLEY,USC00030936,2.7
USC00031102,34.9817,-92.0064,91.4,AR,CABOT,USC00031102,2.1
USC00031132,36.1092,-92.1636,106.7,AR,CALICO ROCK 2 WSW,USC00031132,6.7
USC00031140,33.3064,-92.4833,23.5,AR,CALION L&D,USC00031140,0.8
USC00031152,33.59,-92.8236,35.4,AR,CAMDEN 1,USC00031152,1.5
USC00031191,33.9153,-91.7711,79.2,AR,CANE CREEK SP,USC00031191,1.8
USC00031310,35.3353,-92.5653,203.9,AR,CENTER RIDGE 3 S,USC00031310,4.4
USC00031419,35.6111,-92.5614,350.5,AR,CHIMES 12 ESE,USC00031419,4.2
USC00031457,35.5328,-93.4036,259.1,AR,CLARKSVILLE 6 NE,USC00031457,2.3
USC00031459,35.5,-93.4728,136.6,AR,CLARKSVILLE 2N,USC00031459,2.5
USC00031492,35.5836,-92.4511,173.7,AR,CLINTON,USC00031492,2.8
USC00031508,35.4364,-93.6717,142.0,AR,COAL HILL,USC00031508,1.0
USC00031596,35.1033,-92.4903,95.1,AR,CONWAY,USC00031596,2.3000000000000003
USC00031632,36.4197,-90.5858,91.4,AR,CORNING,USC00031632,4.6
USC00031666,34.4314,-94.4175,323.1,AR,COVE,USC00031666,2.3000000000000003
USC00031730,33.1111,-91.9481,54.9,AR,CROSSETT 2 SSE,USC00031730,0.30000000000000004
USC00031829,35.4033,-92.3828,207.3,AR,DAMASCUS 2 NNE,USC00031829,2.9
USC00031834,35.0375,-93.3947,114.3,AR,DANVILLE,USC00031834,3.2
USC00031838,35.2342,-93.1675,112.8,AR,DARDANELLE,USC00031838,3.1
USC00031900,35.8272,-93.2044,723.9,AR,DEER,USC00031900,9.7
USC00031948,34.0464,-94.3481,124.1,AR,DEQUEEN,USC00031948,2.5
USC00031962,33.5597,-91.385,44.2,AR,DERMOTT 3 NE,USC00031962,1.3
USC00031968,34.9772,-91.4978,61.0,AR,DES ARC,USC00031968,2.3
USC00032015,34.1267,-94.0172,143.3,AR,DIERKS,USC00032015,2.2
USC00032148,33.8886,-91.5317,49.7,AR,DUMAS,USC00032148,0.7
USC00032355,33.1144,-91.2628,41.1,AR,EUDORA,USC00032355,0.1
USC00032366,36.0803,-91.6147,156.7,AR,EVENING SHADE 1 NNE,USC00032366,6.699999999999999
USC00032540,33.8228,-92.3989,70.1,AR,FORDYCE,USC00032540,1.2
USC00032544,33.7222,-94.3975,128.9,AR,FOREMAN,USC00032544,0.30000000000000004
USC00032670,33.6128,-93.8136,79.2,AR,FULTON,USC00032670,2.5
USC00032700,36.4811,-92.2442,196.6,AR,GAMALIEL 2 NW,USC00032700,6.1
USC00032760,35.1261,-91.4533,61.0,AR,GEORGETOWN,USC00032760,2.1
USC00032794,35.9886,-92.7161,184.7,AR,GILBERT,USC00032794,4.4
USC00032842,34.3856,-93.5108,179.8,AR,GLENWOOD 4 NNE,USC00032842,1.7000000000000002
USC00032922,34.8869,-93.6847,143.0,AR,GRAVELLY,USC00032922,1.9000000000000001
USC00032930,36.4261,-94.4481,384.0,AR,GRAVETTE,USC00032930,12.5
USC00032978,35.5206,-91.9997,160.6,AR,GREERS FERRY DAM,USC00032978,2.5999999999999996
USC00033132,36.2747,-91.5056,121.9,AR,HARDY,USC00033132,6.7
USC00033164,36.1956,-93.1061,345.0,AR,HARRISON,USC00033164,9.5
USC00033200,35.3383,-92.8492,103.6,AR,HATTIEVILLE 5 NW,USC00033200,3.1
USC00033242,34.5211,-90.59,59.4,AR,HELENA,USC00033242,0.30000000000000004
USC00033428,33.7092,-93.5564,114.3,AR,HOPE 3 NE,USC00033428,2.1
USC00033438,34.3608,-93.6817,219.5,AR,HOPPER,USC00033438,2.6
USC00033442,33.9353,-94.3597,102.7,AR,HORATIO,USC00033442,2.7
USC00033466,34.5128,-93.0486,190.8,AR,HOT SPRINGS 1 NNE,USC00033466,1.1
USC00033704,34.6719,-93.0747,246.0,AR,JESSIEVILLE,USC00033704,3.2
USC00033734,35.8489,-90.6589,94.5,AR,JONESBORO 2 NE,USC00033734,3.9
USC00033821,35.6872,-90.0964,70.7,AR,KEISER,USC00033821,1.8
USC00033831,33.7703,-91.2731,44.2,AR,KELSO,USC00033831,0.39999999999999997
USC00033862,34.6033,-91.9928,70.4,AR,KEO,USC00033862,3.0
USC00034010,34.8511,-92.4889,93.0,AR,LAKE MAUMELLE,USC00034010,1.1
USC00034060,34.3119,-93.8439,235.0,AR,LANGLEY,USC00034060,2.6
USC00034106,36.4194,-92.9158,253.0,AR,LEAD HILL,USC00034106,8.2
USC00034134,34.1742,-92.5947,77.7,AR,LEOLA,USC00034134,2.0
USC00034185,33.3614,-93.5675,103.6,AR,LEWISVILLE,USC00034185,1.8
USC00034290,35.5194,-93.1972,174.0,AR,LONG POOL,USC00034290,1.7999999999999998
USC00034528,35.0264,-90.7347,91.4,AR,MADISON 1 NW,USC00034528,1.9
USC00034548,33.2586,-93.1822,113.4,AR,MAGNOLIA,USC00034548,1.7
USC00034562,34.3947,-92.8364,91.4,AR,MALVERN,USC00034562,1.2
USC00034638,34.7392,-90.7664,71.3,AR,MARIANNA 2 S,USC00034638,1.3
USC00034666,35.9117,-92.6564,289.9,AR,MARSHALL,USC00034666,4.0
USC00034708,33.6339,-91.3883,42.7,AR,MCGEHEE 1 NE,USC00034708,2.0
USC00034746,36.0822,-91.9822,152.4,AR,MELBOURNE 5W,USC00034746,6.6
USC00034756,34.5978,-94.29,351.1,AR,MENA,USC00034756,4.0
USC00034936,33.3014,-92.3658,27.4,AR,MORO BAY SP,USC00034936,0.6000000000000001
USC00034938,35.1581,-92.7672,103.6,AR,MORRILTON,USC00034938,2.4
USC00034988,34.5408,-93.5878,212.4,AR,MT IDA 3 SE,USC00034988,4.4
USC00035018,35.6494,-94.1542,241.7,AR,MOUNTAINBURG 2 NE,USC00035018,3.1
USC00035036,36.3458,-92.3939,243.8,AR,MTN HOME 1 NNW,USC00035036,7.8
USC00035046,35.8444,-92.0978,218.2,AR,MTN VIEW,USC00035046,4.9
USC00035079,34.0783,-93.7019,140.2,AR,MURFREESBORO 1W,USC00035079,1.4000000000000001
USC00035112,33.9292,-93.8508,121.9,AR,NASHVILLE,USC00035112,2.6
USC00035160,35.5756,-94.3811,228.6,AR,NATURAL DAM,USC00035160,4.1
USC00035177,34.1469,-93.8936,192.0,AR,NEWHOPE 6 S,USC00035177,1.4
USC00035186,35.6042,-91.2744,69.5,AR,NEWPORT,USC00035186,2.6
USC00035200,34.9553,-93.1594,146.3,AR,NIMROD DAM,USC00035200,2.8
USC00035354,35.7803,-94.4161,457.2,AR,ODELL 2 N,USC00035354,5.5
USC00035358,34.6008,-93.7667,243.8,AR,ODEN 1 SE,USC00035358,3.2
USC00035428,36.4311,-93.2044,420.3,AR,OMAHA 2S.,USC00035428,6.8
USC00035498,34.6133,-92.7742,176.8,AR,OWENSVILLE 3E,USC00035498,2.0
USC00035514,35.6464,-93.4347,587.7,AR,OZONE,USC00035514,2.7
USC00035563,36.0336,-90.4978,82.3,AR,PARAGOULD 1S,USC00035563,2.5
USC00035591,34.8442,-93.8653,271.3,AR,PARKS 6 ENE,USC00035591,2.3
USC00035691,35.0442,-92.7956,91.4,AR,PERRY,USC00035691,1.4000000000000001
USC00035754,34.2256,-92.0186,70.1,AR,PINE BLUFF,USC00035754,2.5
USC00035760,34.5833,-93.9011,256.0,AR,PINE RIDGE,USC00035760,3.1
USC00035820,36.2642,-90.9683,96.0,AR,POCAHONTAS 1,USC00035820,6.3
USC00035866,33.2511,-91.5058,39.0,AR,PORTLAND,USC00035866,1.0
USC00035908,33.8203,-93.3878,93.9,AR,PRESCOTT 2 NNW,USC00035908,2.6
USC00036008,35.305,-93.8767,141.1,AR,RATCLIFF,USC00036008,2.7
USC00036253,33.8103,-91.2778,45.7,AR,ROHWER 2 NNE,USC00036253,0.6000000000000001
USC00036376,34.3703,-91.1242,61.0,AR,SAINT CHARLES,USC00036376,1.2
USC00036380,36.4547,-90.1458,91.4,AR,SAINT FRANCIS,USC00036380,3.0
USC00036393,35.8236,-93.7672,423.7,AR,ST PAUL 1 E,USC00036393,5.6000000000000005
USC00036403,36.3561,-91.8036,207.3,AR,SALEM,USC00036403,4.8
USC00036506,35.2678,-91.7167,70.1,AR,SEARCY,USC00036506,1.8
USC00036562,34.3019,-92.3914,76.2,AR,SHERIDAN,USC00036562,2.5
USC00036768,33.9153,-92.8267,51.8,AR,SPARKMAN,USC00036768,1.6
USC00036918,34.4764,-91.5381,68.0,AR,STUTTGART,USC00036918,3.3000000000000003
USC00036920,34.4744,-91.4172,60.4,AR,STUTTGART 9 ESE,USC00036920,1.3
USC00036928,35.3028,-93.6369,152.4,AR,SUBIACO,USC00036928,2.2
USC00037383,34.3828,-94.3608,344.1,AR,VANDERVOORT 1 ENE,USC00037383,1.6
USC00037488,34.9228,-94.0944,218.2,AR,WALDRON,USC00037488,2.9
USC00037582,33.6044,-92.0997,64.0,AR,WARREN 2 WSW,USC00037582,1.5
USC00037592,34.625,-93.5439,181.4,AR,WASHITA,USC00037592,2.6
USC00037712,35.1242,-90.1805,65.5,AR,W MEMPHIS,USC00037712,1.7
USC00038052,35.2547,-90.7964,79.2,AR,WYNNE,USC00038052,2.0
USC00040029,41.1936,-120.9447,1278.6,CA,ADIN RS,USC00040029,45.1
USC00040343,36.4914,-118.8253,520.6,CA,ASH MTN,USC00040343,0.2
USC00040379,37.0919,-119.5128,637.0,CA,AUBERRY 2 NW,USC00040379,2.0
USC00040521,34.8928,-117.0219,676.7,CA,BARSTOW,USC00040521,0.3
USC00040673,37.0856,-122.0797,128.0,CA,BEN LOMOND #4,USC00040673,0.1
USC00040738,40.7406,-123.2078,381.9,CA,BIG BAR 4 E,USC00040738,2.7
USC00040741,34.2431,-116.9169,2058.3,CA,BIG BEAR LAKE,USC00040741,58.6
USC00040931,39.3886,-120.0936,1699.3,CA,BOCA,USC00040931,98.4
USC00040943,38.2119,-119.0142,2551.2,CA,BODIE CALIFORNIA ST HISTORIC P,USC00040943,93.9
USC00041072,38.2575,-119.2286,1972.1,CA,BRIDGEPORT,USC00041072,31.9
USC00041149,40.8669,-121.8464,1158.2,CA,BUCKHORN,USC00041149,20.9
USC00041214,40.8803,-121.6547,974.8,CA,BURNEY,USC00041214,44.5
USC00041277,38.2769,-120.3114,1431.0,CA,CALAVERAS BIG TREES,USC00041277,104.8
USC00041316,41.3378,-122.8247,940.3,CA,CALLAHAN,USC00041316,4.4
USC00041424,32.6264,-116.47,801.6,CA,CAMPO,USC00041424,0.30000000000000004
USC00041497,40.1706,-121.0886,1389.9,CA,CANYON DAM,USC00041497,109.30000000000001
USC00041614,41.53,-120.1792,1428.9,CA,CEDARVILLE,USC00041614,22.2
USC00041697,37.9747,-119.9161,1452.4,CA,CHERRY VALLEY DAM,USC00041697,107.6
USC00041700,40.3033,-121.2422,1380.7,CA,CHESTER,USC00041700,109.6
USC00041806,38.9239,-122.5672,411.2,CA,CLEARLAKE 4 SE,USC00041806,0.4
USC00041878,37.2503,-119.7053,679.7,CA,COARSEGOLD 1 SW,USC00041878,2.5
USC00041912,39.0911,-120.9481,725.4,CA,COLFAX,USC00041912,7.2
USC00041990,41.9797,-122.3378,823.9,CA,COPCO #1 DAM,USC00041990,14.5
USC00042081,39.8158,-123.2444,430.7,CA,COVELO,USC00042081,3.3
USC00042239,32.9897,-116.5872,1414.3,CA,CUYAMACA,USC00042239,19.9
USC00042346,35.7683,-119.26,92.0,CA,DELANO,USC00042346,0.2
USC00042402,39.8717,-121.6108,826.0,CA,DE SABLA,USC00042402,0.2
USC00042467,39.3239,-120.2331,1809.6,CA,DONNER MEM SP,USC00042467,182.9
USC00042500,39.5633,-120.8239,888.5,CA,DOWNIEVILLE,USC00042500,26.2
USC00042504,40.0267,-120.1056,1308.5,CA,DOYLE,USC00042504,16.5
USC00042506,39.9717,-120.0828,1338.1,CA,DOYLE 4 SSE,USC00042506,25.6
USC00042574,41.1831,-122.2817,661.1,CA,DUNSMUIR TRTMT PL,USC00042574,26.7
USC00042640,39.3592,-122.5178,367.3,CA,EAST PARK RSVR,USC00042640,1.4
USC00042771,34.5892,-117.6303,899.2,CA,EL MIRAGE,USC00042771,1.1
USC00042805,33.6861,-117.3458,386.5,CA,ELSINORE,USC00042805,0.2
USC00042941,34.705,-118.4297,932.7,CA,FAIRMONT,USC00042941,1.3
USC00042964,41.0081,-121.435,1005.8,CA,FALL RVR MILLS,USC00042964,3.0
USC00043038,38.5236,-120.7061,658.4,CA,FIDDLETOWN DEXTER RCH,USC00043038,0.30000000000000004
USC00043134,39.01,-120.8456,919.0,CA,FORESTHILL RS,USC00043134,2.6
USC00043157,41.8714,-120.1575,1444.4,CA,FT BIDWELL,USC00043157,55.9
USC00043357,41.8453,-123.9647,118.0,CA,GASQUET RS,USC00043357,0.1
USC00043463,35.7269,-118.7006,957.1,CA,GLENNVILLE,USC00043463,6.2
USC00043551,36.7375,-118.9619,2005.6,CA,GRANT GROVE,USC00043551,186.0
USC00043573,39.2042,-121.0681,731.5,CA,GRASS VALLEY #2,USC00043573,8.6
USC00043647,40.4864,-123.9089,125.9,CA,GRIZZLY CREEK SP,USC00043647,0.7
USC00043669,37.8444,-120.2258,853.4,CA,GROVELAND 2,USC00043669,3.8000000000000003
USC00043672,37.8231,-120.0983,958.6,CA,GROVELAND RS,USC00043672,8.2
USC00043824,40.9317,-121.5433,919.0,CA,HAT CREEK,USC00043824,10.7
USC00043939,37.9614,-119.7831,1179.6,CA,HETCH HETCHY,USC00043939,51.4
USC00044025,36.8483,-121.4214,83.8,CA,HOLLISTER 2,USC00044025,0.1
USC00044211,33.7572,-116.7067,1639.8,CA,IDYLLWILD FIRE DEPT,USC00044211,30.700000000000003
USC00044278,35.6514,-117.8214,740.7,CA,INYOKERN,USC00044278,0.5
USC00044374,41.2683,-120.2947,1645.9,CA,JESS VALLEY,USC00044374,82.0
USC00044405,34.1472,-116.2747,781.2,CA,JOSHUA TREE,USC00044405,0.8
USC00044412,33.0764,-116.5925,1284.7,CA,JULIAN CDF,USC00044412,6.4
USC00044671,34.2467,-117.1883,1586.5,CA,LAKE ARROWHEAD,USC00044671,22.4
USC00044838,41.7019,-121.5011,1453.9,CA,LAVA BEDS NAT MON,USC00044838,43.2
USC00044863,34.8333,-118.865,1089.7,CA,LEBEC,USC00044863,3.0
USC00044881,37.9567,-119.1194,2071.7,CA,LEE VINING,USC00044881,69.5
USC00044957,36.2033,-119.0545,132.6,CA,LINDSAY,USC00044957,0.2
USC00045026,36.6044,-118.7325,2052.8,CA,LODGEPOLE,USC00045026,220.4
USC00045356,38.6919,-119.7803,1685.5,CA,MARKLEEVILLE,USC00045356,77.1
USC00045598,38.7478,-122.6258,341.7,CA,MIDDLETOWN,USC00045598,0.30000000000000004
USC00045721,34.9436,-115.5469,1325.9,CA,MITCHELL CAVERNS,USC00045721,0.8
USC00045756,35.0492,-118.1619,833.6,CA,MOJAVE,USC00045756,1.2000000000000002
USC00045795,36.5903,-121.9056,79.2,CA,MONTEREY,USC00045795,0.30000000000000004
USC00045866,35.3669,-120.8447,36.0,CA,MORRO BAY FIRE DEPT,USC00045866,0.1
USC00045915,37.8792,-121.9303,661.4,CA,MT DIABLO JUNCTION,USC00045915,0.7
USC00045933,37.3436,-121.6425,1282.0,CA,MT HAMILTON,USC00045933,18.1
USC00045983,41.3219,-122.3178,1101.2,CA,MT SHASTA,USC00045983,89.3
USC00046136,39.2467,-121.0008,847.6,CA,NEVADA CITY,USC00046136,14.5
USC00046161,34.3933,-118.5939,538.0,CA,NEWHALL 5NW,USC00046161,0.1
USC00046174,38.0047,-120.4864,292.6,CA,NEW MELONES DAM HQ,USC00046174,0.2
USC00046328,41.8392,-122.8503,603.5,CA,OAK KNOLL W C,USC00046328,2.0
USC00046399,34.4478,-119.2275,227.1,CA,OJAI,USC00046399,0.1
USC00046508,41.3089,-123.5317,122.8,CA,ORLEANS,USC00046508,2.8
USC00046597,38.7583,-120.5031,1051.6,CA,PACIFIC HOUSE,USC00046597,58.2
USC00046657,33.3781,-116.84,1691.6,CA,PALOMAR MTN OBSY,USC00046657,26.2
USC00046685,39.7539,-121.6242,533.4,CA,PARADISE,USC00046685,0.1
USC00046773,34.5025,-117.8969,945.2,CA,PEARBLOSSOM,USC00046773,1.0
USC00046926,36.4819,-121.1822,398.4,CA,PINNACLES NM,USC00046926,0.1
USC00046946,40.9869,-121.9772,444.4,CA,PIT RVR PH 5,USC00046946,18.8
USC00047085,39.8053,-120.4719,1478.3,CA,PORTOLA,USC00047085,37.8
USC00047195,39.9367,-120.9475,1042.4,CA,QUINCY,USC00047195,28.4
USC00047253,35.3692,-117.6525,1088.1,CA,RANDSBURG,USC00047253,2.2
USC00047293,40.1622,-122.2203,80.8,CA,RED BLUFF TRTMT PLT,USC00047293,0.1
USC00047298,40.5194,-122.2989,153.0,CA,REDDING CDF,USC00047298,0.7
USC00047404,40.0261,-123.7931,153.3,CA,RICHARDSON GR SP,USC00047404,0.2
USC00047846,37.0533,-121.0578,84.4,CA,SAN LUIS DAM,USC00047846,0.1
USC00048580,39.3753,-122.5461,356.6,CA,STONYFORD,USC00048580,0.5
USC00048606,39.5631,-121.1078,1160.7,CA,STRAWBERRY VALLEY,USC00048606,82.0
USC00048752,35.1503,-119.43,235.6,CA,TAFT,USC00048752,0.2
USC00048758,39.1678,-120.1428,1898.9,CA,TAHOE CITY,USC00048758,179.0
USC00049026,40.7264,-122.7947,567.2,CA,TRINITY RVR HATCHERY,USC00049026,6.4
USC00049043,39.3331,-120.173,1774.9,CA,TRUCKEE RS,USC00049043,206.60000000000002
USC00049053,41.96,-121.4744,1230.8,CA,TULELAKE,USC00049053,22.8
USC00049124,39.1267,-123.2719,404.8,CA,UKIAH 4 WSW,USC00049124,2.5
USC00049351,39.8056,-120.1858,1508.8,CA,VINTON,USC00049351,37.5
USC00049367,36.3283,-119.2997,92.4,CA,VISALIA,USC00049367,0.1
USC00049390,40.4583,-121.8664,676.7,CA,VOLTA PH,USC00049390,3.9
USC00049452,35.5892,-119.3519,88.7,CA,WASCO,USC00049452,0.2
USC00049490,40.7367,-122.9403,627.3,CA,WEAVERVILLE,USC00049490,8.7
USC00049582,38.3775,-120.5453,845.8,CA,W PT,USC00049582,3.7
USC00049822,34.3617,-117.6386,1828.8,CA,WRIGHTWOOD,USC00049822,61.800000000000004
USC00049866,41.7031,-122.6414,825.7,CA,YREKA,USC00049866,11.6
USC00049888,34.1294,-116.3878,990.3,CA,YUCCA VALLEY,USC00049888,1.7
USC00050102,37.4011,-104.6547,1950.7,CO,AGUILAR,USC00050102,76.8
USC00050105,37.3169,-104.9503,2634.7,CO,AGUILAR 18WSW,USC00050105,104.8
USC00050128,37.4703,-105.8569,2298.2,CO,ALAMOSA 1E,USC00050128,30.0
USC00050214,39.4992,-108.3808,1718.2,CO,ALTENBERN,USC00050214,54.099999999999994
USC00050263,38.9931,-105.8914,2724.6,CO,ANTERO RSVR,USC00050263,49.2
USC00050304,38.8528,-102.1764,1225.3,CO,ARAPAHOE,USC00050304,20.5
USC00050306,38.6842,-102.1614,1239.0,CO,ARAPAHOE 12S,USC00050306,20.3
USC00050372,39.1853,-106.8381,2491.7,CO,ASPEN 1SW,USC00050372,170.8
USC00050454,39.4053,-105.4764,2362.8,CO,BAILEY,USC00050454,82.6
USC00050797,38.4667,-107.1678,2306.7,CO,BLUE MESA LAKE,USC00050797,49.6
USC00050834,39.6567,-102.1192,1132.9,CO,BONNY DAM 2NE,USC00050834,24.1
USC00050839,38.3719,-104.3058,1461.2,CO,BOONE 9NNW,USC00050839,14.2
USC00050848,39.9919,-105.2667,1671.5,CO,BOULDER,USC00050848,92.8
USC00050909,39.4864,-106.0431,2925.5,CO,BRECKENRIDGE,USC00050909,184.6
USC00050945,40.6344,-104.3286,1481.9,CO,BRIGGSDALE,USC00050945,18.799999999999997
USC00050950,39.9436,-104.8361,1528.9,CO,BRIGHTON 3 SE,USC00050950,34.5
USC00051060,40.6158,-105.2969,2255.5,CO,BUCKHORN MTN 1 E,USC00051060,165.7
USC00051071,38.8247,-106.1275,2424.4,CO,BUENA VISTA 2S,USC00051071,49.3
USC00051121,39.3061,-102.2608,1268.6,CO,BURLINGTON,USC00051121,33.7
USC00051179,39.7406,-104.1275,1554.8,CO,BYERS 5 ENE,USC00051179,42.7
USC00051186,39.6553,-105.7089,3054.1,CO,CABIN CREEK,USC00051186,153.7
USC00051268,37.0103,-102.5536,1251.2,CO,CAMPO 7 S,USC00051268,24.9
USC00051294,38.46,-105.2256,1639.2,CO,CANON CITY,USC00051294,38.3
USC00051401,39.4106,-104.9058,1885.2,CO,CASTLE ROCK,USC00051401,57.5
USC00051443,38.9044,-107.8914,2084.2,CO,CEDAREDGE 3E,USC00051443,39.7
USC00051458,37.7067,-106.1444,2338.7,CO,CENTER 4 SSW,USC00051458,25.1
USC00051528,39.2203,-105.2783,2097.0,CO,CHEESMAN,USC00051528,59.2
USC00051539,38.115,-103.51,1264.0,CO,CHERAW 1 N,USC00051539,14.1
USC00051564,38.8575,-102.3328,1281.1,CO,CHEYENNE WELLS 2NE,USC00051564,19.5
USC00051609,38.4433,-107.5569,2100.1,CO,CIMARRON,USC00051609,66.7
USC00051660,39.3672,-106.1897,3457.7,CO,CLIMAX,USC00051660,294.7
USC00051681,39.8958,-105.3847,2728.0,CO,COAL CREEK CANYON,USC00051681,194.70000000000002
USC00051713,38.4431,-106.7617,2440.2,CO,COCHETOPA CREEK,USC00051713,54.3
USC00051743,39.2367,-107.9797,1831.5,CO,COLLBRAN 1WSW,USC00051743,59.6
USC00051772,39.1014,-108.7339,1762.0,CO,COLORADO NM,USC00051772,21.8
USC00051886,37.3444,-108.595,1879.7,CO,CORTEZ,USC00051886,33.4
USC00051959,38.8739,-106.9772,2702.7,CO,CRESTED BUTTE,USC00051959,203.0
USC00051964,37.9806,-105.6897,2439.6,CO,CRESTONE 2 SE,USC00051964,58.6
USC00051996,40.86,-102.8031,1130.5,CO,CROOK,USC00051996,25.4
USC00052184,37.6911,-106.3078,2391.2,CO,DEL NORTE 3ENE,USC00052184,38.6
USC00052223,39.7294,-105.0083,1593.5,CO,DENVER WATER DEPT,USC00052223,40.7
USC00052281,39.6261,-106.0353,2763.0,CO,DILLON 1 E,USC00052281,115.5
USC00052286,40.2442,-108.9725,1816.6,CO,DINOSAUR NM,USC00052286,26.1
USC00052326,37.4753,-108.4975,2118.4,CO,DOLORES,USC00052326,69.7
USC00052441,37.2911,-107.8564,2060.8,CO,DURANGO,USC00052441,63.7
USC00052446,38.4758,-102.7769,1283.8,CO,EADS,USC00052446,13.9
USC00052494,39.1092,-104.5997,2197.6,CO,EASTONVILLE 2 NNW,USC00052494,101.7
USC00052631,39.3803,-104.6289,2015.0,CO,ELIZABETH 2NW,USC00052631,74.8
USC00052761,40.3489,-105.52,2381.1,CO,ESTES PARK 3 SSE,USC00052761,104.0
USC00052790,39.6381,-105.315,2129.0,CO,EVERGREEN,USC00052790,80.80000000000001
USC00052932,39.2814,-103.062,1499.9,CO,FLAGLER 1S,USC00052932,24.5
USC00052947,40.6483,-102.8594,1297.2,CO,FLEMING 3SW,USC00052947,37.0
USC00052965,38.9128,-105.285,2560.9,CO,FLORISSANT FOSSIL BED,USC00052965,58.9
USC00053005,40.5764,-105.0858,1525.2,CO,FT COLLINS,USC00053005,51.4
USC00053006,40.5756,-105.0236,1499.6,CO,FT COLLINS 4 E,USC00053006,48.4
USC00053038,40.2569,-103.87,1333.8,CO,FT MORGAN,USC00053038,22.7
USC00053079,38.1236,-104.0083,1319.8,CO,FOWLER 1 SE,USC00053079,17.3
USC00053116,39.9425,-105.8172,2609.1,CO,FRASER,USC00053116,143.2
USC00053246,38.6878,-108.9608,1423.7,CO,GATEWAY 1ENE,USC00053246,11.2
USC00053258,39.2772,-103.4944,1704.7,CO,GENOA,USC00053258,35.3
USC00053261,39.7053,-105.6997,2596.9,CO,GEORGETOWN,USC00053261,105.9
USC00053307,38.9539,-109.0528,1927.3,CO,GLADE PARK 17W,USC00053307,59.1
USC00053359,39.5181,-107.3172,1796.8,CO,GLENWOOD SPGS #2,USC00053359,38.9
USC00053387,39.7197,-105.2472,2272.3,CO,GOLDEN 3SW,USC00053387,140.5
USC00053489,39.0422,-108.4664,1450.8,CO,GRAND JUNCTION 6ESE,USC00053489,12.6
USC00053496,40.2669,-105.8322,2657.9,CO,GRAND LAKE 1 NW,USC00053496,154.9
USC00053530,39.4608,-105.6786,2644.1,CO,GRANT,USC00053530,82.0
USC00053541,37.7333,-105.5119,2494.2,CO,GREAT SAND DUNES NP & PRESERVE,USC00053541,47.8
USC00053553,40.4022,-104.6992,1437.1,CO,GREELEY UNC,USC00053553,34.9
USC00053629,39.9364,-105.3503,2429.3,CO,GROSS RSVR,USC00053629,99.1
USC00053652,38.6867,-105.3925,2717.3,CO,GUFFEY 9SE,USC00053652,77.7
USC00053656,38.6753,-105.3922,2619.8,CO,GUFFEY 10 SE,USC00053656,67.9
USC00053662,38.5253,-106.9672,2323.2,CO,GUNNISON 3SW,USC00053662,45.5
USC00053828,38.4467,-103.1606,1378.3,CO,HASWELL,USC00053828,27.2
USC00053867,40.4925,-107.2547,1971.1,CO,HAYDEN,USC00053867,113.0
USC00053951,37.7494,-107.095,2727.7,CO,HERMIT 8 SE,USC00053951,55.0
USC00054054,40.9683,-105.9986,2376.5,CO,HOHNHOLZ RCH,USC00054054,97.6
USC00054076,38.0517,-102.1317,1036.6,CO,HOLLY,USC00054076,21.5
USC00054082,40.5453,-102.3411,1152.1,CO,HOLYOKE,USC00054082,30.4
USC00054135,40.5831,-105.6319,2901.7,CO,HOURGLASS RSVR,USC00054135,173.8
USC00054172,39.1439,-103.4897,1531.6,CO,HUGO 1 NW,USC00054172,24.4
USC00054242,39.7033,-102.2939,1208.5,CO,IDALIA,USC00054242,28.5
USC00054254,37.0856,-107.5333,1995.8,CO,IGNACIO 6ESE,USC00054254,33.8
USC00054293,39.5728,-105.2192,2188.5,CO,INTER CANYON,USC00054293,129.7
USC00054380,39.6553,-102.6805,1303.0,CO,JOES,USC00054380,30.0
USC00054388,38.0633,-102.9297,1162.5,CO,JOHN MARTIN DAM,USC00054388,9.7
USC00054413,40.9878,-102.2653,1059.8,CO,JULESBURG,USC00054413,21.7
USC00054444,38.7411,-103.5428,1546.9,CO,KARVAL,USC00054444,21.0
USC00054452,39.49,-105.0953,1702.9,CO,KASSLER,USC00054452,62.2
USC00054538,37.4536,-103.3219,1581.9,CO,KIM 15 NNE,USC00054538,40.1
USC00054546,37.115,-103.2986,1602.3,CO,KIM 10SSE,USC00054546,26.9
USC00054603,38.7625,-102.7997,1311.2,CO,KIT CARSON,USC00054603,15.9
USC00054606,38.8867,-102.7233,1324.7,CO,KIT CARSON 9NNE,USC00054606,18.3
USC00054664,40.0575,-106.3681,2273.8,CO,KREMMLING,USC00054664,52.4
USC00054724,37.9822,-103.5439,1246.3,CO,LA JUNTA,USC00054724,33.8
USC00054726,37.7514,-103.4767,1283.2,CO,LA JUNTA 20 S,USC00054726,25.799999999999997
USC00054742,38.9075,-105.4706,2606.0,CO,LAKE GEORGE 8 SW,USC00054742,50.4
USC00054762,39.7489,-105.1206,1719.1,CO,LAKEWOOD,USC00054762,58.0
USC00054770,38.0936,-102.6306,1105.5,CO,LAMAR,USC00054770,29.8
USC00054834,38.0636,-103.2153,1185.7,CO,LAS ANIMAS,USC00054834,16.2
USC00054934,37.3789,-107.6592,2471.9,CO,LEMON DAM,USC00054934,131.0
USC00054945,40.5147,-102.9906,1361.5,CO,LEROY 5 WSW,USC00054945,36.6
USC00055020,38.9497,-103.7694,1698.3,CO,LIMON ATWATER RCH,USC00055020,23.4
USC00055025,39.7556,-103.4986,1478.6,CO,LINDON 5 WNW,USC00055025,26.9
USC00055236,40.435,-105.085,1548.4,CO,LOVELAND 2N,USC00055236,47.0
USC00055322,37.1711,-105.94,2345.4,CO,MANASSA,USC00055322,29.7
USC00055327,37.335,-108.3161,2102.2,CO,MANCOS 1SW,USC00055327,57.1
USC00055402,39.6211,-105.0656,1709.9,CO,MARSTON FLTR PLT,USC00055402,34.1
USC00055422,40.2844,-108.605,1871.5,CO,MASSADONA 3E,USC00055422,51.2
USC00055446,40.5158,-108.0947,1811.7,CO,MAYBELL,USC00055446,55.3
USC00055484,40.0358,-107.9058,1898.6,CO,MEEKER,USC00055484,64.8
USC00055531,37.1997,-108.4892,2176.9,CO,MESA VERDE NP,USC00055531,65.0
USC00055706,37.5811,-106.1867,2345.4,CO,MONTE VISTA 2W,USC00055706,35.4
USC00055722,38.4858,-107.8792,1764.5,CO,MONTROSE #2,USC00055722,21.5
USC00055734,39.1025,-104.8675,2158.0,CO,MONUMENT,USC00055734,121.1
USC00055922,40.6089,-103.8461,1457.9,CO,NEW RAYMER,USC00055922,29.0
USC00055934,40.9319,-103.8678,1578.9,CO,NEW RAYMER 21 N,USC00055934,42.2
USC00055984,39.8989,-105.0133,1648.1,CO,NORTHGLENN,USC00055984,44.8
USC00056012,38.1317,-108.2864,2139.7,CO,NORWOOD,USC00056012,59.8
USC00056131,38.2211,-103.7322,1314.3,CO,ORDWAY 1 ENE,USC00056131,14.1
USC00056136,38.53,-103.7058,1453.0,CO,ORDWAY 21 N,USC00056136,16.7
USC00056203,38.0206,-107.6686,2389.6,CO,OURAY,USC00056203,126.4
USC00056205,38.0264,-107.6725,2352.4,CO,OURAY #2,USC00056205,173.4
USC00056266,39.1136,-108.3506,1448.1,CO,PALISADE,USC00056266,12.899999999999999
USC00056306,38.8522,-107.6225,1701.1,CO,PAONIA 1SW,USC00056306,41.4
USC00056320,38.3897,-108.9494,1660.2,CO,PARADOX 2N,USC00056320,25.9
USC00056524,37.9944,-108.0211,2301.2,CO,PLACERVILLE 3SE,USC00056524,76.2
USC00056765,38.2597,-104.7178,1481.6,CO,PUEBLO RSVR,USC00056765,14.8
USC00056816,39.8297,-105.2353,1798.3,CO,RALSTON RSVR,USC00056816,62.5
USC00056832,40.0889,-108.7728,1608.4,CO,RANGELY 1E,USC00056832,29.5
USC00057020,38.15,-107.7583,2148.5,CO,RIDGWAY,USC00057020,81.0
USC00057033,39.5572,-107.7261,1667.0,CO,RIFLE 3ENE,USC00057033,26.8
USC00057050,37.7219,-107.2667,2893.2,CO,RIO GRANDE RSVR,USC00057050,107.7
USC00057167,38.0383,-103.6947,1271.0,CO,ROCKY FORD 2 SE,USC00057167,24.799999999999997
USC00057287,38.8611,-104.0939,1845.3,CO,RUSH 1N,USC00057287,31.299999999999997
USC00057296,40.7022,-105.7106,2347.0,CO,RUSTIC 9WSW,USC00057296,73.2
USC00057309,38.8417,-104.9742,2761.5,CO,RUXTON PARK,USC00057309,133.5
USC00057317,37.9136,-104.9483,2176.6,CO,RYE 1SW,USC00057317,130.2
USC00057370,38.5328,-106.0158,2182.4,CO,SALIDA,USC00057370,36.7
USC00057460,38.4039,-106.4236,2578.6,CO,SARGENTS,USC00057460,105.3
USC00057515,40.8658,-102.5161,1218.0,CO,SEDGWICK 5 S,USC00057515,31.4
USC00057519,39.295,-102.8678,1434.4,CO,SEIBERT,USC00057519,29.6
USC00057560,39.5719,-103.2922,1524.0,CO,SHAW 4ENE,USC00057560,44.699999999999996
USC00057572,37.715,-105.2353,2360.4,CO,SHEEP MTN,USC00057572,51.2
USC00057656,37.8089,-107.6633,2830.1,CO,SILVERTON,USC00057656,172.6
USC00057936,40.4883,-106.8233,2092.8,CO,STEAMBOAT SPRINGS,USC00057936,184.5
USC00058008,39.3047,-102.6003,1340.8,CO,STRATTON,USC00058008,33.9
USC00058022,39.4344,-105.1208,1780.0,CO,STRONTIA SPRINGS DAM,USC00058022,85.7
USC00058157,38.3422,-104.0567,1488.0,CO,TACONY 13 SE,USC00058157,21.2
USC00058204,37.9492,-107.8736,2635.3,CO,TELLURIDE 4WNW,USC00058204,130.8
USC00058429,37.1786,-104.4869,1837.9,CO,TRINIDAD,USC00058429,55.1
USC00058436,37.1503,-104.5567,1923.3,CO,TRINIDAD LAKE,USC00058436,48.099999999999994
USC00058560,38.3761,-108.7422,1530.4,CO,URAVAN,USC00058560,11.1
USC00058575,39.6394,-106.3539,2531.1,CO,VAIL,USC00058575,189.2
USC00058582,37.3806,-107.5811,2329.9,CO,VALLECITO DAM,USC00058582,84.9
USC00058613,39.9769,-102.2517,1164.6,CO,VERNON 4ENE,USC00058613,38.2
USC00058690,40.9656,-105.2186,2138.2,CO,VIRGINIA DALE 7 ENE,USC00058690,92.0
USC00058756,40.7442,-106.2792,2455.5,CO,WALDEN,USC00058756,67.1
USC00058781,37.6303,-104.7956,1917.8,CO,WALSENBURG 1 NW,USC00058781,91.6
USC00058793,37.3822,-102.2986,1212.5,CO,WALSH 1 W,USC00058793,23.0
USC00058839,40.4256,-105.2103,1594.1,CO,WATERDALE,USC00058839,40.0
USC00058860,37.4297,-106.0317,2317.4,CO,WAVERLY 1W,USC00058860,32.2
USC00058931,38.1314,-105.4661,2399.7,CO,WESTCLIFFE,USC00058931,84.3
USC00058995,39.775,-105.1169,1645.3,CO,WHEAT RIDGE 2,USC00058995,75.5
USC00059096,40.0375,-106.2039,2322.0,CO,WILLIAMS FORK DAM,USC00059096,81.2
USC00059175,39.8897,-105.7619,2772.2,CO,WINTER PARK,USC00059175,214.0
USC00059213,40.075,-103.5678,1333.2,CO,WOODROW 6NNE,USC00059213,32.2
USC00059243,40.0819,-102.2069,1083.0,CO,WRAY,USC00059243,28.1
USC00059265,40.1564,-106.9108,2394.8,CO,YAMPA,USC00059265,131.2
USC00059295,40.1236,-102.7217,1260.0,CO,YUMA,USC00059295,22.8
USC00059297,40.2094,-102.8117,1252.7,CO,YUMA 10 NW,USC00059297,27.5
USC00060227,41.8417,-73.0086,209.1,CT,BAKERSVILLE,USC00060227,59.1
USC00060299,41.9211,-72.9636,216.4,CT,BARKHAMSTED,USC00060299,51.4
USC00060973,41.7944,-72.9319,153.9,CT,BURLINGTON,USC00060973,38.6
USC00061762,41.4003,-73.4211,123.4,CT,DANBURY,USC00061762,49.3
USC00063207,41.3503,-72.0378,12.2,CT,GROTON,USC00063207,24.5
USC00063857,41.6297,-71.9014,121.9,CT,JEWETT CITY,USC00063857,38.0
USC00065445,41.9725,-73.2208,408.4,CT,NORFOLK 2 SW,USC00065445,74.9
USC00065910,41.5267,-72.0653,6.1,CT,NORWICH PUBLIC UTILITY PLT,USC00065910,27.799999999999997
USC00067970,41.1247,-73.5475,57.9,CT,STAMFORD 5 N,USC00067970,34.0
USC00068138,41.795,-72.2286,202.7,CT,STORRS,USC00068138,39.0
USC00069388,41.9442,-71.9031,109.7,CT,W THOMPSON LAKE,USC00069388,38.5
USC00069775,41.5536,-73.2297,198.1,CT,WOODBURY,USC00069775,46.8
USC00072730,39.1467,-75.5056,9.1,DE,DOVER,USC00072730,13.2
USC00073595,38.8161,-75.5761,13.7,DE,GREENWOOD 2NE,USC00073595,12.8
USC00075320,38.7842,-75.1581,3.0,DE,LEWES,USC00075320,10.5
USC00079605,39.7739,-75.5414,82.3,DE,WILMINGTON PORTER RSCH,USC00079605,12.0
USC00085793,30.7794,-87.1414,66.1,FL,MILTON EXP STN,USC00085793,0.1
USC00090010,31.9381,-83.3078,73.2,GA,ABBEVILLE 4S,USC00090010,0.1
USC00090044,34.3408,-84.8347,291.4,GA,ADAIRSVILLE 5 SE,USC00090044,1.3
USC00090253,32.0306,-84.2461,121.0,GA,AMERICUS,USC00090253,0.2
USC00090444,33.8264,-84.4961,276.5,GA,ATLANTA 9NW,USC00090444,0.5
USC00090969,34.8544,-83.9444,594.1,GA,BLAIRSVILLE EXP STN,USC00090969,3.1
USC00091585,34.2072,-84.5039,345.9,GA,CANTON,USC00091585,1.3
USC00091619,34.3656,-83.2328,204.2,GA,CARNESVILLE,USC00091619,0.9
USC00091640,33.5972,-85.0806,303.3,GA,CARROLLTON,USC00091640,0.6000000000000001
USC00091908,34.9203,-85.2711,238.4,GA,CHICKAMAUGA PK LARC,USC00091908,0.7
USC00091965,34.6158,-83.5428,417.6,GA,CLARKESVILLE,USC00091965,1.3
USC00091982,34.8878,-83.3967,598.9,GA,CLAYTON 1 SSW,USC00091982,2.4
USC00092006,34.5858,-83.7658,477.6,GA,CLEVELAND,USC00092006,1.1
USC00092180,34.2625,-83.4894,249.9,GA,COMMERCE 4 NNW,USC00092180,0.7
USC00092266,31.985,-83.7747,93.9,GA,CORDELE,USC00092266,0.1
USC00092283,34.5181,-83.5286,448.1,GA,CORNELIA,USC00092283,0.6
USC00092318,33.5972,-83.8436,234.4,GA,COVINGTON,USC00092318,1.2999999999999998
USC00092408,34.2286,-84.1281,347.5,GA,CUMMING 2N,USC00092408,0.6
USC00092450,31.7672,-84.7931,140.5,GA,CUTHBERT,USC00092450,0.30000000000000004
USC00092475,34.5069,-84.0208,445.0,GA,DAHLONEGA 4WSW,USC00092475,3.3
USC00092485,33.9983,-84.7511,313.3,GA,DALLAS 7 NE,USC00092485,3.8
USC00092517,34.1175,-83.3045,237.7,GA,DANIELSVILLE,USC00092517,2.1
USC00093060,34.1408,-82.855,164.6,GA,ELBERTON 2 N,USC00093060,0.4
USC00093115,34.6936,-84.4936,414.2,GA,ELLIJAY,USC00093115,2.9
USC00093621,34.3006,-83.86,356.6,GA,GAINESVILLE,USC00093621,1.6
USC00093695,33.2261,-82.595,126.8,GA,GIBSON,USC00093695,0.30000000000000004
USC00094133,34.3517,-82.93,245.4,GA,HARTWELL,USC00094133,0.9
USC00094204,31.8878,-82.5808,76.2,GA,HAZLEHURST,USC00094204,0.1
USC00094230,34.6997,-83.7261,455.1,GA,HELEN,USC00094230,1.5
USC00094594,32.8294,-83.2389,157.0,GA,IRWINTON 4 WNW,USC00094594,0.2
USC00094648,34.4758,-84.4461,446.5,GA,JASPER 1 NNW,USC00094648,2.5
USC00094700,33.5311,-84.3544,283.5,GA,JONESBORO,USC00094700,0.8
USC00094728,33.1139,-83.7881,137.2,GA,JULIETTE,USC00094728,0.2
USC00094941,34.8531,-85.3142,243.5,GA,CHICKAMAUGA 2 SW,USC00094941,2.1
USC00095165,33.8706,-83.1136,221.3,GA,LEXINGTON,USC00095165,0.5
USC00095204,33.7764,-82.4714,138.4,GA,LINCOLNTON,USC00095204,0.30000000000000004
USC00095314,33.0125,-82.3914,98.1,GA,LOUISVILLE 1 E,USC00095314,0.4
USC00095404,33.8533,-84.5783,298.7,GA,MABLETON 1 N,USC00095404,1.2
USC00095874,33.0831,-83.2497,112.2,GA,MILLEDGEVILLE,USC00095874,0.6
USC00095979,32.3175,-84.065,91.1,GA,MONTEZUMA 2 NW,USC00095979,0.2
USC00095988,33.3328,-83.6975,157.9,GA,MONTICELLO,USC00095988,0.6000000000000001
USC00096335,33.3997,-84.915,242.3,GA,NEWNAN 7 WNW,USC00096335,1.7000000000000002
USC00097087,32.0467,-84.3711,152.4,GA,PLAINS SW GA EXP STN,USC00097087,0.1
USC00097171,31.6953,-82.9239,91.4,GA,PRIDGEN,USC00097171,0.1
USC00097430,34.5911,-84.9589,198.1,GA,RESACA,USC00097430,1.7999999999999998
USC00097600,34.2414,-85.1583,208.8,GA,ROME,USC00097600,0.4
USC00097777,32.9744,-82.8045,137.5,GA,SANDERSVILLE,USC00097777,0.5
USC00097827,34.6647,-83.7342,484.9,GA,SAUTEE 3W,USC00097827,3.9000000000000004
USC00098351,32.4414,-82.2181,79.2,GA,STILLMORE,USC00098351,0.2
USC00098436,34.4547,-85.39,194.8,GA,SUMMERVILLE,USC00098436,0.30000000000000004
USC00098535,32.6864,-84.5208,189.0,GA,TALBOTTON,USC00098535,0.1
USC00098600,34.0861,-84.9828,219.8,GA,TAYLORSVILLE,USC00098600,0.7
USC00098661,32.8669,-84.2653,189.0,GA,THOMASTON 4SE,USC00098661,0.30000000000000004
USC00098740,34.5786,-83.3319,308.5,GA,TOCCOA,USC00098740,1.4
USC00099157,33.7264,-82.7058,189.0,GA,WASHINGTON 2 ESE,USC00099157,0.5
USC00099291,32.8861,-85.1839,175.3,GA,W PT,USC00099291,0.1
USC00099466,33.9275,-83.7261,271.0,GA,WINDER 4S,USC00099466,0.5
USC00099486,33.9664,-83.2911,271.3,GA,WINTERVILLE,USC00099486,0.6
USC00099506,32.9783,-84.5983,222.5,GA,WOODBURY,USC00099506,0.3
USC00100010,42.9536,-112.8253,1342.6,ID,ABERDEEN EXP STN,USC00100010,25.2
USC00100227,42.8572,-112.88,1345.7,ID,AMERICAN FALLS 6 NE,USC00100227,34.9
USC00100375,43.6356,-113.2997,1623.1,ID,ARCO,USC00100375,23.799999999999997
USC00100470,44.0708,-111.4564,1588.6,ID,ASHTON 1N,USC00100470,70.1
USC00100667,47.9803,-116.5594,636.1,ID,BAYVIEW MODEL BASIN,USC00100667,27.2
USC00100803,42.3353,-111.385,1817.8,ID,BERN,USC00100803,90.6
USC00100915,43.1917,-112.3453,1371.3,ID,BLACKFOOT FIRE DEPT,USC00100915,14.7
USC00101017,43.7383,-116.2022,1184.1,ID,BOISE 7 N,USC00101017,57.4
USC00101079,48.6928,-116.3103,632.5,ID,BONNERS FERRY,USC00101079,53.8
USC00101514,44.5228,-116.0481,1492.3,ID,CASCADE 1 NW,USC00101514,86.3
USC00101636,43.9592,-115.8453,1353.3,ID,CENTERVILLE ARBAUGH RCH,USC00101636,116.7
USC00101671,43.9778,-113.8292,1908.0,ID,CHILLY BARTON FLAT,USC00101671,18.3
USC00102159,46.0336,-116.3919,1202.4,ID,COTTONWOOD 2 WSW,USC00102159,61.4
USC00102260,43.4628,-113.56,1802.6,ID,CRATERS OF THE MOON,USC00102260,80.3
USC00102707,44.2436,-112.2006,1661.2,ID,DUBOIS EXP STN,USC00102707,47.3
USC00102845,46.5022,-116.3217,303.3,ID,DWORSHAK FISH HATCHERY,USC00102845,17.5
USC00102875,45.8356,-115.4611,1236.9,ID,ELK CITY 1NE,USC00102875,119.2
USC00102942,43.8544,-116.4664,728.5,ID,EMMETT 2 E,USC00102942,7.4
USC00103143,46.0931,-115.5356,475.5,ID,FENN RS,USC00103143,43.1
USC00103297,43.0425,-112.4144,1360.9,ID,FT HALL 1 NNE,USC00103297,28.1
USC00103448,44.1011,-115.9694,944.9,ID,GARDEN VALLEY,USC00103448,69.4
USC00103771,45.9414,-116.1175,1005.8,ID,GRANGEVILLE,USC00103771,38.7
USC00103964,43.9664,-112.2642,1460.0,ID,HAMER 4 NW,USC00103964,20.4
USC00104150,46.6311,-115.8086,975.4,ID,HEADQUARTERS,USC00104150,118.7
USC00104384,43.7828,-113.0033,1469.1,ID,HOWE,USC00104384,11.100000000000001
USC00104456,43.3456,-111.7847,1776.4,ID,IDAHO FALLS 16 SE,USC00104456,65.7
USC00104793,46.23,-116.0339,368.8,ID,KAMIAH,USC00104793,11.3
USC00104831,47.5339,-116.1222,724.5,ID,KELLOGG,USC00104831,52.400000000000006
USC00104845,43.6842,-114.3603,1795.3,ID,KETCHUM RS,USC00104845,102.0
USC00105275,42.1231,-111.3133,1809.0,ID,LIFTON PUMPING STN,USC00105275,37.4
USC00105567,42.3061,-113.3689,1378.0,ID,MALTA,USC00105567,11.9
USC00105708,44.8872,-116.1047,1531.6,ID,MCCALL,USC00105708,132.2
USC00105716,42.6522,-112.1936,1453.9,ID,MCCAMMON,USC00105716,44.7
USC00105897,44.7189,-115.015,1365.5,ID,MIDDLE FORK LODGE,USC00105897,40.7
USC00105980,42.6769,-113.5022,1269.2,ID,MINIDOKA DAM,USC00105980,20.5
USC00106152,46.7281,-116.9558,810.8,ID,MOSCOW U OF I,USC00106152,50.9
USC00106250,42.0264,-115.3597,1570.3,ID,MURPHY (DESERT) HOT SPRINGS,USC00106250,47.3
USC00106305,43.6039,-116.5753,752.9,ID,NAMPA SUGAR FACTORY,USC00106305,9.7
USC00106424,46.2325,-116.243,990.0,ID,NEZPERCE,USC00106424,28.9
USC00106542,42.2342,-113.8981,1389.6,ID,OAKLEY,USC00106542,25.1
USC00106844,43.8022,-116.9442,698.0,ID,PARMA EXP STN,USC00106844,11.5
USC00107040,43.3086,-114.0667,1474.9,ID,PICABO,USC00107040,45.599999999999994
USC00107046,46.4922,-115.8006,938.8,ID,PIERCE,USC00107046,113.6
USC00107208,42.8917,-112.4086,1472.8,ID,POCATELLO 2 NE,USC00107208,63.599999999999994
USC00107210,42.875,-112.4469,1359.4,ID,POCATELLO CITY,USC00107210,29.7
USC00107301,46.9603,-116.855,841.2,ID,POTLATCH 3 NNE,USC00107301,41.3
USC00107346,42.0933,-111.8825,1438.4,ID,PRESTON,USC00107346,52.4
USC00107386,48.3511,-116.8353,722.7,ID,PRIEST RVR EXP STN,USC00107386,73.9
USC00107673,43.0517,-114.155,1313.4,ID,RICHFIELD,USC00107673,28.6
USC00107706,45.3542,-116.395,626.7,ID,RIGGINS,USC00107706,7.1
USC00108062,47.3164,-116.5789,655.6,ID,SAINT MARIES,USC00108062,56.0
USC00108080,45.1731,-113.8856,1204.9,ID,SALMON-KSRA,USC00108080,22.0
USC00108137,48.2942,-116.5628,648.0,ID,SANDPOINT EXP STN,USC00108137,62.0
USC00109000,45.1017,-114.8508,1168.9,ID,TAYLOR RCH,USC00109000,31.2
USC00109303,42.5458,-114.3461,1207.0,ID,TWIN FALLS 6 E,USC00109303,24.2
USC00109498,47.4753,-115.9314,826.0,ID,WALLACE,USC00109498,75.6
USC00109846,46.2381,-116.6233,1210.7,ID,WINCHESTER,USC00109846,86.5
USC00109963,45.545,-115.2514,755.9,ID,YELLOWPINE BAR,USC00109963,44.6
USC00110050,38.5411,-89.6289,131.1,IL,ALBERS 1 W,USC00110050,10.1
USC00110072,41.1978,-90.7447,222.5,IL,ALEDO,USC00110072,21.8
USC00110146,41.7225,-89.3367,230.1,IL,AMBOY,USC00110146,28.900000000000002
USC00110187,37.4814,-89.2344,195.1,IL,ANNA 2 NNE,USC00110187,10.4
USC00110211,42.4483,-90.0517,249.9,IL,APPLE RVR CANYON ST PK,USC00110211,32.1
USC00110330,40.2333,-90.9472,207.3,IL,AUGUSTA,USC00110330,24.1
USC00110338,41.7803,-88.3092,201.2,IL,AURORA,USC00110338,27.9
USC00110356,40.6633,-90.4447,195.1,IL,AVON,USC00110356,24.0
USC00110442,42.1153,-88.1639,266.7,IL,BARRINGTON 3SW,USC00110442,38.5
USC00110492,40.0164,-90.4278,136.2,IL,BEARDSTOWN,USC00110492,11.8
USC00110500,39.1811,-88.7828,185.3,IL,BEECHER CITY,USC00110500,16.2
USC00110583,42.255,-88.8639,229.5,IL,BELVIDERE,USC00110583,32.6
USC00110598,40.3444,-91.1125,198.1,IL,BENTLEY,USC00110598,23.1
USC00110761,40.4961,-88.9994,233.5,IL,BLOOMINGTON WTR WKS,USC00110761,6.5
USC00110803,41.1758,-87.9353,198.1,IL,BOURBONNAIS 3NW,USC00110803,27.4
USC00110868,41.1461,-89.6289,237.7,IL,BRADFORD 3SSE,USC00110868,22.5
USC00110993,37.1275,-88.6531,100.6,IL,BROOKPORT DAM 52,USC00110993,3.1
USC00111160,38.5669,-90.1942,121.9,IL,CAHOKIA,USC00111160,13.8
USC00111250,40.5378,-90.0422,195.1,IL,CANTON,USC00111250,14.399999999999999
USC00111265,37.7308,-89.1658,118.9,IL,CARBONDALE SEWAGE PLT,USC00111265,11.4
USC00111280,39.2883,-89.8703,189.3,IL,CARLINVILLE,USC00111280,16.5
USC00111302,38.0733,-88.1805,102.1,IL,CARMI 3,USC00111302,11.700000000000001
USC00111316,40.4089,-91.1278,201.2,IL,CARTHAGE,USC00111316,21.5
USC00111329,39.2975,-87.9747,189.0,IL,CASEY,USC00111329,11.9
USC00111386,38.5556,-89.1297,147.8,IL,CENTRALIA,USC00111386,6.5
USC00111420,41.3978,-88.2819,153.9,IL,CHANNAHON DRESDEN ISL DAM,USC00111420,18.4
USC00111436,39.4761,-88.1653,213.4,IL,CHARLESTON,USC00111436,19.0
USC00111447,40.75,-88.2864,219.5,IL,CHATSWORTH,USC00111447,27.6
USC00111475,40.7408,-88.7181,219.2,IL,CHENOA,USC00111475,19.9
USC00111491,37.9019,-89.8308,118.9,IL,CHESTER,USC00111491,12.0
USC00111497,42.14,-87.7853,192.0,IL,CHICAGO BOTANIC GARDEN,USC00111497,33.6
USC00111577,41.7372,-87.7775,189.0,IL,CHICAGO MIDWAY AP 3SW,USC00111577,38.8
USC00111627,40.9153,-89.5031,163.1,IL,CHILLICOTHE,USC00111627,20.0
USC00111655,40.0083,-88.7267,209.7,IL,CISCO,USC00111655,20.700000000000003
USC00111664,38.5047,-88.4094,138.4,IL,CISNE 2 S,USC00111664,11.9
USC00111700,38.6058,-88.3117,140.2,IL,CLAY CITY 6SSE,USC00111700,10.6
USC00111836,40.6211,-89.2414,195.1,IL,CONGERVILLE 2NW,USC00111836,22.3
USC00112048,42.2611,-88.3953,286.5,IL,CRYSTAL LAKE 4NW,USC00112048,35.1
USC00112145,40.1019,-87.5961,163.4,IL,DANVILLE SEWAGE PLT,USC00112145,14.8
USC00112193,39.8289,-88.9506,194.8,IL,DECATUR WTP,USC00112193,13.600000000000001
USC00112223,41.9342,-88.7756,266.1,IL,DE KALB,USC00112223,33.1
USC00112344,38.4628,-88.9433,183.5,IL,DIX,USC00112344,9.7
USC00112348,41.835,-89.5136,201.2,IL,DIXON 1W,USC00112348,31.2
USC00112353,37.4389,-88.6678,160.6,IL,DIXON SPRINGS AGRIC CTR,USC00112353,7.2
USC00112483,37.9878,-89.1931,128.0,IL,DU QUOIN 4 SE,USC00112483,11.9
USC00112500,41.1072,-88.4111,191.4,IL,DWIGHT,USC00112500,23.3
USC00112679,38.8094,-90.0033,141.7,IL,EDWARDSVILLE 2 W,USC00112679,10.8
USC00112687,39.1181,-88.6244,190.5,IL,EFFINGHAM 3SW,USC00112687,14.6
USC00112709,41.8742,-88.4728,265.2,IL,ELBURN,USC00112709,38.5
USC00112736,42.0628,-88.2861,232.6,IL,ELGIN,USC00112736,32.1
USC00112745,42.3161,-90.2269,205.7,IL,ELIZABETH,USC00112745,30.2
USC00112854,40.7122,-89.2611,243.8,IL,EUREKA,USC00112854,21.2
USC00112923,40.7511,-88.4983,202.7,IL,FAIRBURY WWTP,USC00112923,14.0
USC00113061,40.3175,-88.3503,219.2,IL,FISHER,USC00113061,17.4
USC00113106,38.6781,-88.4797,146.6,IL,FLORA,USC00113106,11.600000000000001
USC00113109,38.7103,-88.5758,152.4,IL,FLORA 5 NW,USC00113109,8.3
USC00113262,42.2972,-89.6039,228.6,IL,FREEPORT WASTE WTP,USC00113262,34.5
USC00113312,42.3994,-90.3861,250.5,IL,GALENA,USC00113312,37.9
USC00113320,40.9464,-90.3856,232.0,IL,GALESBURG,USC00113320,25.9
USC00113384,41.4511,-90.1486,194.8,IL,GENESEO,USC00113384,28.4
USC00113392,42.0742,-88.7075,251.8,IL,GENOA 2SW,USC00113392,38.9
USC00113413,40.4731,-88.3653,228.6,IL,GIBSON CITY,USC00113413,18.299999999999997
USC00113455,40.8822,-91.0233,164.0,IL,GLADSTONE DAM 18,USC00113455,16.9
USC00113580,37.2036,-89.0422,117.3,IL,GRAND CHAIN DAM 53,USC00113580,7.2
USC00113595,37.6592,-89.5103,116.7,IL,GRAND TWR 2 N,USC00113595,6.2
USC00113612,38.2758,-87.9989,132.6,IL,GRAYVILLE,USC00113612,11.8
USC00113666,39.3425,-90.2061,164.6,IL,GREENFIELD,USC00113666,17.6
USC00113693,38.865,-89.4053,164.9,IL,GREENVILLE,USC00113693,11.899999999999999
USC00113774,39.8014,-88.5928,201.2,IL,HAMMOND,USC00113774,6.7
USC00113902,42.4147,-88.6308,277.4,IL,HARVARD,USC00113902,31.9
USC00113940,40.3031,-90.0647,141.1,IL,HAVANA,USC00113940,27.9
USC00114089,38.7606,-89.6561,161.5,IL,HIGHLAND,USC00114089,10.2
USC00114198,40.4664,-87.685,216.4,IL,HOOPESTON,USC00114198,20.3
USC00114317,39.1136,-87.6564,133.2,IL,HUTSONVILLE,USC00114317,9.8
USC00114400,38.4933,-88.9708,179.8,IL,IUKA 12 SW,USC00114400,12.0
USC00114442,39.7347,-90.1978,185.9,IL,JACKSONVILLE 2E,USC00114442,16.2
USC00114489,39.1025,-90.3431,192.0,IL,JERSEYVILLE 2 SW,USC00114489,12.5
USC00114530,41.5033,-88.1033,165.5,IL,JOLIET BRANDON RD DAM,USC00114530,16.9
USC00114603,41.135,-87.8856,182.9,IL,KANKAKEE METRO WASTEWATER,USC00114603,20.7
USC00114629,37.9833,-89.9469,115.8,IL,KASKASKIA RVR NAVIGATION LOCK,USC00114629,4.3
USC00114655,41.0994,-90.9394,167.6,IL,KEITHSBURG,USC00114655,20.4
USC00114710,41.2428,-89.8997,237.7,IL,KEWANEE 1 E,USC00114710,30.799999999999997
USC00114739,39.5894,-89.4556,179.8,IL,KINCAID 3W,USC00114739,13.899999999999999
USC00114756,38.7706,-88.8556,181.7,IL,KINMUNDY,USC00114756,14.7
USC00114780,40.9025,-90.2897,221.9,IL,KNOXVILLE,USC00114780,25.4
USC00114805,41.0186,-89.4153,139.6,IL,LACON,USC00114805,24.6
USC00114837,42.4308,-88.0594,256.0,IL,LAKE VILLA 2NE,USC00114837,43.4
USC00114957,38.7239,-87.7197,137.5,IL,LAWRENCEVILLE 2WSW,USC00114957,15.5
USC00115079,40.1519,-89.3386,177.7,IL,LINCOLN,USC00115079,19.3
USC00115219,39.7122,-88.63,207.9,IL,LOVINGTON,USC00115219,15.1
USC00115272,40.5242,-89.4208,201.8,IL,MACKINAW 3WSW,USC00115272,24.4
USC00115280,40.4786,-90.6697,185.9,IL,MACOMB,USC00115280,10.5
USC00115326,42.2636,-88.6078,248.4,IL,MARENGO,USC00115326,30.8
USC00115372,41.3286,-88.7533,149.4,IL,MARSEILLES LOCK,USC00115372,25.0
USC00115413,40.1642,-89.6511,182.9,IL,MASON CITY 4SE,USC00115413,12.9
USC00115430,39.4725,-88.3544,213.7,IL,MATTOON,USC00115430,14.5
USC00115493,42.3092,-88.2533,224.3,IL,MC HENRY -WG STRATTON L&D,USC00115493,34.5
USC00115515,38.0844,-88.5425,135.9,IL,MCLEANSBORO,USC00115515,13.3
USC00115539,39.1561,-90.1392,185.0,IL,MEDORA 1 S,USC00115539,16.5
USC00115562,41.5294,-89.1267,219.5,IL,MENDOTA 2 SE,USC00115562,25.299999999999997
USC00115646,40.6828,-87.7575,182.9,IL,MILFORD 5NW,USC00115646,25.2
USC00115712,40.9125,-89.0339,228.6,IL,MINONK,USC00115712,21.700000000000003
USC00115758,41.1811,-87.5725,192.9,IL,MOMENCE 5ENE,USC00115758,23.6
USC00115768,40.9442,-90.6381,219.5,IL,MONMOUTH,USC00115768,25.599999999999998
USC00115792,40.0383,-88.5853,189.0,IL,MONTICELLO (RIVER),USC00115792,18.1
USC00115825,41.3708,-88.4336,159.7,IL,MORRIS 1 NW,USC00115825,24.7
USC00115833,41.7944,-89.9681,192.6,IL,MORRISON,USC00115833,31.5
USC00115841,39.4158,-89.4614,192.0,IL,MORRISONVILLE,USC00115841,16.2
USC00115876,40.6006,-89.4653,213.7,IL,MORTON,USC00115876,23.9
USC00115888,38.4106,-87.7578,131.1,IL,MT CARMEL,USC00115888,8.899999999999999
USC00115901,42.0981,-89.9842,195.1,IL,MT CARROLL,USC00115901,33.4
USC00115917,39.0728,-89.7014,204.2,IL,MT OLIVE 1 E,USC00115917,13.9
USC00115927,40.0075,-89.2833,201.5,IL,MT PULASKI,USC00115927,18.7
USC00115935,39.9842,-90.7525,216.1,IL,MT STERLING,USC00115935,13.5
USC00115943,38.3483,-88.8533,149.4,IL,MT VERNON 3 NE,USC00115943,10.4
USC00115961,42.2553,-88.0775,256.0,IL,MUNDELEIN 4 WSW,USC00115961,43.1
USC00115983,37.7608,-89.3656,167.6,IL,MURPHYSBORO 2 SW,USC00115983,9.9
USC00116011,38.3419,-89.3592,156.4,IL,NASHVILLE 1 E,USC00116011,11.7
USC00116072,38.3219,-89.8756,129.8,IL,NEW ATHENS,USC00116072,11.6
USC00116134,39.7914,-88.0364,196.6,IL,NEWMAN 3W,USC00116134,18.1
USC00116157,38.9917,-88.1828,161.8,IL,NEWTON,USC00116157,16.0
USC00116200,40.5492,-88.9497,240.8,IL,NORMAL 4NE,USC00116200,20.1
USC00116281,41.8422,-87.9731,217.9,IL,OAK BROOK 2W,USC00116281,42.3
USC00116344,40.11,-87.9567,205.7,IL,OGDEN,USC00116344,25.0
USC00116446,38.7003,-88.0817,139.9,IL,OLNEY 2S,USC00116446,10.5
USC00116490,42.0056,-89.3278,206.7,IL,OREGON,USC00116490,32.3
USC00116526,41.3283,-88.9106,160.0,IL,OTTAWA 5SW,USC00116526,23.7
USC00116558,39.0064,-87.6236,137.2,IL,PALESTINE,USC00116558,11.6
USC00116579,39.3686,-89.0867,198.1,IL,PANA,USC00116579,14.5
USC00116610,39.6186,-87.6672,197.8,IL,PARIS STP,USC00116610,19.1
USC00116616,41.4947,-87.6803,216.4,IL,PARK FOREST,USC00116616,28.2
USC00116661,41.6653,-88.9781,271.0,IL,PAW PAW 2S,USC00116661,30.1
USC00116663,40.455,-88.1417,231.0,IL,PAXTON 2 WSW,USC00116663,18.3
USC00116670,39.8208,-91.2436,232.9,IL,PAYSON,USC00116670,17.0
USC00116725,41.3339,-87.7892,218.8,IL,PEOTONE,USC00116725,28.799999999999997
USC00116738,39.8058,-90.8239,198.1,IL,PERRY 6 NW,USC00116738,20.9
USC00116753,41.3503,-89.1072,189.0,IL,PERU,USC00116753,28.5
USC00116760,39.9633,-89.8678,182.9,IL,PETERSBURG 3SSW,USC00116760,18.4
USC00116765,40.0164,-89.8344,182.9,IL,PETERSBURG 1E,USC00116765,15.2
USC00116769,40.0064,-88.1533,219.5,IL,PHILO,USC00116769,20.6
USC00116779,38.0981,-89.3819,131.1,IL,PINCKNEYVILLE 2 N,USC00116779,8.6
USC00116819,40.7569,-88.1828,204.2,IL,PIPER CITY,USC00116819,24.7
USC00116837,39.62,-90.8033,204.2,IL,PITTSFIELD #2,USC00116837,15.6
USC00116849,41.6386,-88.1881,187.5,IL,PLAINFIELD 3 NE,USC00116849,29.2
USC00116874,37.895,-89.0092,119.8,IL,PLUMFIELD,USC00116874,9.8
USC00116910,40.8778,-88.6364,198.1,IL,PONTIAC,USC00116910,25.1
USC00116970,40.5914,-90.4642,198.1,IL,PRAIRIE CITY 2S,USC00116970,21.3
USC00116998,41.3661,-89.4519,212.4,IL,PRINCETON,USC00116998,28.5
USC00117004,40.9275,-89.7564,228.6,IL,PRINCEVILLE,USC00117004,20.3
USC00117014,41.6753,-89.9375,184.4,IL,PROPHETSTOWN,USC00117014,29.6
USC00117126,39.1481,-89.1022,182.9,IL,RAMSEY,USC00117126,12.8
USC00117157,38.1858,-89.9275,139.6,IL,RED BUD 5 SE,USC00117157,10.2
USC00117329,40.7983,-89.1947,219.5,IL,ROANOKE,USC00117329,27.9
USC00117370,41.7981,-89.6414,207.0,IL,ROCK FALLS 3 NE,USC00117370,28.8
USC00117457,41.6042,-88.085,201.2,IL,ROMEOVILLE WFO,USC00117457,33.2
USC00117470,42.405,-88.9794,263.0,IL,ROSCOE 2 SE,USC00117470,38.0
USC00117487,37.4747,-88.4122,121.9,IL,ROSICLARE 5NW,USC00117487,3.3
USC00117603,38.9364,-88.0228,152.4,IL,STE MARIE (RIVER),USC00117603,14.200000000000001
USC00117636,38.6403,-88.9458,167.6,IL,SALEM,USC00117636,10.2
USC00117833,41.7328,-88.8642,259.1,IL,SHABBONA 3S,USC00117833,29.799999999999997
USC00117896,39.8889,-89.6161,177.1,IL,SHERMAN,USC00117896,20.6
USC00117952,39.9678,-87.8228,204.8,IL,SIDELL 4N,USC00117952,23.7
USC00118020,37.1644,-88.4311,108.8,IL,SMITHLAND L&D,USC00118020,3.8
USC00118147,38.1167,-89.7167,163.1,IL,SPARTA 1 W,USC00118147,10.6
USC00118194,41.0228,-87.7175,204.2,IL,ST ANNE,USC00118194,24.0
USC00118248,38.0031,-89.6508,131.1,IL,STEELEVILLE,USC00118248,7.3
USC00118254,41.8108,-89.0239,246.9,IL,STEWARD 3S,USC00118254,28.3
USC00118293,42.3997,-89.9903,295.7,IL,STOCKTON 3 NNE,USC00118293,35.7
USC00118324,42.0256,-88.1783,249.6,IL,STREAMWOOD,USC00118324,34.0
USC00118353,41.0908,-88.8158,185.9,IL,STREATOR 3 SE,USC00118353,26.4
USC00118389,39.5608,-88.6089,195.1,IL,SULLIVAN 3S,USC00118389,12.9
USC00118684,39.7947,-88.2911,198.4,IL,TUSCOLA,USC00118684,16.900000000000002
USC00118740,40.0839,-88.2403,219.8,IL,CHAMPAIGN 3S,USC00118740,20.8
USC00118797,41.0389,-89.2289,221.6,IL,VARNA,USC00118797,18.4
USC00118860,39.5061,-89.7689,205.7,IL,VIRDEN,USC00118860,16.1
USC00118870,39.9494,-90.2083,185.9,IL,VIRGINIA,USC00118870,19.3
USC00118916,41.5603,-89.6025,204.5,IL,WALNUT,USC00118916,35.9
USC00118932,38.2133,-89.085,155.8,IL,WALTONVILLE,USC00118932,8.3
USC00119002,38.3664,-90.1619,201.5,IL,WATERLOO,USC00119002,8.8
USC00119021,40.7942,-87.7544,189.0,IL,WATSEKA 2 NW,USC00119021,17.1
USC00119221,41.8128,-88.0728,207.3,IL,WHEATON 3 SE,USC00119221,24.3
USC00119241,39.4408,-90.3789,176.8,IL,WHITE HALL 1 E,USC00119241,18.2
USC00119354,39.4458,-88.5961,210.3,IL,WINDSOR,USC00119354,13.7
USC00119469,41.1831,-90.3167,248.4,IL,WOODHULL,USC00119469,26.8
USC00119816,40.7781,-90.0072,203.9,IL,YATES CITY,USC00119816,21.3
USC00120177,40.1117,-85.7164,256.3,IN,ANDERSON SEWAGE PLT,USC00120177,20.8
USC00120182,40.105,-85.6717,265.2,IN,ANDERSON WTR WKS,USC00120182,16.9
USC00120200,41.6639,-85.0183,310.9,IN,ANGOLA,USC00120200,38.9
USC00120331,40.2839,-87.1964,221.6,IN,ATTICA 2E,USC00120331,23.3
USC00120550,38.8397,-86.5217,177.1,IN,BEDFORD 4 SW,USC00120550,10.0
USC00120676,40.6683,-84.93,255.7,IN,BERNE WWTP,USC00120676,27.8
USC00120784,39.1742,-86.5214,253.0,IN,BLOOMINGTON INDIANA UNIV,USC00120784,17.5
USC00120830,40.8142,-85.1547,262.4,IN,BLUFFTON 6N,USC00120830,23.299999999999997
USC00120852,38.0303,-87.2736,121.9,IN,BOONVILLE 1S,USC00120852,11.3
USC00120858,40.535,-87.453,235.3,IN,BOSWELL 4WNW,USC00120858,17.1
USC00120877,39.3853,-87.04,183.2,IN,BOWLING GREEN 1 W,USC00120877,14.7
USC00121030,39.4239,-85.0144,192.0,IN,BROOKVILLE,USC00121030,17.6
USC00121256,37.8994,-86.7072,122.5,IN,CANNELTON,USC00121256,10.7
USC00121326,39.88,-86.0514,251.2,IN,CASTLETON 2 S,USC00121326,26.700000000000003
USC00121417,40.6653,-86.955,219.5,IN,CHALMERS 5 W,USC00121417,20.3
USC00121628,39.6592,-87.4392,184.4,IN,CLINTON 2 W,USC00121628,15.399999999999999
USC00121739,41.1453,-85.4897,254.2,IN,COLUMBIA CITY,USC00121739,21.4
USC00121747,39.1661,-85.9228,185.6,IN,COLUMBUS,USC00121747,16.3
USC00121873,40.0028,-86.8011,254.8,IN,CRAWFORDSVILLE 6 SE,USC00121873,21.700000000000003
USC00121940,41.4389,-87.3544,212.1,IN,CROWN PT 1N,USC00121940,26.6
USC00122041,39.7344,-86.5361,291.4,IN,DANVILLE 3 SW,USC00122041,21.5
USC00122096,40.8483,-84.93,239.3,IN,DECATUR 1 N,USC00122096,28.1
USC00122149,40.615,-86.6661,169.5,IN,DELPHI 2 N,USC00122149,17.2
USC00122184,38.7997,-85.6725,193.5,IN,DEPUTY 1 WNW,USC00122184,11.9
USC00122309,38.4558,-86.6983,210.3,IN,DUBOIS S IN FORAGE FM,USC00122309,12.7
USC00122594,41.6778,-86.0022,228.6,IN,ELKHART PUB WKS & UT,USC00122594,36.9
USC00122605,39.0314,-86.9372,203.9,IN,ELLISTON,USC00122605,8.9
USC00122620,38.87,-87.0917,146.3,IN,ELNORA,USC00122620,18.2
USC00122814,39.2425,-87.3906,167.0,IN,FARMERSBURG TV-2,USC00122814,15.1
USC00122816,38.9756,-85.1028,271.3,IN,FARMERS RETREAT,USC00122816,15.899999999999999
USC00122825,40.2539,-85.1483,294.1,IN,FARMLAND 5 NNW,USC00122825,20.9
USC00122931,40.5536,-86.5219,208.8,IN,FLORA,USC00122931,19.9
USC00123078,40.9842,-86.8872,207.3,IN,FRANCESVILLE,USC00123078,26.3
USC00123082,40.2986,-86.5067,251.2,IN,FRANKFORT DISPOSAL,USC00123082,24.1
USC00123091,39.4683,-86.0411,219.5,IN,FRANKLIN WWTP,USC00123091,16.9
USC00123104,38.8672,-87.3083,167.6,IN,FREELANDVILLE,USC00123104,15.1
USC00123206,41.3414,-85.1292,268.2,IN,GARRETT,USC00123206,29.5
USC00123207,41.3367,-85.1197,265.2,IN,GARRETT 1 S,USC00123207,36.0
USC00123418,41.5575,-85.8825,266.7,IN,GOSHEN 3SW,USC00123418,45.2
USC00123513,39.6439,-86.8767,224.0,IN,GREENCASTLE 1 W,USC00123513,22.1
USC00123527,39.7858,-85.7611,264.9,IN,GREENFIELD,USC00123527,20.2
USC00123547,39.3475,-85.4892,285.6,IN,GREENSBURG,USC00123547,13.3
USC00123777,40.4356,-85.2892,281.6,IN,HARTFORD CITY 4 ESE,USC00123777,32.2
USC00124181,40.8556,-85.4981,221.0,IN,HUNTINGTON,USC00124181,25.9
USC00124244,41.6317,-87.0881,207.3,IN,INDIANA DUNES NL,USC00124244,40.3
USC00124249,39.9075,-86.2892,249.3,IN,INDIANAPOLIS EAGLE CREEK 4 NNE,USC00124249,17.2
USC00124356,39.9236,-86.5983,293.2,IN,JAMESTOWN 2 E,USC00124356,14.0
USC00124613,41.5369,-86.7022,230.1,IN,KINGSBURY 1N,USC00124613,41.7
USC00124642,39.8075,-85.4878,303.9,IN,KNIGHTSTOWN 2ENE,USC00124642,28.6
USC00124657,41.3053,-86.6286,210.3,IN,KNOX WWTP,USC00124657,28.5
USC00124662,40.4583,-86.1758,250.5,IN,KOKOMO 3 WSW,USC00124662,34.1
USC00124667,40.4614,-86.2122,248.1,IN,KOKOMO 5 WSW,USC00124667,23.2
USC00124715,40.2964,-86.9028,223.1,IN,LAFAYETTE 8 S,USC00124715,20.5
USC00124778,41.0858,-87.3833,205.7,IN,LAKE VILLAGE 7SE,USC00124778,29.7
USC00124782,41.5269,-86.2692,256.3,IN,LAKEVILLE,USC00124782,36.6
USC00124832,40.0114,-85.8436,262.1,IN,LAPEL 4 S,USC00124832,17.6
USC00124837,41.6117,-86.7297,246.6,IN,LAPORTE,USC00124837,65.2
USC00124910,40.0506,-86.5744,281.9,IN,LEBANON 6W,USC00124910,18.1
USC00125050,39.5903,-84.9208,301.8,IN,LIBERTY 3 SSE,USC00125050,24.9
USC00125055,41.4311,-85.5897,282.2,IN,LIGONIER 2 S,USC00125055,23.9
USC00125117,40.7478,-86.3878,182.9,IN,LOGANSPORT CICOTT ST,USC00125117,19.4
USC00125174,41.2647,-87.4178,202.7,IN,LOWELL,USC00125174,29.7
USC00125237,38.7369,-85.3942,140.2,IN,MADISON SEWAGE PLT,USC00125237,12.3
USC00125337,40.58,-85.6586,240.8,IN,MARION 2 N,USC00125337,24.5
USC00125394,39.8439,-87.1875,215.8,IN,MARSHALL,USC00125394,27.7
USC00125407,39.4039,-86.453,180.4,IN,MARTINSVILLE 2 SW,USC00125407,16.7
USC00125485,38.1108,-87.5325,152.4,IN,MCCUTCHANVILLE 4N,USC00125485,13.9
USC00125541,38.7914,-86.2097,159.7,IN,MEDORA 3 SW,USC00125541,16.7
USC00125613,40.0631,-85.5778,286.5,IN,MIDDLETOWN 2 W,USC00125613,25.6
USC00125700,38.7894,-86.3964,199.6,IN,MITCHELL 6 NE,USC00125700,14.0
USC00125923,39.6483,-85.6781,269.7,IN,MORRISTOWN 2 SE,USC00125923,19.9
USC00126001,37.9286,-87.8956,108.8,IN,MT VERNON,USC00126001,8.4
USC00126023,40.1825,-85.3497,294.4,IN,MUNCIE,USC00126023,19.4
USC00126056,39.24,-86.2294,210.3,IN,NASHVILLE 2 NNE,USC00126056,19.7
USC00126151,37.9325,-87.3744,115.8,IN,NEWBURGH L&D,USC00126151,6.6
USC00126160,41.7064,-86.5033,231.6,IN,NEW CARLISLE,USC00126160,62.099999999999994
USC00126164,39.8942,-85.3953,302.1,IN,NEW CASTLE 3 SW,USC00126164,24.8
USC00126340,40.0383,-86.0711,252.1,IN,NOBLESVILLE 3 W,USC00126340,20.3
USC00126400,41.3589,-85.6997,289.9,IN,NORTHERN INDIANA WFO,USC00126400,47.3
USC00126401,41.1733,-86.7572,213.4,IN,N JUDSON 3 S,USC00126401,29.0
USC00126420,40.9936,-85.775,231.6,IN,N MANCHESTER WWTP,USC00126420,30.3
USC00126435,39.0017,-85.5997,226.5,IN,N VERNON 2 ESE,USC00126435,17.2
USC00126580,38.8878,-86.5519,198.7,IN,OOLITIC PURDUE EX FM,USC00126580,16.4
USC00126705,38.5556,-86.4858,170.7,IN,PAOLI,USC00126705,12.8
USC00126801,40.3522,-87.525,213.4,IN,PENCE 1 SW,USC00126801,12.6
USC00126830,40.0739,-87.5067,186.2,IN,PERRYSVILLE 4 WNW,USC00126830,19.2
USC00126864,40.7647,-86.0739,201.2,IN,PERU,USC00126864,20.9
USC00126989,41.3392,-86.3358,248.4,IN,PLYMOUTH,USC00126989,54.900000000000006
USC00127069,40.4175,-84.9925,277.4,IN,PORTLAND 1 SW,USC00127069,19.400000000000002
USC00127083,38.1656,-87.7853,131.1,IN,POSEYVILLE,USC00127083,12.600000000000001
USC00127125,38.3567,-87.5906,146.3,IN,PRINCETON 1 W,USC00127125,12.2
USC00127255,39.5022,-87.0033,191.4,IN,REELSVILLE 4 SW,USC00127255,19.9
USC00127267,40.7942,-87.1719,210.3,IN,REMINGTON 2NNW,USC00127267,28.8
USC00127298,40.9239,-87.1753,192.0,IN,RENSSELAER,USC00127298,25.3
USC00127398,40.2553,-84.9958,315.5,IN,RIDGEVILLE 3 SSE,USC00127398,25.1
USC00127482,41.0664,-86.2097,231.6,IN,ROCHESTER,USC00127482,30.099999999999998
USC00127522,39.7594,-87.2269,210.0,IN,ROCKVILLE,USC00127522,13.0
USC00127646,39.6042,-85.4533,289.0,IN,RUSHVILLE,USC00127646,15.9
USC00127724,38.1642,-86.8094,155.4,IN,SAINT MEINRAD,USC00127724,8.3
USC00127755,38.6158,-86.0856,239.3,IN,SALEM,USC00127755,14.100000000000001
USC00127935,38.9822,-85.8989,173.7,IN,SEYMOUR 2 N,USC00127935,8.0
USC00127999,39.5283,-85.7914,229.2,IN,SHELBYVILLE SEWAGE PLT,USC00127999,14.6
USC00128036,38.5528,-86.7944,145.4,IN,SHOALS 8 S,USC00128036,13.6
USC00128290,39.2839,-86.7706,167.3,IN,SPENCER,USC00128290,15.8
USC00128967,37.7953,-87.993,103.6,IN,JT MYERS LOCKS & DAM,USC00128967,7.5
USC00128999,41.5114,-87.0378,243.8,IN,VALPARAISO WTR WKS,USC00128999,40.0
USC00129080,38.7436,-85.0761,150.9,IN,VEVAY,USC00129080,20.6
USC00129113,38.7386,-87.4878,137.8,IN,VINCENNES 5 NE,USC00129113,8.5
USC00129138,40.7917,-85.8258,202.7,IN,WABASH,USC00129138,19.5
USC00129222,41.4439,-86.9294,224.0,IN,WANATAH 2 WNW,USC00129222,33.6
USC00129243,41.1719,-85.9192,259.1,IN,WARSAW 5SW,USC00129243,31.9
USC00129253,38.6489,-87.1989,146.9,IN,WASHINGTON 1 W,USC00129253,9.2
USC00129430,40.475,-86.9919,215.8,IN,W LAFAYETTE 6 NW,USC00129430,18.9
USC00129557,39.9961,-86.3542,286.8,IN,WHITESTOWN,USC00129557,22.0
USC00129605,38.7669,-86.6847,166.7,IN,WILLIAMS 3 SW,USC00129605,13.2
USC00129670,41.0267,-86.5867,210.3,IN,WINAMAC 2SSE,USC00129670,26.5
USC00129905,40.5614,-86.3425,235.6,IN,YOUNG AMERICA,USC00129905,24.599999999999998
USC00130088,42.8258,-96.5514,365.2,IA,AKRON,USC00130088,36.599999999999994
USC00130112,41.0656,-92.7867,268.2,IA,ALBIA 3 NNE,USC00130112,30.0
USC00130181,42.9981,-96.0175,413.0,IA,ALTON,USC00130181,26.6
USC00130200,42.0208,-93.7742,335.0,IA,AMES 8 WSW,USC00130200,32.7
USC00130203,41.9519,-93.5656,265.2,IA,AMES 5 SE,USC00130203,27.299999999999997
USC00130241,41.7322,-93.65,297.2,IA,ANKENY,USC00130241,24.7
USC00130364,41.4175,-95.0042,351.1,IA,ATLANTIC 1 NE,USC00130364,27.3
USC00130536,40.8069,-94.0475,370.3,IA,BEACONSFIELD,USC00130536,26.5
USC00130600,41.8814,-92.2764,246.9,IA,BELLE PLAINE,USC00130600,27.9
USC00130608,42.2611,-90.423,183.8,IA,BELLEVUE L&D 12,USC00130608,31.900000000000002
USC00130745,40.6189,-94.505,362.7,IA,BLOCKTON 1W,USC00130745,18.0
USC00130753,40.7392,-92.4142,261.5,IA,BLOOMFIELD,USC00130753,24.2
USC00130807,42.0417,-93.8908,315.5,IA,BOONE,USC00130807,35.9
USC00130910,41.1714,-91.8256,225.9,IA,BRIGHTON,USC00130910,34.1
USC00130933,41.7394,-92.44,270.1,IA,BROOKLYN,USC00130933,29.8
USC00130999,42.4172,-93.3775,350.5,IA,BUCKEYE,USC00130999,26.3
USC00131060,40.7747,-91.1164,210.3,IA,BURLINGTON 2S,USC00131060,21.8
USC00131257,42.2978,-91.0117,248.1,IA,CASCADE,USC00131257,31.1
USC00131277,42.0633,-95.8364,426.7,IA,CASTANA EXP FARM,USC00131277,28.6
USC00131319,42.0497,-91.5881,247.8,IA,CEDAR RAPIDS #1,USC00131319,34.3
USC00131354,40.7325,-92.89,275.8,IA,CENTERVILLE,USC00131354,21.5
USC00131394,41.0164,-93.2792,294.1,IA,CHARITON 1 E,USC00131394,24.1
USC00131402,43.0603,-92.6717,302.7,IA,CHARLES CITY,USC00131402,37.5
USC00131442,42.7572,-95.5378,368.8,IA,CHEROKEE,USC00131442,37.8
USC00131533,40.7244,-95.0192,298.7,IA,CLARINDA,USC00131533,22.8
USC00131541,42.72,-93.7336,352.3,IA,CLARION,USC00131541,31.1
USC00131635,41.7947,-90.2639,178.3,IA,CLINTON #1,USC00131635,31.9
USC00131704,42.08,-92.405,266.7,IA,CLUTIER,USC00131704,33.7
USC00131710,42.0169,-93.3189,304.8,IA,COLO,USC00131710,30.6
USC00131731,41.2764,-91.3581,179.8,IA,COLUMBUS JUNCTION,USC00131731,31.299999999999997
USC00131742,42.2244,-92.8856,312.4,IA,CONRAD,USC00131742,31.7
USC00131833,40.9883,-94.7589,362.7,IA,CORNING,USC00131833,27.8
USC00131954,43.3894,-92.0939,382.5,IA,CRESCO 1 NE,USC00131954,40.3
USC00132110,43.3042,-91.7953,262.1,IA,DECORAH,USC00132110,37.5
USC00132171,42.0364,-95.3289,427.0,IA,DENISON,USC00132171,34.5
USC00132209,41.7367,-93.7236,292.3,IA,DES MOINES WSFO-JOHNSTON,USC00132209,38.0
USC00132235,41.8108,-90.5406,208.8,IA,DE WITT,USC00132235,28.7
USC00132299,40.6458,-91.5639,214.9,IA,DONNELLSON,USC00132299,26.6
USC00132311,43.4706,-91.5108,231.0,IA,DORCHESTER,USC00132311,30.9
USC00132364,42.54,-90.6461,189.0,IA,DUBUQUE L&D 11,USC00132364,36.1
USC00132573,42.3653,-93.0972,327.1,IA,ELDORA,USC00132573,33.2
USC00132603,42.7753,-91.4536,240.2,IA,ELKADER 6 SSW,USC00132603,35.6
USC00132689,43.1025,-94.6833,373.4,IA,EMMETSBURG,USC00132689,37.1
USC00132789,41.0211,-91.9553,225.6,IA,FAIRFIELD,USC00132789,21.7
USC00132864,42.8825,-91.8303,349.0,IA,FAYETTE,USC00132864,41.1
USC00132999,42.5836,-94.2006,339.9,IA,FT DODGE 5NNW,USC00132999,39.0
USC00133007,40.6222,-91.3339,161.5,IA,FT MADISON,USC00133007,18.099999999999998
USC00133108,42.5028,-95.4183,426.7,IA,GALVA,USC00133108,36.4
USC00133120,42.0903,-92.6703,285.9,IA,GARWIN,USC00133120,28.0
USC00133239,41.8781,-92.7786,312.4,IA,GILMAN,USC00133239,27.7
USC00133290,41.0097,-95.7736,298.7,IA,GLENWOOD 3SW,USC00133290,23.7
USC00133438,41.2942,-94.4456,401.1,IA,GREENFIELD,USC00133438,25.5
USC00133473,41.72,-92.7489,275.8,IA,GRINNELL 3 SW,USC00133473,31.0
USC00133487,42.3647,-92.7594,300.2,IA,GRUNDY CTR,USC00133487,32.3
USC00133517,42.7858,-91.0958,188.4,IA,GUTTENBERG L&D 10,USC00133517,34.4
USC00133632,41.6453,-95.3339,387.1,IA,HARLAN,USC00133632,30.5
USC00133675,41.0772,-95.48,320.0,IA,HASTINGS 4NE,USC00133675,19.6
USC00133718,43.0031,-96.485,362.7,IA,HAWARDEN,USC00133718,30.6
USC00133909,42.4897,-95.5489,417.6,IA,HOLSTEIN,USC00133909,35.3
USC00133960,42.3036,-93.2897,337.7,IA,HUBBARD,USC00133960,39.1
USC00134049,42.5269,-91.8781,307.8,IA,INDEPENDENCE #1,USC00134049,33.9
USC00134063,41.3664,-93.6481,281.6,IA,INDIANOLA 2W,USC00134063,30.8
USC00134094,43.0336,-92.5017,310.6,IA,IONIA 2 W,USC00134094,35.7
USC00134101,41.6092,-91.505,195.1,IA,IOWA CITY,USC00134101,27.5
USC00134142,42.5189,-93.2536,321.6,IA,IOWA FALLS,USC00134142,27.7
USC00134228,42.0103,-94.3953,321.6,IA,JEFFERSON,USC00134228,31.7
USC00134244,42.3008,-93.6389,318.5,IA,JEWELL,USC00134244,32.2
USC00134308,42.9311,-93.7933,361.2,IA,KANAWHA,USC00134308,35.3
USC00134342,42.0728,-95.9956,332.2,IA,KENNEBEC,USC00134342,23.900000000000002
USC00134389,40.7356,-91.9697,191.7,IA,KEOSAUQUA,USC00134389,23.0
USC00134557,43.4178,-93.5347,384.0,IA,LAKE MILLS,USC00134557,38.099999999999994
USC00134561,43.4483,-95.3247,446.5,IA,LAKE PARK,USC00134561,41.0
USC00134585,40.6233,-93.9342,343.8,IA,LAMONI,USC00134585,26.7
USC00134735,42.7817,-96.1458,364.2,IA,LE MARS,USC00134735,30.9
USC00134758,40.7244,-93.6453,304.8,IA,LEON 6 ESE,USC00134758,28.5
USC00134874,41.8264,-96.0506,312.4,IA,LITTLE SIOUX 2 NW,USC00134874,45.6
USC00134894,41.6381,-95.7883,301.8,IA,LOGAN,USC00134894,28.7
USC00134926,41.1247,-94.0514,370.3,IA,LORIMOR,USC00134926,27.7
USC00134963,41.8606,-90.9222,224.9,IA,LOWDEN,USC00134963,39.8
USC00135086,42.4733,-91.4517,301.8,IA,MANCHESTER #2,USC00135086,34.7
USC00135123,42.1619,-95.7836,365.8,IA,MAPLETON NO.2,USC00135123,31.099999999999998
USC00135131,42.0772,-90.6647,203.6,IA,MAQUOKETA,USC00135131,30.3
USC00135198,42.0647,-92.9244,265.2,IA,MARSHALLTOWN,USC00135198,25.299999999999997
USC00135493,43.3828,-95.1842,427.3,IA,MILFORD 4 NW,USC00135493,38.0
USC00135650,41.5836,-92.5494,289.6,IA,MONTEZUMA 1 W,USC00135650,30.0
USC00135769,40.7053,-94.2428,347.5,IA,MT AYR,USC00135769,20.5
USC00135796,40.9486,-91.5647,222.5,IA,MT PLEASANT 1 SSW,USC00135796,24.799999999999997
USC00135837,41.4075,-91.0728,167.3,IA,MUSCATINE,USC00135837,23.5
USC00135844,41.4714,-91.0464,207.3,IA,MUSCATINE 2N,USC00135844,29.4
USC00135952,43.0453,-92.3122,349.9,IA,NEW HAMPTON,USC00135952,38.5
USC00135992,41.7117,-93.0297,292.6,IA,NEWTON,USC00135992,28.7
USC00136103,43.4386,-93.2253,362.7,IA,NORTHWOOD,USC00136103,40.2
USC00136151,41.3044,-95.3844,384.0,IA,OAKLAND,USC00136151,28.0
USC00136160,40.9269,-91.68,182.0,IA,OAKLAND MILLS 3 W,USC00136160,25.7
USC00136190,43.4144,-95.5314,381.0,IA,OCHEYEDAN,USC00136190,45.599999999999994
USC00136199,42.68,-91.875,355.1,IA,OELWEIN 1E,USC00136199,39.3
USC00136243,42.0697,-96.1258,323.1,IA,ONAWA 3NW,USC00136243,31.0
USC00136305,43.2794,-92.8106,356.6,IA,OSAGE,USC00136305,39.6
USC00136316,41.0194,-93.7503,313.3,IA,OSCEOLA,USC00136316,28.1
USC00136492,42.5772,-92.805,285.3,IA,PARKERSBURG,USC00136492,31.6
USC00136719,42.7292,-94.6614,369.4,IA,POCAHONTAS,USC00136719,38.8
USC00136755,42.5864,-93.4364,345.9,IA,POPEJOY 1S,USC00136755,30.0
USC00136766,43.09,-91.5581,355.1,IA,POSTVILLE,USC00136766,39.8
USC00136800,43.0864,-95.6292,463.3,IA,PRIMGHAR,USC00136800,34.8
USC00136891,40.8744,-95.5667,298.7,IA,RANDOLPH,USC00136891,24.0
USC00136940,41.0036,-95.2419,317.0,IA,RED OAK,USC00136940,27.4
USC00137147,43.43,-96.1686,411.5,IA,ROCK RAPIDS,USC00137147,34.9
USC00137152,43.2044,-96.3061,379.8,IA,ROCK VALLEY,USC00137152,34.3
USC00137161,42.3969,-94.6292,370.0,IA,ROCKWELL CITY,USC00137161,32.1
USC00137312,42.4194,-94.9761,368.8,IA,SAC CITY,USC00137312,30.9
USC00137326,43.3817,-92.9233,347.2,IA,ST ANSGAR,USC00137326,47.7
USC00137386,43.1792,-95.6603,472.7,IA,SANBORN,USC00137386,41.4
USC00137594,43.1803,-95.8533,432.8,IA,SHELDON,USC00137594,40.8
USC00137613,40.7719,-95.3567,304.5,IA,SHENANDOAH,USC00137613,26.4
USC00137664,43.4047,-95.7483,466.0,IA,SIBLEY,USC00137664,41.5
USC00137669,40.7361,-95.6431,347.5,IA,SIDNEY 1SSE,USC00137669,20.6
USC00137700,43.0558,-96.1525,414.5,IA,SIOUX CTR 2 SE,USC00137700,34.8
USC00137726,42.8931,-95.0653,432.8,IA,SIOUX RAPIDS 4 E,USC00137726,35.2
USC00137844,43.1653,-95.1467,404.2,IA,SPENCER 1 N,USC00137844,43.3
USC00137859,43.4231,-95.1394,432.8,IA,SPIRIT LAKE,USC00137859,41.5
USC00138009,42.6853,-91.5331,365.8,IA,STRAWBERRY PT,USC00138009,40.3
USC00138026,43.4542,-94.3069,359.7,IA,SWEA CITY 5N,USC00138026,39.7
USC00138062,41.8483,-91.6922,248.4,IA,SWISHER #2,USC00138062,29.2
USC00138296,42.0356,-92.5806,285.0,IA,TOLEDO 3N,USC00138296,32.8
USC00138410,41.3894,-95.6811,329.2,IA,UNDERWOOD,USC00138410,27.299999999999997
USC00138568,42.1703,-92.0078,259.1,IA,VINTON,USC00138568,33.6
USC00138632,41.8625,-91.8025,240.8,IA,WALFORD 2 SE,USC00138632,27.200000000000003
USC00138668,41.1806,-91.1897,176.8,IA,WAPELLO,USC00138668,35.5
USC00138688,41.2825,-91.7078,209.4,IA,WASHINGTON,USC00138688,25.2
USC00138806,42.4686,-93.7975,326.7,IA,WEBSTER CITY,USC00138806,32.9
USC00139062,42.4875,-93.5414,362.7,IA,WILLIAMS,USC00139062,26.1
USC00139067,41.665,-91.9978,237.7,IA,WILLIAMSBURG 1E,USC00139067,28.1
USC00139132,41.315,-94.0183,335.3,IA,WINTERSET 1S,USC00139132,30.700000000000003
USC00139750,42.1669,-93.3097,335.9,IA,ZEARING,USC00139750,30.6
USC00140010,38.9267,-97.2128,361.8,KS,ABILENE,USC00140010,12.2
USC00140119,38.39,-98.9503,582.2,KS,ALBERT 5SE,USC00140119,13.7
USC00140135,38.4694,-99.5519,630.9,KS,ALEXANDER,USC00140135,14.7
USC00140190,37.1944,-95.2875,277.4,KS,ALTAMONT,USC00140190,8.7
USC00140195,38.8664,-96.4892,443.2,KS,ALTA VISTA,USC00140195,16.6
USC00140201,39.4767,-98.9714,513.6,KS,ALTON 1 W,USC00140201,17.6
USC00140308,37.2617,-97.7689,379.5,KS,ARGONIA,USC00140308,10.6
USC00140313,37.0631,-97.04,340.8,KS,ARKANSAS CITY,USC00140313,6.2
USC00140326,37.8894,-98.1786,483.1,KS,ARLINGTON,USC00140326,9.7
USC00140365,37.1942,-99.7633,600.5,KS,ASHLAND,USC00140365,11.6
USC00140405,39.5756,-95.1108,288.0,KS,ATCHISON,USC00140405,17.0
USC00140439,39.7994,-101.0422,881.8,KS,ATWOOD,USC00140439,28.7
USC00140441,39.6981,-101.0039,903.4,KS,ATWOOD 8SSE,USC00140441,19.0
USC00140443,38.9089,-95.815,328.9,KS,AUBURN,USC00140443,12.3
USC00140447,37.6983,-96.9706,390.8,KS,AUGUSTA,USC00140447,8.5
USC00140471,39.8675,-96.2542,406.9,KS,AXTELL,USC00140471,14.100000000000001
USC00140532,39.19,-98.0417,401.7,KS,BARNARD,USC00140532,15.899999999999999
USC00140548,37.0486,-95.2142,274.6,KS,BARTLETT,USC00140548,10.9
USC00140637,37.6558,-96.5353,484.6,KS,BEAUMONT,USC00140637,10.3
USC00140676,37.8261,-99.6542,720.9,KS,BELLEFONT 3S,USC00140676,13.3
USC00140679,37.3931,-97.3497,375.5,KS,BELLE PLAINE 4 W,USC00140679,9.899999999999999
USC00140682,39.8186,-97.6378,466.3,KS,BELLEVILLE,USC00140682,15.3
USC00140693,39.4575,-98.1125,424.0,KS,BELOIT,USC00140693,15.6
USC00140836,39.6194,-101.5442,1036.3,KS,BIRD CITY 10S,USC00140836,24.3
USC00140865,38.5636,-99.235,621.8,KS,BISON 3NW,USC00140865,14.1
USC00140877,39.4989,-96.4025,460.6,KS,BLAINE,USC00140877,19.4
USC00140911,39.6769,-96.6631,356.3,KS,BLUE RAPIDS,USC00140911,13.3
USC00140926,37.0764,-97.87,375.2,KS,BLUFF CITY,USC00140926,7.9
USC00140957,39.0636,-94.8961,259.1,KS,BONNER SPRINGS,USC00140957,17.4
USC00141003,39.8911,-96.7117,380.7,KS,HERKIMER,USC00141003,17.4
USC00141029,39.3672,-101.4461,1048.5,KS,BREWSTER 4W,USC00141029,16.9
USC00141057,38.7711,-97.8564,417.6,KS,BROOKVILLE,USC00141057,15.5
USC00141104,37.5433,-99.6383,734.6,KS,BUCKLIN,USC00141104,18.1
USC00141141,38.1453,-99.5325,679.4,KS,BURDETT 3S,USC00141141,15.4
USC00141173,38.0781,-96.8878,449.6,KS,BURNS 1S,USC00141173,9.4
USC00141179,39.8775,-98.3036,503.2,KS,BURR OAK 1N,USC00141179,23.700000000000003
USC00141202,38.6453,-96.3506,384.0,KS,BUSHONG 5 W,USC00141202,9.5
USC00141233,37.0403,-97.61,354.2,KS,CALDWELL,USC00141233,9.9
USC00141239,37.315,-96.6625,381.6,KS,CAMBRIDGE,USC00141239,7.6
USC00141355,38.9328,-99.2261,609.6,KS,CATHARINE 1NW,USC00141355,12.8
USC00141371,39.5067,-98.4305,456.3,KS,CAWKER CITY,USC00141371,17.9
USC00141383,38.7978,-99.7231,650.7,KS,CEDAR BLUFF DAM,USC00141383,17.3
USC00141395,37.0347,-96.4631,268.2,KS,CEDAR VALE 5SSE,USC00141395,8.5
USC00141404,38.1936,-95.0725,289.6,KS,CENTERVILLE 4SW,USC00141404,13.5
USC00141408,39.7242,-96.1258,402.3,KS,CENTRALIA,USC00141408,33.4
USC00141428,37.6728,-95.3783,302.4,KS,CHANUTE 4E,USC00141428,9.700000000000001
USC00141435,38.9644,-97.0119,338.6,KS,CHAPMAN,USC00141435,7.4
USC00141452,38.3314,-98.3131,518.2,KS,CHASE 3 SE,USC00141452,12.3
USC00141467,37.7206,-97.7936,421.5,KS,CHENEY 5N,USC00141467,6.5
USC00141478,37.1908,-95.5586,237.7,KS,CHERRYVALE 5S,USC00141478,16.4
USC00141522,37.8133,-100.3456,823.9,KS,CIMARRON,USC00141522,17.3
USC00141536,38.5214,-98.5358,550.5,KS,CLAFLIN,USC00141536,15.3
USC00141559,39.3739,-97.1275,366.1,KS,CLAY CTR,USC00141559,10.8
USC00141593,39.5722,-97.2836,402.9,KS,CLIFTON,USC00141593,16.7
USC00141673,37.0614,-95.6356,224.6,KS,COFFEYVILLE WTR WKS,USC00141673,8.3
USC00141699,39.3925,-101.0689,966.2,KS,COLBY 1SW,USC00141699,27.2
USC00141704,37.2733,-99.3289,644.7,KS,COLDWATER,USC00141704,17.1
USC00141730,38.8972,-100.1136,733.7,KS,COLLYER 10 S,USC00141730,23.6
USC00141740,37.1767,-94.8428,272.2,KS,COLUMBUS,USC00141740,7.199999999999999
USC00141761,39.5592,-97.6697,451.4,KS,CONCORDIA 1 W,USC00141761,18.1
USC00141795,37.3569,-97.6944,418.8,KS,CONWAY SPRINGS 4SW,USC00141795,7.9
USC00141858,38.3703,-96.5483,375.5,KS,COTTONWOOD FALLS,USC00141858,10.6
USC00141867,38.6758,-96.5097,400.8,KS,COUNCIL GROVE LAKE,USC00141867,12.0
USC00141875,39.2425,-98.8678,577.9,KS,COVERT,USC00141875,23.5
USC00141999,39.3214,-99.5886,640.1,KS,DAMAR,USC00141999,17.7
USC00142086,39.6689,-99.7319,655.0,KS,DENSMORE 2N,USC00142086,14.9
USC00142135,38.5658,-96.8478,445.9,KS,BURDICK (DIAMOND SPRINGS),USC00142135,15.5
USC00142213,39.6253,-100.4233,831.8,KS,DRESDEN,USC00142213,26.799999999999997
USC00142267,38.5967,-96.3806,367.9,KS,DUNLAP 2 N,USC00142267,10.1
USC00142276,38.4831,-97.225,420.6,KS,DURHAM,USC00142276,12.7
USC00142388,39.53,-95.3967,350.5,KS,EFFINGHAM,USC00142388,16.3
USC00142396,38.0617,-97.1164,433.1,KS,ELBING 1NE,USC00142396,10.5
USC00142401,37.8183,-96.8444,393.2,KS,EL DORADO,USC00142401,4.5
USC00142409,37.0072,-96.2722,243.8,KS,ELGIN,USC00142409,7.2
USC00142432,37.0058,-101.8867,1097.0,KS,ELKHART,USC00142432,17.6
USC00142452,38.9486,-99.5647,657.5,KS,ELLIS,USC00142452,15.0
USC00142459,38.7297,-98.225,477.9,KS,ELLSWORTH,USC00142459,16.2
USC00142470,38.4128,-96.7669,396.2,KS,ELMDALE 8 WNW,USC00142470,7.3
USC00142478,38.6833,-97.2333,399.3,KS,ELMO 1 SW,USC00142478,14.7
USC00142519,39.3069,-96.0567,313.9,KS,EMMETT,USC00142519,9.6
USC00142574,38.9008,-97.1097,353.6,KS,ENTERPRISE,USC00142574,14.5
USC00142582,37.5667,-95.2458,273.4,KS,ERIE,USC00142582,9.4
USC00142602,38.8592,-96.1058,430.1,KS,ESKRIDGE,USC00142602,18.2
USC00142622,37.8253,-96.2644,335.3,KS,EUREKA 1E,USC00142622,8.6
USC00142652,39.5539,-97.0631,413.3,KS,FACT 3W,USC00142652,9.4
USC00142835,37.8172,-94.6986,269.4,KS,FT SCOTT,USC00142835,8.399999999999999
USC00142848,39.525,-96.5572,372.2,KS,FOSTORIA 7 NW,USC00142848,17.7
USC00142894,37.5339,-95.8269,272.2,KS,FREDONIA,USC00142894,6.5
USC00142938,38.6367,-98.8722,597.4,KS,GALATIA 4E,USC00142938,13.2
USC00142945,37.4856,-95.3519,301.4,KS,GALESBURG 1NNE,USC00142945,10.1
USC00142980,37.9931,-100.8122,880.9,KS,GARDEN CITY EXP STN,USC00142980,15.6
USC00143008,38.28,-95.2178,304.2,KS,GARNETT 1 E,USC00143008,12.8
USC00143037,38.5375,-98.1611,533.4,KS,GENESEO,USC00143037,15.2
USC00143074,37.5081,-94.8394,301.8,KS,GIRARD,USC00143074,6.2
USC00143134,38.2656,-97.3883,469.1,KS,GOESSEL 2 NW,USC00143134,12.5
USC00143138,39.6539,-95.9808,425.5,KS,GOFF 3 WSW,USC00143138,12.2
USC00143175,38.9511,-100.5475,814.1,KS,GOVE 4W,USC00143175,20.3
USC00143185,39.1117,-100.4622,855.6,KS,GRAINFIELD,USC00143185,20.4
USC00143218,38.3614,-98.8281,570.6,KS,GREAT BEND 3W,USC00143218,11.5
USC00143239,37.6025,-99.3022,683.7,KS,GREENSBURG,USC00143239,16.3
USC00143248,37.3594,-96.4497,353.3,KS,GRENOLA 1 N,USC00143248,8.9
USC00143257,38.1014,-95.8839,356.3,KS,GRIDLEY,USC00143257,5.699999999999999
USC00143323,39.8789,-97.3133,449.0,KS,HADDAM,USC00143323,18.7
USC00143331,37.2225,-96.0547,307.8,KS,HALE,USC00143331,9.5
USC00143523,38.8669,-99.3169,606.6,KS,HAYS,USC00143523,12.9
USC00143527,38.8586,-99.3358,612.6,KS,HAYS 1 S,USC00143527,15.8
USC00143545,37.5194,-97.3142,378.0,KS,HAYSVILLE 3SE,USC00143545,8.1
USC00143554,38.6003,-100.6197,868.7,KS,HEALY,USC00143554,22.4
USC00143594,38.6656,-96.9494,407.8,KS,HERINGTON,USC00143594,13.100000000000001
USC00143620,38.1428,-97.42,449.9,KS,HESSTON,USC00143620,11.8
USC00143634,39.8356,-95.5319,323.4,KS,HIAWATHA 1 S,USC00143634,16.9
USC00143665,39.3619,-99.8278,649.8,KS,HILL CITY 1E,USC00143665,17.4
USC00143667,38.3569,-97.2025,435.9,KS,HILLSBORO,USC00143667,12.4
USC00143810,39.6678,-95.52,314.6,KS,HORTON,USC00143810,10.7
USC00143822,37.4664,-96.2714,307.8,KS,HOWARD,USC00143822,6.4
USC00143837,39.3569,-100.4417,826.9,KS,HOXIE,USC00143837,23.7
USC00143847,38.1042,-98.6592,569.1,KS,HUDSON,USC00143847,18.1
USC00143855,37.1639,-101.34,947.9,KS,HUGOTON,USC00143855,12.9
USC00143867,37.8117,-95.4456,286.5,KS,HUMBOLDT,USC00143867,9.3
USC00143897,39.2333,-98.3933,495.3,KS,HUNTER,USC00143897,16.6
USC00143929,38.09,-97.9125,469.4,KS,HUTCHINSON,USC00143929,6.9
USC00143930,37.9311,-98.0297,472.1,KS,HUTCHINSON 10 SW,USC00143930,9.4
USC00143954,37.2364,-95.7003,245.4,KS,INDEPENDENCE,USC00143954,7.4
USC00143974,38.1869,-97.8417,459.0,KS,INMAN 5SW,USC00143974,11.8
USC00143984,37.9233,-95.4242,290.8,KS,IOLA 1 W,USC00143984,7.4
USC00143997,39.6611,-98.3483,468.5,KS,IONIA,USC00143997,16.5
USC00144087,38.1964,-99.9175,740.7,KS,JETMORE 8NNW,USC00144087,21.2
USC00144089,39.6731,-98.1556,474.3,KS,JEWELL,USC00144089,24.3
USC00144114,37.5669,-101.7506,1015.0,KS,JOHNSON,USC00144114,21.9
USC00144161,38.0586,-100.2986,813.8,KS,KALVESTA 1 W,USC00144161,19.5
USC00144166,38.1272,-100.5078,806.2,KS,KALVESTA 13NW,USC00144166,18.3
USC00144178,38.6078,-97.9597,454.8,KS,KANOPOLIS LAKE,USC00144178,11.6
USC00144313,37.6453,-98.125,471.5,KS,KINGMAN,USC00144313,8.9
USC00144333,37.9283,-99.3656,658.1,KS,KINSLEY 2E,USC00144333,15.1
USC00144464,37.9411,-101.2492,913.8,KS,LAKIN,USC00144464,19.4
USC00144559,38.9583,-95.2514,320.0,KS,LAWRENCE,USC00144559,10.4
USC00144588,39.3256,-94.9189,265.2,KS,LEAVENWORTH,USC00144588,18.799999999999997
USC00144598,39.8083,-98.5583,559.9,KS,LEBANON,USC00144598,22.6
USC00144608,38.4161,-95.8511,358.1,KS,LEBO,USC00144608,12.5
USC00144613,39.0464,-95.3919,267.9,KS,LECOMPTON,USC00144613,14.100000000000001
USC00144642,39.6064,-100.0014,698.6,KS,LENORA COOP,USC00144642,18.7
USC00144665,38.49,-101.3669,1008.6,KS,LEOTI,USC00144665,23.799999999999997
USC00144675,38.08,-95.6397,304.2,KS,LE ROY,USC00144675,8.1
USC00144695,37.0308,-100.9069,863.8,KS,LIBERAL,USC00144695,14.399999999999999
USC00144708,39.5942,-96.3331,409.0,KS,LILLIS,USC00144708,16.9
USC00144712,39.0294,-98.13,427.0,KS,LINCOLN 1 SE,USC00144712,15.3
USC00144729,38.4925,-96.9603,433.1,KS,LINCOLNVILLE,USC00144729,12.1
USC00144735,38.5867,-97.6083,402.0,KS,LINDSBORG 3E,USC00144735,14.2
USC00144775,39.6658,-99.5772,616.0,KS,LOGAN,USC00144775,17.1
USC00144802,39.1508,-97.335,396.8,KS,LONGFORD,USC00144802,12.6
USC00144807,39.9694,-99.5339,643.1,KS,LONG IS 1N,USC00144807,24.7
USC00144812,37.3833,-96.0814,278.9,KS,LONGTON,USC00144812,9.8
USC00144821,38.6544,-99.2036,612.3,KS,LORETTA 1W,USC00144821,17.9
USC00144893,39.0856,-98.6411,475.5,KS,LURAY 3 SE,USC00144893,13.8
USC00144937,38.1358,-96.14,348.7,KS,MADISON,USC00144937,10.9
USC00144972,39.1972,-96.5814,323.1,KS,MANHATTAN,USC00144972,17.6
USC00144982,39.7889,-98.2039,533.4,KS,MANKATO,USC00144982,25.0
USC00145063,39.8383,-96.6364,359.1,KS,MARYSVILLE,USC00145063,15.8
USC00145069,38.16,-96.56,399.3,KS,MATFIELD GREEN,USC00145069,11.0
USC00145115,38.5872,-99.5731,655.3,KS,MCCRACKEN,USC00145115,15.399999999999999
USC00145127,39.7844,-101.3686,1025.3,KS,MC DONALD,USC00145127,33.6
USC00145132,39.0542,-96.2367,309.4,KS,MC FARLAND,USC00145132,16.5
USC00145152,38.3772,-97.6097,463.3,KS,MCPHERSON,USC00145152,14.2
USC00145171,37.285,-100.345,763.2,KS,MEADE,USC00145171,16.9
USC00145321,38.5817,-96.0189,337.7,KS,MILLER 4 SSW,USC00145321,16.3
USC00145335,39.3506,-97.4547,430.4,KS,MILTONVALE,USC00145335,15.7
USC00145355,39.2767,-100.8397,920.8,KS,MINGO 6E,USC00145355,19.7
USC00145363,39.1247,-97.7047,398.1,KS,MINNEAPOLIS,USC00145363,17.6
USC00145421,37.5922,-100.4389,844.3,KS,MONTEZUMA,USC00145421,15.8
USC00145463,37.9131,-95.1742,336.8,KS,MORAN,USC00145463,9.2
USC00145483,39.3769,-100.0719,729.7,KS,MORLAND 2N,USC00145483,19.1
USC00145536,37.1872,-95.4508,243.8,KS,MOUND VALLEY 3 WSW,USC00145536,7.8999999999999995
USC00145539,37.8658,-97.6647,438.9,KS,MT HOPE,USC00145539,12.4
USC00145628,39.185,-99.025,557.8,KS,NATOMA,USC00145628,20.2
USC00145692,38.4539,-99.8947,691.6,KS,NESS CITY,USC00145692,15.4
USC00145744,38.0231,-97.3553,439.2,KS,NEWTON,USC00145744,8.8
USC00145787,39.8133,-100.2417,792.8,KS,NORCATUR 3WSW,USC00145787,16.9
USC00145852,39.8114,-99.9386,715.1,KS,NORTON DAM,USC00145852,19.6
USC00145856,39.7408,-99.8361,735.5,KS,NORTON 9SSE,USC00145856,21.8
USC00145870,37.4553,-97.8483,457.5,KS,NORWICH,USC00145870,6.6
USC00145888,39.1131,-100.9447,945.5,KS,OAKLEY 4W,USC00145888,25.7
USC00145906,39.8228,-100.5164,788.2,KS,OBERLIN,USC00145906,25.2
USC00145920,37.8244,-99.5506,685.2,KS,OFFERLE 5 S,USC00145920,18.6
USC00145972,38.8875,-94.7603,321.6,KS,OLATHE 3E,USC00145972,13.799999999999999
USC00146014,39.4931,-96.1758,341.1,KS,ONAGA,USC00146014,14.9
USC00146076,38.6361,-95.8031,333.5,KS,OSAGE CITY,USC00146076,10.4
USC00146084,38.5019,-94.9597,262.1,KS,OSAWATOMIE,USC00146084,8.399999999999999
USC00146100,39.2419,-95.2725,338.0,KS,OSKALOOSA 4 NE,USC00146100,16.4
USC00146115,37.175,-95.1039,254.5,KS,OSWEGO 1 N,USC00146115,4.1
USC00146128,38.6133,-95.2808,275.8,KS,OTTAWA,USC00146128,9.2
USC00146154,38.7172,-95.5192,346.3,KS,OVERBROOK 5 SE,USC00146154,9.9
USC00146169,37.2736,-97.1694,359.7,KS,OXFORD,USC00146169,3.6
USC00146192,39.2542,-99.5625,694.9,KS,PALCO,USC00146192,20.3
USC00146217,39.5533,-96.8753,398.7,KS,PARALLEL,USC00146217,16.3
USC00146242,37.3678,-95.2881,277.4,KS,PARSONS 2 NW,USC00146242,7.1
USC00146305,37.4347,-97.3922,374.0,KS,PECK 2 S,USC00146305,10.8
USC00146333,39.1175,-95.41,291.7,KS,PERRY LAKE,USC00146333,12.4
USC00146378,39.7533,-99.3106,575.5,KS,PHILLIPSBURG #2,USC00146378,17.0
USC00146414,37.3903,-94.7025,276.8,KS,PITTSBURG,USC00146414,9.5
USC00146435,39.245,-99.3808,668.7,KS,PLAINVILLE 4WNW,USC00146435,19.7
USC00146524,37.9411,-97.0222,411.5,KS,POTWIN,USC00146524,9.100000000000001
USC00146549,37.6731,-98.7761,591.9,KS,PRATT 3NW,USC00146549,15.1
USC00146573,37.7925,-98.0278,481.6,KS,PRETTY PRAIRIE 1 N,USC00146573,10.9
USC00146637,39.0667,-100.2389,814.4,KS,QUINTER,USC00146637,20.2
USC00146679,39.4564,-96.8336,356.6,KS,RANDOLPH 4 WNW,USC00146679,13.7
USC00146685,38.6533,-99.9003,759.0,KS,RANSOM 2NE,USC00146685,19.4
USC00146787,39.4675,-100.7433,900.4,KS,REXFORD,USC00146787,17.4
USC00146808,37.2633,-101.7886,1038.8,KS,RICHFIELD,USC00146808,18.4
USC00146813,37.2294,-101.9511,1079.3,KS,RICHFIELD 10 WSW,USC00146813,18.5
USC00146907,37.42,-97.0497,368.8,KS,ROCK 3 SW,USC00146907,7.8
USC00146979,37.8236,-96.6383,449.9,KS,ROSALIA 1NW,USC00146979,13.1
USC00147007,39.1333,-95.9486,283.2,KS,ROSSVILLE,USC00147007,12.3
USC00147050,38.9617,-101.1664,933.9,KS,RUSSELL SPRINGS 3N,USC00147050,22.3
USC00147093,39.7675,-101.8067,1016.8,KS,SAINT FRANCIS,USC00147093,19.8
USC00147095,39.8306,-101.9189,1104.0,KS,ST FRANCIS 8NW,USC00147095,27.3
USC00147140,39.2022,-100.0256,762.0,KS,SAINT PETER 4ENE,USC00147140,22.0
USC00147248,39.7989,-97.7736,460.6,KS,SCANDIA,USC00147248,15.6
USC00147271,38.4747,-100.9175,906.5,KS,SCOTT CITY,USC00147271,19.6
USC00147305,37.1322,-96.18,274.9,KS,SEDAN,USC00147305,9.3
USC00147397,38.8961,-101.7514,1051.6,KS,SHARON SPRINGS,USC00147397,21.0
USC00147534,37.5339,-96.8814,405.4,KS,SMILEYBERG 1N,USC00147534,10.6
USC00147542,39.7772,-98.7783,554.7,KS,SMITH CTR,USC00147542,18.3
USC00147796,38.2144,-98.2078,498.7,KS,STERLING,USC00147796,9.3
USC00147904,39.4706,-100.2186,790.3,KS,STUDLEY 9NNW,USC00147904,4.2
USC00147922,37.4414,-100.9792,898.9,KS,SUBLETTE 7WSW,USC00147922,15.0
USC00147965,37.3758,-98.9206,510.8,KS,SUN CITY,USC00147965,15.6
USC00147968,37.2817,-98.925,598.3,KS,SUN CITY 6S,USC00147968,10.0
USC00148026,39.0297,-98.3786,459.3,KS,SYLVAN GROVE 1NE,USC00148026,12.9
USC00148038,37.9928,-101.7417,1008.3,KS,SYRACUSE 1NE,USC00148038,16.9
USC00148061,38.4331,-96.5578,381.0,KS,TALLGRASS PRAIRIE NP,USC00148061,11.7
USC00148086,39.0175,-97.8814,399.3,KS,TESCOTT,USC00148086,13.2
USC00148114,37.9725,-96.3017,411.8,KS,THRALL 3SSE,USC00148114,3.6999999999999997
USC00148156,39.0314,-95.0522,253.0,KS,TONGANOXIE 5SE,USC00148156,12.2
USC00148235,38.4661,-101.7731,1107.6,KS,TRIBUNE 1W,USC00148235,21.7
USC00148245,37.8236,-99.0781,634.0,KS,TROUSDALE 1 NE,USC00148245,14.8
USC00148250,39.8283,-95.0881,317.0,KS,TROY 3N,USC00148250,21.1
USC00148287,37.5983,-101.2908,943.1,KS,ULYSSES 3NE,USC00148287,17.8
USC00148323,38.6442,-100.1686,800.1,KS,UTICA,USC00148323,17.9
USC00148341,39.3033,-95.4861,320.3,KS,VALLEY FALLS 3 SW,USC00148341,13.5
USC00148436,37.9831,-96.0086,311.5,KS,VIRGIL,USC00148436,6.800000000000001
USC00148495,39.0147,-99.8722,745.2,KS,WAKEENEY,USC00148495,20.3
USC00148498,39.23,-99.88,722.4,KS,WAKEENEY 16N,USC00148498,18.6
USC00148503,39.2303,-97.0894,380.4,KS,WAKEFIELD 4 W,USC00148503,10.0
USC00148535,38.9111,-101.5853,1009.2,KS,WALLACE,USC00148535,23.200000000000003
USC00148549,37.5439,-95.0475,283.5,KS,WALNUT 4S,USC00148549,10.4
USC00148563,39.2142,-96.37,355.4,KS,WAMEGO 4 W,USC00148563,16.9
USC00148578,39.8089,-97.055,397.8,KS,WASHINGTON,USC00148578,14.399999999999999
USC00148670,37.2678,-97.4194,373.1,KS,WELLINGTON,USC00148670,9.2
USC00148802,38.7975,-96.7286,446.2,KS,WHITE CITY,USC00148802,16.3
USC00148911,37.5047,-98.3117,506.0,KS,WILLOWDALE 1 SW,USC00148911,16.3
USC00148914,37.1317,-99.0556,508.1,KS,WILMORE 16SE,USC00148914,12.3
USC00148946,38.9667,-98.4889,460.9,KS,WILSON LAKE,USC00148946,9.6
USC00148950,38.2936,-97.9114,472.4,KS,WINDOM 7S,USC00148950,11.2
USC00148964,37.2886,-96.9408,375.8,KS,WINFIELD 3NE,USC00148964,9.0
USC00148988,39.0589,-101.2439,1012.9,KS,WINONA,USC00148988,17.4
USC00149020,38.1114,-96.7311,452.9,KS,WONSEVU,USC00149020,9.7
USC00149080,37.8833,-95.7278,338.9,KS,YATES CTR,USC00149080,9.0
USC00149202,37.4336,-98.2825,492.9,KS,ZENDA,USC00149202,11.3
USC00150012,37.2317,-86.6867,149.4,KY,ABERDEEN,USC00150012,7.300000000000001
USC00150063,36.6897,-85.1411,283.5,KY,ALBANY,USC00150063,3.8000000000000003
USC00150397,37.8194,-85.3847,237.7,KY,BARDSTOWN 5E,USC00150397,11.9
USC00150422,36.8978,-86.1247,187.5,KY,BARREN RVR LAKE,USC00150422,5.6
USC00150483,37.6336,-83.7161,329.2,KY,BEATTYVILLE 4N,USC00150483,16.1
USC00150700,36.7833,-83.5167,347.5,KY,BLACKMONT,USC00150700,10.1
USC00150875,37.7436,-85.7483,259.1,KY,BOSTON 6 SW,USC00150875,2.7
USC00150904,36.9986,-86.4275,144.8,KY,BOWLING GREEN,USC00150904,8.0
USC00150940,37.495,-85.1517,201.2,KY,BRADFORDSVILLE,USC00150940,14.5
USC00151210,36.86,-87.8381,134.1,KY,CADIZ,USC00151210,3.9
USC00151227,37.5319,-87.2669,122.5,KY,CALHOUN LOCK 2,USC00151227,4.3
USC00151576,37.8617,-83.9228,192.0,KY,CLAY CITY 1 WNW,USC00151576,6.199999999999999
USC00151640,36.8833,-83.0167,548.6,KY,CLOSPLINT 4 ESE,USC00151640,34.6
USC00151890,37.4903,-84.4375,312.4,KY,CRAB ORCHARD 6 N,USC00151890,7.4
USC00151927,37.0856,-87.4986,163.1,KY,CROFTON 3N,USC00151927,9.3
USC00152512,37.6797,-85.8761,210.3,KY,ELIZABETHTOWN WP CS,USC00152512,4.5
USC00152791,38.1228,-83.5328,256.0,KY,CAVE RUN LAKE,USC00152791,12.3
USC00152812,37.3922,-82.2583,259.1,KY,FEDSCREEK 1 SE,USC00152812,7.699999999999999
USC00152825,37.4333,-82.4167,218.8,KY,FISHTRAP LAKE,USC00152825,1.4000000000000001
USC00152903,38.4503,-83.7355,286.5,KY,FLEMINGSBURG 2 N,USC00152903,8.8
USC00153036,36.6878,-86.5061,207.3,KY,FRANKLIN,USC00153036,4.3
USC00153246,37.0014,-85.9072,234.7,KY,GLASGOW,USC00153246,5.7
USC00153252,37.6011,-85.9067,216.4,KY,GLENDALE,USC00153252,0.1
USC00153389,38.3353,-82.9075,176.8,KY,GRAYSON 2 E,USC00153389,18.1
USC00153398,38.2514,-82.9886,217.9,KY,GRAYSON LAKE,USC00153398,3.4000000000000004
USC00153714,37.2472,-83.1817,268.2,KY,HAZARD WTR WKS,USC00153714,8.8
USC00153741,37.55,-83.7667,202.7,KY,HEIDELBERG,USC00153741,18.2
USC00153762,37.7558,-87.6456,136.9,KY,HENDERSON 8 SSW,USC00153762,12.4
USC00153768,37.7922,-87.5708,128.0,KY,HENDERSON STATE POLICE,USC00153768,0.6
USC00153994,36.8492,-87.5206,158.5,KY,HOPKINSVILLE,USC00153994,5.2
USC00154180,37.5753,-82.6628,204.2,KY,IVEL,USC00154180,3.6
USC00154208,37.0056,-85.0617,271.3,KY,JAMESTOWN WWTP,USC00154208,4.9
USC00154369,37.9397,-84.6597,265.2,KY,KEENE 1 WSW,USC00154369,10.2
USC00154703,37.5108,-86.2892,189.0,KY,LEITCHFIELD 2 N,USC00154703,9.4
USC00154732,37.8933,-86.9061,120.4,KY,LEWISPORT 4 S,USC00154732,11.3
USC00154755,37.2508,-84.9328,265.2,KY,LIBERTY,USC00154755,13.9
USC00154848,38.6481,-82.8611,160.9,KY,GREENUP LOCKS & DAM,USC00154848,6.6
USC00154905,37.1358,-84.1039,370.3,KY,LONDON STATE POLICE,USC00154905,5.7
USC00154955,38.2778,-85.7917,134.1,KY,LOUISVILLE MCALPINE,USC00154955,4.3
USC00154958,38.115,-85.6444,192.6,KY,LOUISVILLE WFO,USC00154958,15.1
USC00155097,37.1317,-86.1481,231.6,KY,MAMMOTH CAVE,USC00155097,4.0
USC00155235,36.8583,-88.6686,137.2,KY,MAYFIELD STATE POLICE,USC00155235,1.4
USC00155524,36.8667,-84.8275,298.4,KY,MONTICELLO 3 NE,USC00155524,14.2
USC00155559,38.1864,-83.4669,231.6,KY,MOREHEAD STATE POLICE,USC00155559,6.5
USC00155640,38.0583,-83.9333,292.6,KY,MT STERLING,USC00155640,8.8
USC00155648,37.3542,-84.3369,353.6,KY,MT VERNON,USC00155648,10.9
USC00155694,36.6122,-88.3083,160.6,KY,MURRAY,USC00155694,6.5
USC00155834,37.2814,-86.2497,189.9,KY,NOLIN RVR LAKE,USC00155834,4.7
USC00156012,38.3422,-83.1039,270.7,KY,OLIVE HILL 5NE,USC00156012,17.5
USC00156028,37.2669,-83.65,231.6,KY,ONEIDA,USC00156028,8.6
USC00156094,37.7908,-87.0664,121.9,KY,OWENSBORO 3E,USC00156094,5.699999999999999
USC00156360,37.5333,-82.5833,204.2,KY,PIKEVILLE KSP POST 9,USC00156360,1.4
USC00156580,37.1244,-87.8672,151.5,KY,PRINCETON 1 SE,USC00156580,8.5
USC00156810,37.7347,-84.2994,303.3,KY,RICHMOND STATE POLICE,USC00156810,1.3
USC00156882,37.2167,-86.8936,118.9,KY,ROCHESTER FERRY,USC00156882,4.4
USC00156988,37.6178,-86.5044,170.7,KY,ROUGH RVR LAKE,USC00156988,4.4
USC00157215,36.7461,-86.2258,226.5,KY,SCOTTSVILLE,USC00157215,7.6
USC00157234,37.6031,-87.5222,146.3,KY,SEBREE 1 E,USC00157234,9.8
USC00157334,38.0544,-85.6242,187.5,KY,SHEPHERDSVILLE 5NE,USC00157334,3.5
USC00157431,37.0875,-82.9925,330.1,KY,SKYLINE 1 SE,USC00157431,16.7
USC00157508,37.1167,-84.6,291.1,KY,SOMERSET 2 NE,USC00157508,10.9
USC00157510,37.1167,-84.6167,310.9,KY,SOMERSET 2 N,USC00157510,5.4
USC00157604,37.7053,-85.2639,225.6,KY,SPRINGFIELD 2W,USC00157604,3.3
USC00157652,37.8603,-83.8969,219.5,KY,STANTON 2W,USC00157652,11.6
USC00157800,36.8861,-85.7067,263.3,KY,SUMMER SHADE,USC00157800,7.2
USC00158070,36.8136,-85.7081,257.6,KY,TOMPKINSVILLE 9NW,USC00158070,5.7
USC00158432,38.4947,-83.0183,277.4,KY,WARNOCK 2,USC00158432,20.8
USC00158446,38.7744,-84.9667,137.5,KY,WARSAW MARKLAND DAM,USC00158446,6.5
USC00158551,37.9414,-83.3017,237.7,KY,W LIBERTY 3NW,USC00158551,12.3
USC00158709,36.7333,-84.15,286.5,KY,WILLIAMSBURG,USC00158709,11.2
USC00158714,38.6408,-84.5592,295.4,KY,WILLIAMSTOWN,USC00158714,16.0
USC00160098,31.3206,-92.4611,26.5,LA,ALEXANDRIA,USC00160098,0.39999999999999997
USC00160103,31.2489,-92.4489,25.9,LA,ALEXANDRIA 5 SSE,USC00160103,0.1
USC00160205,30.7094,-90.525,51.8,LA,AMITE,USC00160205,0.1
USC00160277,32.5511,-92.9186,121.9,LA,ARCADIA,USC00160277,0.7
USC00160349,32.1292,-93.1164,73.2,LA,ASHLAND,USC00160349,0.5
USC00160558,30.4494,-91.0478,16.8,LA,BATON ROUGE SHERWOOD,USC00160558,0.2
USC00160800,32.3744,-92.9433,93.6,LA,BIENVILLE 3 NE,USC00160800,0.5
USC00160945,30.7808,-89.8567,30.5,LA,BOGALUSA,USC00160945,0.2
USC00161235,31.3025,-92.73,39.6,LA,BOYCE 7 SW,USC00161235,0.1
USC00161411,32.5133,-92.3486,36.6,LA,CALHOUN RSCH STN,USC00161411,0.1
USC00161941,31.5183,-92.7142,33.5,LA,COLFAX,USC00161941,0.6
USC00161979,32.1672,-92.1078,25.0,LA,COLUMBIA LOCK,USC00161979,0.30000000000000004
USC00162121,32.8869,-93.4569,78.6,LA,COTTON VALLEY 5 NNW,USC00162121,0.7
USC00162151,30.5272,-90.1114,12.2,LA,COVINGTON 4 NNW,USC00162151,0.1
USC00162350,30.4803,-90.9614,10.7,LA,DENHAM SPRINGS,USC00162350,0.1
USC00162534,30.0719,-91.0278,9.1,LA,DONALDSONVILLE 4 SW,USC00162534,0.1
USC00162812,31.1042,-92.705,70.1,LA,ELMER 2 SW,USC00162812,0.2
USC00163079,32.775,-92.4075,54.9,LA,FARMERVILLE,USC00163079,1.2
USC00163331,30.7842,-90.2022,73.2,LA,FRANKLINTON 5 SW,USC00163331,0.1
USC00163741,31.4358,-92.8828,93.6,LA,GORUM FIRE TWR,USC00163741,0.1
USC00163804,31.8078,-93.0867,45.7,LA,GRAND ECORE,USC00163804,0.6
USC00163877,32.4175,-94.0003,106.7,LA,GREENWOOD FIRE TWR,USC00163877,0.4
USC00164050,31.9272,-93.3103,38.7,LA,HANNA 4 SSE,USC00164050,0.6
USC00164288,31.3747,-93.3911,128.0,LA,HODGES GARDENS,USC00164288,0.1
USC00164355,32.81,-93.0625,65.5,LA,HOMER 1N,USC00164355,0.7
USC00164398,32.8867,-93.8733,75.0,LA,HOSSTON,USC00164398,0.5
USC00164592,32.3483,-93.2014,57.9,LA,JAMESTOWN,USC00164592,0.5
USC00164696,31.6783,-92.1289,43.6,LA,JENA,USC00164696,0.5
USC00164700,30.2003,-92.6642,7.6,LA,JENNINGS,USC00164700,0.1
USC00164732,32.255,-92.6544,100.6,LA,JONESBORO 4 ENE,USC00164732,0.2
USC00164739,31.4825,-91.8628,21.3,LA,JONESVILLE LOCKS,USC00164739,0.1
USC00164816,32.355,-93.8619,61.0,LA,KEITHVILLE,USC00164816,0.5
USC00164931,32.4169,-93.4428,53.3,LA,KORAN,USC00164931,0.1
USC00165065,30.0206,-92.7681,3.4,LA,LAKE ARTHUR 7 SW,USC00165065,0.1
USC00165090,32.8067,-91.173,30.5,LA,LAKE PROVIDENCE,USC00165090,0.5
USC00165287,31.0517,-93.2789,79.2,LA,LEESVILLE 6 SSW,USC00165287,0.1
USC00165296,29.7856,-92.2047,12.2,LA,LELAND BOWMAN LOCK,USC00165296,0.1
USC00165522,31.9672,-94.0003,57.9,LA,LOGANSPORT,USC00165522,0.30000000000000004
USC00165874,32.0711,-93.7589,98.1,LA,MANSFIELD 4 NW,USC00165874,0.30000000000000004
USC00165892,31.5769,-93.4817,77.7,LA,MANY,USC00165892,0.2
USC00166244,32.6053,-93.2947,56.4,LA,MINDEN,USC00166244,0.39999999999999997
USC00166314,32.4936,-92.0319,21.3,LA,MONROE DELTA CC,USC00166314,0.6
USC00166364,32.7053,-93.9603,61.0,LA,MOORINGSPORT 1 N,USC00166364,0.1
USC00166466,30.9503,-90.3061,97.5,LA,MT HERMON 2W,USC00166466,0.1
USC00166584,31.8142,-93.0856,43.0,LA,NATCHITOCHES #2,USC00166584,0.4
USC00166686,30.7267,-91.3672,13.7,LA,NEW ROADS 5 NE,USC00166686,0.1
USC00166866,32.8642,-91.38,39.3,LA,OAK GROVE,USC00166866,0.5
USC00166868,32.6228,-91.7764,25.0,LA,OAK RIDGE,USC00166868,0.1
USC00166938,30.6036,-92.7739,19.8,LA,OBERLIN FIRE TWR,USC00166938,0.1
USC00166978,31.8922,-92.2422,47.2,LA,OLLA,USC00166978,0.2
USC00167344,32.8919,-93.6944,76.5,LA,PLAIN DEALING,USC00167344,0.6
USC00167691,32.4936,-91.7486,27.1,LA,RAYVILLE,USC00167691,0.7
USC00167738,32.4219,-93.6381,47.2,LA,RED RIVER RSCH STN,USC00167738,0.2
USC00167924,32.3556,-93.6425,48.8,LA,ROBSON,USC00167924,0.3
USC00168067,32.51,-92.6503,89.9,LA,RUSTON LA TECH,USC00168067,0.4
USC00168094,32.3625,-93.14,84.4,LA,SAILES FIRE TWR,USC00168094,0.1
USC00168436,32.5158,-93.7447,54.9,LA,SHREVEPORT DWTN,USC00168436,0.1
USC00168444,32.3919,-93.7803,61.0,LA,SHREVEPORT STHRN HILLS,USC00168444,0.8999999999999999
USC00168448,32.4514,-93.8417,83.5,LA,SHREVEPORT WFO,USC00168448,1.4000000000000001
USC00168539,30.265,-89.7697,3.0,LA,SLIDELL,USC00168539,0.1
USC00168669,32.9006,-92.5714,61.0,LA,SPEARSVILLE FIRE TWR,USC00168669,0.6
USC00168923,32.3994,-91.1842,25.9,LA,TALLULAH,USC00168923,0.30000000000000004
USC00169392,32.9033,-93.9819,67.1,LA,VIVIAN,USC00169392,0.6
USC00169631,32.46,-92.1483,22.9,LA,W MONROE,USC00169631,0.1
USC00169803,31.9622,-92.6561,48.8,LA,WINNFIELD 3 N,USC00169803,0.30000000000000004
USC00169806,32.0997,-91.7022,24.4,LA,WINNSBORO 5 SSE,USC00169806,0.30000000000000004
USC00169980,31.6597,-93.6633,63.7,LA,ZWOLLE 2 NW,USC00169980,0.2
USC00170177,44.5169,-69.4339,104.5,ME,ALBION,USC00170177,85.5
USC00170200,47.0886,-69.025,181.7,ME,ALLAGASH,USC00170200,99.7
USC00170217,44.6531,-70.7942,250.5,ME,ANDOVER 2,USC00170217,111.80000000000001
USC00170398,45.2883,-69.1467,166.1,ME,BARNARD,USC00170398,92.5
USC00170409,43.9317,-69.8564,7.6,ME,BATH,USC00170409,71.8
USC00170480,44.395,-68.9892,6.1,ME,BELFAST,USC00170480,71.5
USC00170814,45.6603,-69.812,325.8,ME,BRASSUA DAM,USC00170814,107.7
USC00170833,46.4283,-67.8442,128.0,ME,BRIDGEWATER,USC00170833,94.4
USC00170844,44.07,-70.7467,154.8,ME,BRIDGTON 3 NW,USC00170844,83.9
USC00171131,43.2242,-70.6389,46.3,ME,CAPE NEDDICK,USC00171131,70.1
USC00171628,44.9197,-69.2417,90.5,ME,CORINNA,USC00171628,71.5
USC00171833,45.6611,-67.8614,144.8,ME,DANFORTH,USC00171833,95.7
USC00171975,45.1872,-69.1842,112.8,ME,DOVER-FOXCROFT WWTP,USC00171975,77.3
USC00172048,43.9997,-70.0964,42.7,ME,DURHAM,USC00172048,77.5
USC00172238,43.8786,-70.7539,160.9,ME,EAST HIRAM,USC00172238,77.9
USC00172426,44.9067,-66.9919,25.9,ME,EASTPORT,USC00172426,61.8
USC00172602,43.1022,-70.7731,6.1,ME,ELIOT,USC00172602,55.8
USC00172700,45.2103,-70.4728,384.0,ME,EUSTIS,USC00172700,118.5
USC00172765,44.6894,-70.1564,123.4,ME,FARMINGTON,USC00172765,93.9
USC00172878,47.2386,-68.6119,185.9,ME,FT KENT,USC00172878,99.3
USC00173046,44.2203,-69.7889,40.5,ME,GARDINER,USC00173046,68.9
USC00173261,45.1775,-67.7742,88.4,ME,GRAND LAKE STREAM,USC00173261,74.2
USC00173295,43.8925,-70.2544,115.2,ME,GRAY,USC00173295,84.0
USC00173417,45.1703,-69.3817,121.9,ME,GUILFORD,USC00173417,89.30000000000001
USC00173567,44.9467,-69.5456,97.5,ME,HARMONY,USC00173567,78.80000000000001
USC00173570,44.3744,-70.3164,214.9,ME,HARTFORD,USC00173570,107.7
USC00173862,43.6475,-70.675,92.7,ME,HOLLIS,USC00173862,80.9
USC00173944,46.2061,-67.8417,118.9,ME,HOULTON 5N,USC00173944,95.9
USC00174086,45.6261,-70.2461,370.0,ME,JACKMAN,USC00174086,106.9
USC00174193,43.3606,-70.4697,6.1,ME,KENNEBUNKPORT,USC00174193,48.900000000000006
USC00174324,44.9594,-70.1753,182.3,ME,KINGFIELD,USC00174324,81.4
USC00174566,44.1,-70.2167,54.9,ME,LEWISTON,USC00174566,65.1
USC00174745,44.4717,-70.1594,115.8,ME,LIVERMORE FALLS 1 E,USC00174745,91.2
USC00174781,45.2219,-70.1983,353.6,ME,LONG FALLS DAM,USC00174781,109.1
USC00174878,44.72,-67.4539,6.1,ME,MACHIAS,USC00174878,74.9
USC00174927,44.7975,-69.8889,67.1,ME,MADISON,USC00174927,74.0
USC00175304,45.6503,-68.705,109.7,ME,MILLINOCKET,USC00175304,86.10000000000001
USC00175460,45.5853,-69.7186,316.1,ME,MOOSEHEAD,USC00175460,98.3
USC00175675,44.0436,-69.5375,64.9,ME,NEWCASTLE,USC00175675,78.7
USC00175736,44.6353,-70.0003,146.3,ME,NEW SHARON,USC00175736,86.1
USC00176011,43.8792,-70.6328,106.7,ME,NORTH SEBAGO,USC00176011,69.7
USC00176721,45.8944,-69.9647,335.3,ME,PITTSTON FARM,USC00176721,103.9
USC00176856,44.0069,-70.3614,173.7,ME,POLAND,USC00176856,80.1
USC00176881,43.9919,-69.2167,6.4,ME,TENANTS HARBOR,USC00176881,53.1
USC00176937,46.6539,-68.0089,182.6,ME,PRESQUE ISLE,USC00176937,97.5
USC00177037,44.9675,-70.6422,466.3,ME,RANGELEY,USC00177037,123.3
USC00177039,44.9892,-70.6722,542.5,ME,RANGELEY 2 NW,USC00177039,117.6
USC00177238,45.0853,-67.1206,35.1,ME,ROBBINSTON,USC00177238,95.0
USC00177325,44.5308,-70.5372,192.0,ME,RUMFORD 1 SSE,USC00177325,87.9
USC00177654,45.2536,-69.2278,115.8,ME,SEBEC LAKE,USC00177654,100.3
USC00178792,45.4353,-67.7214,189.0,ME,TOPSFIELD 2,USC00178792,114.7
USC00178817,44.2822,-70.2561,172.2,ME,TURNER,USC00178817,77.7
USC00178965,47.1664,-67.9397,139.0,ME,VAN BUREN 2,USC00178965,96.7
USC00178974,45.5608,-67.4303,128.0,ME,VANCEBORO NO 2,USC00178974,86.7
USC00179538,44.3333,-70.5833,164.6,ME,WEST PARIS,USC00179538,76.1
USC00179593,44.1922,-69.1467,110.0,ME,W ROCKPORT 1 NNW,USC00179593,68.7
USC00180335,38.0722,-75.2128,3.0,MD,ASSATEAGUE,USC00180335,3.4
USC00180700,39.0303,-76.9314,44.2,MD,BELTSVILLE,USC00180700,15.8
USC00181750,39.2167,-76.0519,12.2,MD,CHESTERTOWN,USC00181750,16.7
USC00182282,39.6419,-78.7561,222.5,MD,CUMBERLAND 2,USC00182282,28.7
USC00182325,38.9386,-77.1133,45.7,MD,DALECARLIA RSVR,USC00182325,5.8
USC00182336,39.2647,-77.2319,213.4,MD,DAMASCUS 3 SSW,USC00182336,31.4
USC00182906,39.6761,-77.2844,122.8,MD,EMMITSBURG 2 SE,USC00182906,27.5
USC00183415,39.6597,-78.9361,661.4,MD,FROSTBURG 2,USC00183415,72.1
USC00185865,38.4928,-76.7258,30.5,MD,MECHANICSVILLE 5 NE,USC00185865,15.1
USC00185934,39.7194,-76.8028,262.1,MD,MILLERS 4 NE,USC00185934,34.1
USC00186350,38.9133,-76.97,15.2,MD,NATL ARBORETUM DC,USC00186350,9.7
USC00186620,39.4131,-79.4003,737.6,MD,OAKLAND 1 SE,USC00186620,104.9
USC00187806,38.7153,-76.1908,3.0,MD,ROYAL OAK 2 SSW,USC00187806,14.1
USC00188380,38.2317,-75.3761,9.1,MD,SNOW HILL 4 N,USC00188380,10.2
USC00189070,38.8519,-76.7683,39.6,MD,UPPER MARLBORO 3 NNW,USC00189070,15.9
USC00190120,42.3861,-72.5375,44.2,MA,AMHERST,USC00190120,36.5
USC00190190,42.6178,-71.9158,337.7,MA,ASHBURNHAM,USC00190190,75.19999999999999
USC00190213,42.5133,-72.8508,408.4,MA,ASHFIELD,USC00190213,85.3
USC00190408,42.4281,-72.0275,251.5,MA,BARRE FALLS DAM,USC00190408,60.4
USC00190535,42.4833,-71.2833,48.8,MA,BEDFORD,USC00190535,59.0
USC00190562,42.2797,-72.3483,167.6,MA,BELCHERTOWN,USC00190562,47.5
USC00190593,42.5881,-70.8372,19.8,MA,BEVERLY,USC00190593,51.4
USC00190666,42.6325,-72.1228,260.6,MA,BIRCH HILL DAM,USC00190666,50.9
USC00190736,42.2122,-71.1136,190.5,MA,BLUE HILL COOP,USC00190736,69.7
USC00190860,42.0475,-71.0081,22.9,MA,BROCKTON,USC00190860,34.3
USC00190998,42.1164,-71.9075,158.5,MA,BUFFUMVILLE LAKE,USC00190998,46.599999999999994
USC00191386,41.6569,-69.9592,12.2,MA,CHATHAM,USC00191386,24.5
USC00192107,42.1103,-72.1269,213.4,MA,E BRIMFIELD LAKE,USC00192107,63.5
USC00192451,41.7653,-70.6697,9.1,MA,E WAREHAM,USC00192451,37.2
USC00192501,41.3853,-70.5181,9.1,MA,EDGARTOWN,USC00192501,25.3
USC00192997,42.0792,-71.4094,76.2,MA,FRANKLIN,USC00192997,47.7
USC00193276,42.7467,-71.0425,9.1,MA,GROVELAND,USC00193276,67.1
USC00193505,42.7594,-71.0603,6.1,MA,HAVERHILL,USC00193505,57.8
USC00193624,42.2269,-70.9125,10.7,MA,HINGHAM,USC00193624,50.900000000000006
USC00193821,41.665,-70.3039,18.3,MA,HYANNIS,USC00193821,21.5
USC00194502,42.5008,-70.8644,25.6,MA,MARBLEHEAD,USC00194502,39.1
USC00194711,41.8819,-70.9086,13.7,MA,MIDDLEBORO,USC00194711,41.5
USC00194744,42.5933,-71.0186,33.5,MA,MIDDLETON,USC00194744,47.8
USC00194760,42.1633,-71.5119,85.3,MA,MILFORD,USC00194760,48.3
USC00195175,42.2825,-71.3439,54.9,MA,NATICK,USC00195175,45.7
USC00195246,41.5953,-70.9053,5.5,MA,NEW BEDFORD COOP,USC00195246,32.5
USC00195285,42.8319,-70.9153,16.8,MA,NEWBURYPORT,USC00195285,61.900000000000006
USC00195524,42.115,-71.6761,96.0,MA,NORTHBRIDGE 2,USC00195524,48.3
USC00195984,41.9928,-71.1667,29.0,MA,NORTON W,USC00195984,49.5
USC00196486,41.9819,-70.6961,13.7,MA,PLYMOUTH-KINGSTON,USC00196486,37.9
USC00196783,42.5239,-71.125,33.5,MA,READING,USC00196783,63.5
USC00196938,41.785,-70.9175,19.8,MA,ROCHESTER,USC00196938,30.8
USC00197627,42.0583,-72.0722,208.8,MA,SOUTHBRIDGE 3 SW,USC00197627,52.4
USC00198278,42.4447,-72.5528,70.1,MA,SUNDERLAND,USC00198278,45.7
USC00198367,41.9003,-71.0658,6.1,MA,TAUNTON,USC00198367,25.700000000000003
USC00198573,42.6394,-72.2244,207.3,MA,TULLY LAKE,USC00198573,52.2
USC00198757,42.1608,-71.2461,51.8,MA,WALPOLE 2,USC00198757,56.1
USC00198793,42.2622,-72.2483,121.9,MA,WARE,USC00198793,43.0
USC00199316,42.1333,-71.4333,64.0,MA,WEST MEDWAY,USC00199316,51.5
USC00199972,42.3869,-72.9211,391.7,MA,WORTHINGTON,USC00199972,77.1
USC00200032,41.9164,-84.0158,231.6,MI,ADRIAN 2 NNE,USC00200032,26.0
USC00200094,42.2494,-84.7733,285.0,MI,ALBION,USC00200094,40.4
USC00200146,43.3869,-84.6483,222.2,MI,ALMA,USC00200146,39.3
USC00200228,42.2417,-83.6933,253.6,MI,ANN ARBOR SE,USC00200228,59.300000000000004
USC00200230,42.2981,-83.6639,247.8,MI,ANN ARBOR U OF MICH,USC00200230,61.400000000000006
USC00200552,42.3678,-85.2633,281.3,MI,BATTLE CREEK 5NW,USC00200552,64.6
USC00200710,42.1244,-86.4267,190.5,MI,BENTON HARBOR AP,USC00200710,77.7
USC00200718,46.5869,-89.5475,396.2,MI,BERGLAND DAM,USC00200718,180.0
USC00200758,44.5317,-86.1311,235.6,MI,BEULAH 7SSW,USC00200758,92.4
USC00200770,46.8325,-87.7503,233.2,MI,BIG BAY 1NW,USC00200770,132.3
USC00200779,43.7072,-85.4819,273.7,MI,BIG RAPIDS WTP,USC00200779,61.3
USC00200864,42.3839,-85.9625,224.3,MI,BLOOMINGDALE,USC00200864,109.0
USC00200925,45.1672,-84.9139,221.9,MI,BOYNE FALLS,USC00200925,111.69999999999999
USC00201299,43.4839,-83.3919,210.3,MI,CARO WWTP,USC00201299,41.599999999999994
USC00201361,43.5861,-83.1805,212.8,MI,CASS CITY 1 SSW,USC00201361,42.5
USC00201435,46.4992,-87.845,473.7,MI,CLARKSBURG,USC00201435,117.8
USC00201468,45.3172,-85.2672,180.7,MI,CHARLEVOIX,USC00201468,100.2
USC00201476,42.55,-84.825,274.9,MI,CHARLOTTE,USC00201476,38.1
USC00201486,46.3414,-86.9242,265.2,MI,CHATHAM EXP FARM 2,USC00201486,164.0
USC00201492,45.6528,-84.4725,179.2,MI,CHEBOYGAN,USC00201492,87.6
USC00201502,42.3264,-84.0133,274.3,MI,CHELSEA,USC00201502,32.9
USC00201675,41.9622,-84.9925,299.9,MI,COLDWATER ST SCHOOL,USC00201675,42.7
USC00201802,45.8269,-87.1589,242.0,MI,CORNELL 5SE,USC00201802,42.6
USC00201896,45.6414,-85.0142,219.8,MI,CROSS VILLAGE 1E,USC00201896,79.5
USC00202015,42.3194,-83.2378,184.4,MI,DEARBORN,USC00202015,30.799999999999997
USC00202094,45.9983,-83.9014,181.4,MI,DETOUR VILLAGE,USC00202094,74.6
USC00202308,41.9553,-83.6489,201.2,MI,DUNDEE,USC00202308,39.1
USC00202375,42.9378,-85.6131,227.4,MI,E GRAND RAPIDS,USC00202375,74.9
USC00202381,45.1517,-85.1325,178.9,MI,E JORDAN,USC00202381,122.19999999999999
USC00202395,42.6742,-84.485,268.2,MI,EAST LANSING 4 S,USC00202395,36.0
USC00202423,44.2839,-83.5036,178.6,MI,E TAWAS,USC00202423,49.2
USC00202445,42.0153,-86.243,256.0,MI,EAU CLAIRE 4 NE,USC00202445,86.6
USC00202691,42.4669,-83.3625,219.5,MI,FARMINGTON,USC00202691,36.0
USC00202851,43.0378,-83.7694,207.0,MI,FLINT 7W,USC00202851,40.4
USC00202984,44.6483,-86.2097,289.0,MI,FRANKFORT 2NE,USC00202984,93.0
USC00203096,45.0333,-84.7114,401.7,MI,GAYLORD,USC00203096,140.3
USC00203099,44.9072,-84.7189,447.4,MI,GAYLORD 9SSW,USC00203099,148.8
USC00203188,44.5358,-83.7022,272.5,MI,GLENNIE 2SE,USC00203188,41.3
USC00203306,42.7631,-84.7622,243.8,MI,GRAND LEDGE 1 NW,USC00203306,37.3
USC00203391,44.6547,-84.6997,346.6,MI,GRAYLING,USC00203391,88.3
USC00203429,43.2025,-85.2422,268.8,MI,GREENVILLE 2 NNE,USC00203429,72.9
USC00203477,42.4078,-82.8892,186.8,MI,GROSSE POINTE FARMS,USC00203477,27.900000000000002
USC00203585,43.8322,-82.6428,181.4,MI,HARBOR BEACH 1 SSE,USC00203585,47.2
USC00203628,44.6819,-83.2808,178.3,MI,HARRISVILLE 2NNE,USC00203628,52.400000000000006
USC00203632,43.6747,-86.4239,234.7,MI,HART 3 WSW,USC00203632,78.5
USC00203661,42.6419,-85.2881,250.2,MI,HASTINGS,USC00203661,68.0
USC00203744,46.6653,-88.3772,523.3,MI,HERMAN,USC00203744,207.8
USC00203769,43.5908,-86.1056,237.7,MI,HESPERIA 4 WNW,USC00203769,74.6
USC00203823,41.9353,-84.6411,329.2,MI,HILLSDALE,USC00203823,44.1
USC00203930,44.3122,-84.7747,353.9,MI,HOUGHTON LAKE 2NW,USC00203930,74.7
USC00203932,44.3119,-84.8922,345.9,MI,HOUGHTON LAKE 6 WSW,USC00203932,66.0
USC00203947,42.5939,-83.9325,279.5,MI,HOWELL WWTP,USC00203947,33.2
USC00203969,41.8483,-84.2939,266.7,MI,HUDSON 3 E,USC00203969,33.3
USC00204078,42.9531,-85.0778,245.4,MI,IONIA 2SSW,USC00204078,54.2
USC00204090,45.7858,-88.0842,326.4,MI,IRON MTN-KINGSFORD WWTP,USC00204090,61.0
USC00204104,46.4656,-90.1892,435.9,MI,IRONWOOD,USC00204104,185.5
USC00204257,44.7281,-85.1728,315.5,MI,KALKASKA,USC00204257,132.1
USC00204258,44.5897,-85.0486,330.1,MI,KALKASKA 11SE,USC00204258,126.3
USC00204320,43.1994,-85.7717,256.0,MI,KENT CITY 2 SW,USC00204320,48.0
USC00204502,44.3089,-85.205,374.9,MI,LAKE CITY EXP FARM,USC00204502,74.0
USC00204655,43.0608,-83.3075,249.9,MI,LAPEER WWTP,USC00204655,34.4
USC00204944,42.9292,-85.3403,195.1,MI,LOWELL,USC00204944,65.9
USC00205097,44.855,-85.8353,243.5,MI,MAPLE CITY 1E,USC00205097,143.3
USC00205488,43.2836,-83.4792,249.9,MI,MILLINGTON 3 SE,USC00205488,48.5
USC00205533,44.6467,-84.1158,316.1,MI,MIO WWTP,USC00205533,57.0
USC00205567,43.4614,-86.4175,198.1,MI,MONTAGUE 4 NW,USC00205567,68.9
USC00205591,45.9903,-84.8361,211.8,MI,MORAN,USC00205591,80.9
USC00205603,41.7217,-84.2147,234.7,MI,MORENCI,USC00205603,32.0
USC00205690,46.4122,-86.6625,207.3,MI,MUNISING,USC00205690,161.0
USC00205822,41.9497,-83.28,176.2,MI,NEWPORT 4SSE,USC00205822,41.2
USC00205892,41.8406,-86.2658,198.1,MI,NILES,USC00205892,62.5
USC00206007,45.1322,-85.6472,227.4,MI,NORTHPORT 2W,USC00206007,91.4
USC00206012,44.8831,-85.6753,249.9,MI,NW MICHIGAN RSCH FARM,USC00206012,114.5
USC00206184,45.4108,-84.2233,227.1,MI,ONAWAY 4N,USC00206184,86.9
USC00206220,46.8342,-89.2075,240.8,MI,ONTONAGON 6 SE,USC00206220,177.7
USC00206300,43.0161,-84.18,222.5,MI,OWOSSO WWTP,USC00206300,38.3
USC00206507,45.3725,-84.9767,182.6,MI,PETOSKEY,USC00206507,123.6
USC00206510,45.3614,-84.9511,228.0,MI,PETOSKEY NCMC,USC00206510,120.2
USC00206658,42.6389,-83.2556,271.3,MI,PONTIAC WWTP,USC00206658,36.0
USC00206680,42.975,-82.4194,179.8,MI,PORT HURON,USC00206680,35.5
USC00206982,42.8783,-82.7958,233.2,MI,RICHMOND 4 NNW,USC00206982,46.6
USC00207094,45.4169,-83.8158,187.5,MI,ROGERS CITY,USC00207094,84.8
USC00207190,46.2964,-84.5761,229.5,MI,RUDYARD 4N,USC00207190,94.1
USC00207222,43.4122,-83.9561,182.9,MI,SAGINAW #3,USC00207222,40.7
USC00207364,46.4867,-84.4089,192.0,MI,SAULT STE MARIE,USC00207364,117.4
USC00207742,45.7019,-87.5256,262.1,MI,SPALDING 1 NW,USC00207742,70.2
USC00207812,46.0556,-88.6275,442.0,MI,STAMBAUGH 2SSE,USC00207812,67.4
USC00208043,46.6014,-85.2239,227.1,MI,TAHQUAMENON FALLS SP,USC00208043,169.9
USC00208184,41.93,-85.6386,246.9,MI,THREE RIVERS,USC00208184,41.2
USC00208249,44.7608,-85.6442,193.5,MI,TRAVERSE CITY MUNSON,USC00208249,101.0
USC00208293,46.1797,-85.0311,250.9,MI,TROUT LAKE 1SW,USC00208293,98.5
USC00208417,45.1703,-84.4397,275.8,MI,VANDERBILT 11ENE,USC00208417,83.9
USC00208706,46.5267,-88.6425,424.9,MI,WATTON 2WSW,USC00208706,121.3
USC00208772,44.2586,-85.9394,198.1,MI,WELLSTON TIPPY DAM,USC00208772,92.6
USC00208774,44.2294,-85.9572,235.6,MI,WELLSTON 1N,USC00208774,119.6
USC00208800,44.2542,-84.2011,269.7,MI,W BRANCH 3SE,USC00208800,53.0
USC00208890,43.5492,-85.5842,263.7,MI,WHITE CLOUD 9E,USC00208890,63.8
USC00208920,46.7475,-84.9858,189.6,MI,WHITEFISH PT,USC00208920,121.0
USC00208941,42.6981,-83.4717,321.0,MI,WHITE LAKE 4E,USC00208941,62.3
USC00209006,42.7103,-84.2503,272.8,MI,WILLIAMSTON 3NE,USC00209006,45.6
USC00209110,42.2086,-83.1628,176.8,MI,WYANDOTTE,USC00209110,53.5
USC00209188,43.1447,-82.8011,249.9,MI,YALE 1 NNW,USC00209188,40.7
USC00210075,43.6064,-93.3019,374.9,MN,ALBERT LEA 3SE,USC00210075,39.5
USC00210146,44.0633,-92.0397,263.7,MN,ALTURA 5W,USC00210146,44.9
USC00210157,43.8836,-94.1664,313.9,MN,AMBOY,USC00210157,46.3
USC00210190,45.2533,-93.2928,274.0,MN,ANDOVER 1N,USC00210190,44.1
USC00210252,48.3311,-96.8253,258.2,MN,ARGYLE,USC00210252,43.6
USC00210287,45.3856,-96.1258,334.7,MN,ARTICHOKE LAKE 1 E,USC00210287,43.0
USC00210355,43.6542,-92.9739,365.5,MN,AUSTIN WASTE WTP FACILITY,USC00210355,43.400000000000006
USC00210387,47.7122,-91.9533,451.4,MN,BABBITT,USC00210387,83.9
USC00210667,45.3167,-95.6167,313.9,MN,BENSON,USC00210667,42.6
USC00210939,46.3433,-94.2086,359.7,MN,BRAINERD,USC00210939,48.2
USC00210981,43.5439,-93.8422,356.6,MN,BRICELYN,USC00210981,48.2
USC00210989,47.2472,-91.8625,452.9,MN,BRIMSON 2S,USC00210989,69.8
USC00211063,45.5958,-96.8283,298.1,MN,BROWNS VALLEY,USC00211063,44.2
USC00211065,44.7336,-94.3417,317.0,MN,BROWNTON WWTP,USC00211065,50.0
USC00211074,46.3003,-92.5336,381.9,MN,BRUNO 7ENE,USC00211074,64.3
USC00211107,45.1969,-93.84,302.4,MN,BUFFALO 2NE,USC00211107,39.8
USC00211174,44.0908,-92.64,317.3,MN,BYRON 4NORTH,USC00211174,44.4
USC00211198,43.6308,-91.5028,355.4,MN,CALEDONIA,USC00211198,44.8
USC00211227,45.5564,-93.2347,294.1,MN,CAMBRIDGE,USC00211227,44.1
USC00211250,48.61,-95.1817,392.9,MN,CAMP NORRIS DNR,USC00211250,45.9
USC00211263,44.7183,-96.2697,368.8,MN,CANBY,USC00211263,47.800000000000004
USC00211374,47.3847,-94.6147,395.0,MN,CASS LAKE,USC00211374,48.9
USC00211390,45.3222,-93.2844,276.5,MN,CEDAR,USC00211390,63.9
USC00211448,44.8497,-93.5644,288.3,MN,CHANHASSEN WSFO,USC00211448,54.7
USC00211468,44.8131,-93.6311,281.3,MN,CHASKA 2NW,USC00211468,51.6
USC00211630,46.7053,-92.5239,385.6,MN,CLOQUET,USC00211630,71.3
USC00211691,45.5794,-94.3919,368.8,MN,COLLEGEVILLE ST JOHN'S,USC00211691,57.4
USC00211771,47.8947,-92.5336,413.0,MN,COOK 8NE,USC00211771,61.2
USC00212023,45.0419,-94.2781,324.6,MN,DASSEL 3SE,USC00212023,41.1
USC00212038,44.9317,-96.045,321.6,MN,DAWSON,USC00212038,51.4
USC00212142,46.8372,-95.8375,413.0,MN,DETROIT LAKES 1 NNE,USC00212142,47.6
USC00212500,45.3047,-93.5842,268.2,MN,ELK RVR,USC00212500,35.699999999999996
USC00212543,47.9239,-91.8586,421.2,MN,ELY,USC00212543,64.6
USC00212555,47.9722,-91.4492,440.1,MN,ELY 25E,USC00212555,76.9
USC00212721,44.3092,-93.2661,295.7,MN,FARIBAULT,USC00212721,43.3
USC00212737,44.6697,-93.17,298.7,MN,FARMINGTON 3 NW,USC00212737,41.0
USC00212842,46.9728,-92.87,384.0,MN,FLOODWOOD 3 NE,USC00212842,56.4
USC00212881,45.3317,-92.8983,275.8,MN,FOREST LAKE 5NE,USC00212881,51.6
USC00213104,47.0792,-96.7758,269.7,MN,GEORGETOWN 1 E,USC00213104,40.9
USC00213174,45.6583,-95.4392,365.2,MN,GLENWOOD 2WNW,USC00213174,46.3
USC00213282,47.7517,-90.3283,186.5,MN,GRAND MARAIS,USC00213282,50.9
USC00213290,43.7047,-92.5644,411.5,MN,GRAND MEADOW,USC00213290,50.6
USC00213296,47.9711,-89.6908,222.5,MN,GRAND PORTAGE,USC00213296,55.2
USC00213303,47.2436,-93.4975,399.3,MN,GRAND RPDS FOREST LAB,USC00213303,59.6
USC00213311,44.8136,-95.5517,283.5,MN,GRANITE FALLS,USC00213311,51.5
USC00213417,48.1603,-90.8842,443.5,MN,GUNFLINT LAKE 10 NW,USC00213417,65.3
USC00213520,43.5458,-92.0122,411.5,MN,HARMONY,USC00213520,46.6
USC00213793,45.9919,-92.9928,315.5,MN,HINCKLEY,USC00213793,44.800000000000004
USC00214103,46.3197,-93.5014,391.7,MN,ISLE 12N,USC00214103,43.1
USC00214106,47.2256,-95.1919,454.2,MN,ITASCA UNIV OF MINN,USC00214106,51.6
USC00214176,44.65,-93.6356,274.3,MN,JORDAN 1SSW,USC00214176,39.8
USC00214418,43.8658,-91.31,197.2,MN,LA CRESCENT DAM 7,USC00214418,37.9
USC00214438,44.4364,-92.2792,213.4,MN,LAKE CITY,USC00214438,33.5
USC00214453,43.7022,-95.1519,466.3,MN,LAKEFIELD 2NE,USC00214453,48.5
USC00214534,43.9983,-95.9494,503.8,MN,LAKE WILSON,USC00214534,46.3
USC00214546,44.2394,-95.3153,347.5,MN,LAMBERTON SW RSCH & OUTREACH C,USC00214546,46.300000000000004
USC00214652,47.2467,-94.2228,396.8,MN,LEECH LAKE,USC00214652,48.2
USC00214793,46.0039,-94.345,341.4,MN,LITTLE FALLS 2NNE,USC00214793,52.8
USC00214809,48.3681,-93.7214,365.8,MN,LITTLEFORK 10 SW,USC00214809,54.5
USC00214861,45.9647,-94.8892,408.4,MN,LONG PRAIRIE,USC00214861,54.0
USC00214994,45.0022,-96.1661,327.7,MN,MADISON WWTP,USC00214994,46.9
USC00215073,44.1542,-94.0211,259.1,MN,MANKATO,USC00215073,38.7
USC00215175,47.6308,-93.6522,422.8,MN,MARCELL 5NE,USC00215175,64.1
USC00215204,44.4717,-95.7903,350.2,MN,MARSHALL,USC00215204,43.5
USC00215325,45.6772,-94.8019,364.2,MN,MELROSE,USC00215325,39.0
USC00215392,45.7533,-93.6617,324.3,MN,MILACA,USC00215392,48.9
USC00215400,45.1219,-95.9269,310.9,MN,MILAN 1NW,USC00215400,51.0
USC00215482,44.5631,-95.9969,369.1,MN,MINNEOTA,USC00215482,44.6
USC00215488,44.16,-91.8122,204.2,MN,MINNESOTA CITY DAM 5,USC00215488,36.0
USC00215563,44.9342,-95.7458,301.8,MN,MONTEVIDEO 1SW,USC00215563,45.5
USC00215571,44.4597,-93.6631,335.3,MN,MONTGOMERY,USC00215571,39.1
USC00215586,46.8875,-96.7483,275.5,MN,MOORHEAD,USC00215586,52.7
USC00215615,45.8775,-93.3147,310.3,MN,MORA,USC00215615,52.0
USC00215638,45.59,-95.8744,347.5,MN,MORRIS W CNTRL RSCH & OUTREACH,USC00215638,44.6
USC00215838,45.01,-93.3792,277.4,MN,NEW HOPE,USC00215838,54.3
USC00215842,45.305,-94.9392,381.0,MN,NEW LONDON,USC00215842,50.2
USC00215887,44.3006,-94.4897,271.3,MN,NEW ULM 2 SE,USC00215887,38.3
USC00215902,46.5233,-95.3847,428.5,MN,NEW YORK MILLS,USC00215902,45.6
USC00216152,44.7628,-94.9297,335.3,MN,OLIVIA 3E,USC00216152,37.7
USC00216166,46.0678,-93.6667,384.0,MN,ONAMIA RS,USC00216166,31.6
USC00216225,45.3092,-96.4292,335.0,MN,ORTONVILLE 1N,USC00216225,43.6
USC00216287,44.0975,-93.2317,347.5,MN,OWATONNA,USC00216287,44.2
USC00216405,46.5689,-96.0894,395.9,MN,PELICAN RAPIDS,USC00216405,54.0
USC00216547,46.6694,-94.1089,381.0,MN,PINE RVR DAM,USC00216547,39.2
USC00216565,44.0139,-96.3258,519.7,MN,PIPESTONE,USC00216565,39.6
USC00216654,43.6725,-92.0747,283.5,MN,PRESTON,USC00216654,42.2
USC00216787,47.8794,-96.2844,316.4,MN,RED LAKE FALLS,USC00216787,49.9
USC00216817,44.5711,-92.5283,209.7,MN,RED WING,USC00216817,44.099999999999994
USC00216839,44.5486,-95.0997,310.9,MN,REDWOOD FALLS,USC00216839,43.6
USC00217011,43.9336,-92.4728,376.1,MN,ROCHESTER AP 2NE,USC00217011,52.3
USC00217020,45.0897,-93.74,289.6,MN,ROCKFORD,USC00217020,45.1
USC00217149,46.4808,-96.2869,367.0,MN,ROTHSAY,USC00217149,49.6
USC00217157,45.8333,-94.3667,332.2,MN,ROYALTON 5W,USC00217157,50.7
USC00217309,45.3878,-93.3592,274.3,MN,ST FRANCIS,USC00217309,56.0
USC00217326,43.9903,-94.6122,326.1,MN,ST JAMES WWTP,USC00217326,50.3
USC00217405,44.3222,-93.9656,242.3,MN,ST PETER,USC00217405,37.9
USC00217502,45.5458,-93.7572,307.8,MN,SANTIAGO 3 E,USC00217502,49.4
USC00217907,44.2469,-94.9864,324.9,MN,SPRINGFIELD 1 NW,USC00217907,42.3
USC00218227,44.2811,-92.1944,229.5,MN,THEILMAN 1SSW,USC00218227,48.3
USC00218311,47.7817,-92.2783,435.9,MN,TOWER 2S,USC00218311,68.7
USC00218323,44.2394,-95.6308,427.6,MN,TRACY,USC00218323,49.3
USC00218419,47.0258,-91.6653,190.5,MN,TWO HARBORS,USC00218419,61.0
USC00218421,47.1253,-91.7067,413.0,MN,TWO HARBORS 7NW,USC00218421,93.6
USC00218429,44.2781,-96.1281,528.8,MN,TYLER,USC00218429,42.0
USC00218450,44.9903,-93.18,295.7,MN,U OF MN ST PAUL,USC00218450,40.4
USC00218520,44.5075,-95.4108,323.7,MN,VESTA,USC00218520,43.9
USC00218552,44.385,-92.0486,213.4,MN,WABASHA,USC00218552,39.8
USC00218579,46.3939,-95.1494,418.2,MN,WADENA 3 S,USC00218579,50.8
USC00218692,44.0708,-93.5264,351.4,MN,WASECA S RSCH & OUTREACH CTR,USC00218692,52.3
USC00218808,43.7467,-93.7367,345.9,MN,WELLS,USC00218808,40.1
USC00218907,45.8081,-96.5042,310.3,MN,WHEATON,USC00218907,42.9
USC00218947,45.8622,-96.5653,312.1,MN,WHITE ROCK DAM,USC00218947,35.900000000000006
USC00219004,45.1078,-95.0358,335.3,MN,WILLMAR WWTP,USC00219004,46.099999999999994
USC00219033,43.8769,-95.1158,421.8,MN,WINDOM,USC00219033,43.5
USC00219046,43.7639,-94.1661,338.3,MN,WINNEBAGO,USC00219046,47.2
USC00219059,47.4306,-94.0586,400.8,MN,WINNIBIGOSHISH DAM,USC00219059,31.7
USC00219072,44.0875,-91.6703,202.1,MN,WINONA DAM 5 A,USC00219072,37.6
USC00219134,47.45,-91.2167,426.7,MN,WOLF RIDGE ELC,USC00219134,94.2
USC00219170,43.645,-95.5803,478.5,MN,WORTHINGTON 2 NNE,USC00219170,45.2
USC00219173,46.6803,-92.9542,405.4,MN,WRIGHT 3 E,USC00219173,59.2
USC00219249,44.2992,-92.6661,295.7,MN,ZUMBROTA,USC00219249,43.5
USC00220008,34.5011,-89.5008,123.7,MS,ABBEVILLE,USC00220008,1.1
USC00220021,33.83,-88.5214,60.4,MS,ABERDEEN,USC00220021,0.1
USC00220039,33.3117,-89.1667,167.3,MS,ACKERMAN,USC00220039,0.7000000000000001
USC00220237,34.7803,-90.1153,73.2,MS,ARKABUTLA DAM,USC00220237,0.30000000000000004
USC00220290,34.8492,-89.1597,183.8,MS,ASHLAND,USC00220290,2.0
USC00220378,34.4833,-88.6394,109.7,MS,BALDWYN,USC00220378,0.5
USC00220585,31.2353,-88.9186,59.1,MS,BEAUMONT EXPSTATION,USC00220585,0.5
USC00220660,33.1772,-90.4919,35.1,MS,BELZONI,USC00220660,0.1
USC00220792,30.3931,-89.0008,3.0,MS,BILOXI,USC00220792,0.1
USC00220891,33.2781,-88.7931,70.1,MS,BLUFF LAKE,USC00220891,0.8
USC00220955,34.6344,-88.5622,149.4,MS,BOONEVILLE,USC00220955,1.1
USC00221152,33.9917,-89.3736,82.3,MS,BRUCE 2 W,USC00221152,0.6
USC00221314,33.8592,-89.3136,81.7,MS,CALHOUN CITY,USC00221314,0.8
USC00221389,32.6714,-90.0361,76.2,MS,CANTON 4N,USC00221389,0.5
USC00221489,32.7506,-89.5389,112.8,MS,CARTHAGE,USC00221489,0.2
USC00221578,31.0942,-91.0686,112.8,MS,CENTREVILLE,USC00221578,0.1
USC00221738,33.7367,-90.7444,42.1,MS,CLEVELAND,USC00221738,1.9
USC00221743,33.7942,-90.7128,42.7,MS,CLEVELAND 3 N,USC00221743,0.1
USC00221804,33.9803,-89.6714,73.5,MS,COFFEEVILLE,USC00221804,0.7
USC00221852,31.6419,-89.5572,88.4,MS,COLLINS,USC00221852,0.2
USC00221860,32.42,-88.7603,94.5,MS,COLLINSVILLE 7 SE,USC00221860,0.5
USC00221880,33.4678,-88.3847,44.2,MS,COLUMBUS,USC00221880,0.4
USC00221962,34.8792,-88.6178,117.3,MS,CORINTH 7 SW,USC00221962,0.7
USC00222034,32.0853,-88.5297,125.9,MS,CRANDALL 8 N,USC00222034,0.4
USC00222046,33.2783,-88.7061,77.1,MS,CRAWFORD 5 W,USC00222046,0.1
USC00222094,31.9461,-90.3775,148.4,MS,CRYSTAL SPGS EXP STN,USC00222094,0.7000000000000001
USC00222385,31.9544,-89.9328,101.8,MS,D'LO 2 SW,USC00222385,0.7
USC00222722,33.6994,-89.7631,79.2,MS,ELLIOTT 4 NW,USC00222722,1.2
USC00222773,34.1606,-89.9019,92.0,MS,ENID DAM,USC00222773,0.2
USC00222896,33.5628,-89.2358,134.1,MS,EUPORA 2 E,USC00222896,1.0
USC00223208,34.2614,-88.4569,106.7,MS,FULTON 3 W,USC00223208,1.6
USC00223645,33.7608,-89.8136,72.2,MS,GRENADA,USC00223645,1.1
USC00223671,30.3772,-89.1228,10.7,MS,GULFPORT NAVAL CTR,USC00223671,0.2
USC00223700,34.4886,-88.7019,131.1,MS,GUNTOWN 3NW,USC00223700,0.7000000000000001
USC00223887,31.2547,-89.3392,117.3,MS,HATTIESBURG 5SW,USC00223887,0.9
USC00223920,31.8328,-90.4542,182.9,MS,HAZLEHURST 5 SW,USC00223920,0.1
USC00223975,34.8039,-90.0103,115.8,MS,HERNANDO,USC00223975,1.9
USC00224001,34.6189,-89.1911,121.9,MS,HICKORY FLAT,USC00224001,2.6
USC00224173,34.8219,-89.4347,147.2,MS,HOLLY SPRINGS 4 N,USC00224173,2.3
USC00224265,33.8847,-88.9867,88.4,MS,HOUSTON,USC00224265,0.8
USC00224377,34.6989,-89.8214,105.2,MS,INDEPENDENCE 1W,USC00224377,1.6
USC00224776,33.0583,-89.5797,125.0,MS,KOSCIUSKO,USC00224776,1.3
USC00224869,34.2044,-90.2908,47.2,MS,LAMBERT 1W,USC00224869,0.4
USC00224966,31.1494,-88.555,32.0,MS,LEAKESVILLE,USC00224966,0.2
USC00225361,33.1544,-88.5586,76.2,MS,MACON 3N,USC00225361,0.4
USC00225897,33.7589,-90.2103,44.2,MS,MINTER CITY,USC00225897,1.2
USC00225943,31.8375,-89.5975,121.9,MS,MIZE 3SW,USC00225943,0.7
USC00225987,31.5519,-90.1058,58.2,MS,MONTICELLO,USC00225987,0.2
USC00226009,33.4517,-90.5097,35.7,MS,MOORHEAD,USC00226009,0.5
USC00226084,34.8894,-89.6042,117.3,MS,MT PLEASANT 4SW,USC00226084,1.9
USC00226177,31.5889,-91.3408,59.4,MS,NATCHEZ,USC00226177,0.30000000000000004
USC00226256,34.4739,-89.0022,115.8,MS,NEW ALBANY,USC00226256,1.2
USC00226308,32.3378,-89.0817,106.4,MS,NEWTON EXP STN,USC00226308,0.4
USC00226484,30.4106,-88.7883,3.0,MS,OCEAN SPRINGS,USC00226484,0.3
USC00226527,34.9536,-89.8297,117.3,MS,OLIVE BRANCH,USC00226527,1.5
USC00227066,34.9231,-89.9403,115.8,MS,PLEASANT HILL,USC00227066,1.4
USC00227106,34.2486,-88.9975,143.3,MS,PONTOTOC,USC00227106,1.2
USC00227111,34.1381,-88.9983,123.4,MS,PONTOTOC EXP STN,USC00227111,0.30000000000000004
USC00227128,30.8408,-89.5453,95.4,MS,POPLARVILLE EXP STN,USC00227128,0.3
USC00227132,31.985,-90.9719,36.6,MS,PORT GIBSON 1 NE,USC00227132,0.5
USC00227172,31.5867,-89.8819,85.6,MS,PRENTISS,USC00227172,0.6
USC00227220,31.1775,-89.4156,115.2,MS,PURVIS 2N,USC00227220,0.30000000000000004
USC00227276,32.1433,-89.5525,135.9,MS,RALEIGH 6N,USC00227276,0.8999999999999999
USC00227467,34.7397,-88.9514,160.0,MS,RIPLEY,USC00227467,1.5999999999999999
USC00227560,32.8978,-90.8853,32.0,MS,ROLLING FORK,USC00227560,0.3
USC00227807,34.5369,-90.1933,102.1,MS,SARAH 3 SE,USC00227807,1.5
USC00227815,34.3961,-89.7903,92.4,MS,SARDIS DAM,USC00227815,0.4
USC00227840,30.6264,-89.055,69.8,MS,SAUCIER EXP FOREST,USC00227840,0.1
USC00227921,34.6314,-89.9592,73.2,MS,SENATOBIA,USC00227921,0.4
USC00228053,31.8597,-88.6953,59.4,MS,SHUBUTA,USC00228053,0.4
USC00228145,34.4642,-90.2158,50.3,MS,SLEDGE,USC00228145,0.8
USC00228374,33.4692,-88.7822,56.4,MS,STATE UNIV,USC00228374,0.5
USC00228445,33.4311,-90.9108,38.7,MS,STONEVILLE EXP STN,USC00228445,0.4
USC00228556,31.4222,-89.5386,88.4,MS,SUMRALL,USC00228556,0.8
USC00228899,32.4686,-88.6083,143.3,MS,TOPTON 2,USC00228899,0.7
USC00228998,34.7281,-90.3683,62.8,MS,TUNICA 2 N,USC00228998,1.1
USC00229004,34.265,-88.7658,106.7,MS,TUPELO 2,USC00229004,0.8
USC00229006,34.2356,-88.6953,79.2,MS,TUPELO 3,USC00229006,0.2
USC00229048,31.08,-90.0603,116.4,MS,TYLERTOWN 5ESE,USC00229048,0.2
USC00229072,31.6819,-90.7831,151.8,MS,UNION CHURCH,USC00229072,0.4
USC00229079,34.3725,-89.5308,124.4,MS,UNIVERSITY,USC00229079,1.2000000000000002
USC00229114,33.3253,-89.7539,123.1,MS,VAIDEN 1 SSW,USC00229114,0.39999999999999997
USC00229157,30.4856,-88.6547,3.0,MS,VANCLEAVE,USC00229157,0.1
USC00229230,32.385,-90.8753,24.4,MS,VICKSBURG CITY,USC00229230,0.1
USC00229400,34.1583,-89.6311,94.5,MS,WATER VALLEY,USC00229400,1.2
USC00229439,31.6772,-88.6708,61.0,MS,WAYNESBORO 2 W,USC00229439,0.6
USC00229743,33.4847,-89.6244,119.5,MS,WINONA 5 E,USC00229743,0.8
USC00229793,31.0931,-91.2325,121.9,MS,WOODVILLE 4 ESE,USC00229793,0.1
USC00229860,32.9028,-90.3817,32.6,MS,YAZOO CITY 5 NNE,USC00229860,0.1
USC00230127,36.6919,-91.3989,247.8,MO,ALTON,USC00230127,4.2
USC00230143,39.8914,-94.36,296.9,MO,AMITY 4 NE,USC00230143,20.7
USC00230164,36.6519,-94.4386,320.0,MO,ANDERSON,USC00230164,9.4
USC00230204,38.1872,-94.0283,264.0,MO,APPLETON CITY,USC00230204,9.8
USC00230304,37.2614,-93.5914,344.1,MO,ASH GROVE 4S,USC00230304,9.3
USC00230608,40.2575,-94.0269,289.3,MO,BETHANY,USC00230608,21.2
USC00230657,37.0539,-93.5756,399.3,MO,BILLINGS 1SW,USC00230657,11.9
USC00230817,38.9708,-92.7603,226.8,MO,BOONVILLE,USC00230817,13.3
USC00230856,39.3444,-91.1711,272.8,MO,BOWLING GREEN 1 E,USC00230856,15.6
USC00230980,39.765,-93.0594,233.8,MO,BROOKFIELD,USC00230980,18.9
USC00231037,39.4247,-93.1331,201.8,MO,BRUNSWICK,USC00231037,12.200000000000001
USC00231087,37.6669,-93.1069,326.4,MO,BUFFALO 2N,USC00231087,9.0
USC00231145,38.2611,-94.405,240.8,MO,BUTLER 4W,USC00231145,9.5
USC00231189,38.6278,-92.5567,267.9,MO,CALIFORNIA,USC00231189,9.7
USC00231304,37.7947,-93.8019,252.1,MO,CAPLINGER MILLS,USC00231304,7.4
USC00231340,39.3594,-93.4886,214.9,MO,CARROLLTON,USC00231340,12.7
USC00231580,39.775,-93.5358,237.7,MO,CHILLICOTHE 2S,USC00231580,13.9
USC00231640,39.3736,-90.9061,140.2,MO,CLARKSVILLE L&D 24,USC00231640,11.6
USC00231711,38.395,-93.7711,234.7,MO,CLINTON,USC00231711,11.1
USC00231748,38.4844,-93.2556,304.8,MO,COLE CAMP 3NW,USC00231748,18.4
USC00231773,39.5317,-93.5289,254.2,MO,COLOMA,USC00231773,14.2
USC00231801,38.9425,-92.3206,234.7,MO,COLUMBIA U OF M,USC00231801,17.4
USC00231822,40.2394,-94.6833,337.7,MO,CONCEPTION,USC00231822,19.4
USC00232220,38.14,-90.5064,222.8,MO,DE SOTO,USC00232220,9.1
USC00232289,36.6206,-90.8125,88.1,MO,DONIPHAN,USC00232289,7.7
USC00232302,36.7397,-92.2086,294.4,MO,DORA 3SE,USC00232302,5.9
USC00232318,40.4906,-92.3706,265.2,MO,DOWNING,USC00232318,22.6
USC00232482,40.1636,-92.1658,246.3,MO,EDINA,USC00232482,19.8
USC00232511,37.8642,-94.0156,278.9,MO,ELDORADO SPRINGS,USC00232511,2.0
USC00232568,38.8681,-94.0353,259.1,MO,ELM,USC00232568,11.899999999999999
USC00232591,39.1558,-90.7831,144.8,MO,ELSBERRY 1 S,USC00232591,16.3
USC00232619,37.1561,-91.3603,195.1,MO,EMINENCE 1 N,USC00232619,6.0
USC00232809,37.7919,-90.4097,274.3,MO,FARMINGTON,USC00232809,8.7
USC00232850,38.2325,-90.3981,182.9,MO,FESTUS,USC00232850,9.2
USC00233038,37.5742,-90.3075,231.6,MO,FREDERICKTOWN,USC00233038,9.3
USC00233043,38.4583,-91.7028,245.4,MO,FREEDOM,USC00233043,10.5
USC00233079,38.8483,-91.9419,234.7,MO,FULTON,USC00233079,18.9
USC00233094,36.8061,-93.4678,313.0,MO,GALENA,USC00233094,6.9
USC00233102,39.9081,-93.9697,280.7,MO,GALLATIN 1W,USC00233102,19.6
USC00233568,39.7425,-94.0347,274.3,MO,HAMILTON 2W,USC00233568,7.6
USC00233838,39.0733,-93.7075,254.8,MO,HIGGINSVILLE,USC00233838,13.7
USC00233999,36.0453,-90.1492,78.0,MO,HORNERSVILLE,USC00233999,3.5
USC00234019,37.3186,-91.9628,373.1,MO,HOUSTON,USC00234019,3.7
USC00234136,38.0997,-92.3097,285.9,MO,IBERIA,USC00234136,7.6
USC00234154,39.0647,-94.3861,300.2,MO,INDEPENDENCE,USC00234154,13.2
USC00234226,37.3781,-89.6678,134.1,MO,JACKSON,USC00234226,7.5
USC00234271,38.5853,-92.1825,198.1,MO,JEFFERSON CITY WTP,USC00234271,8.9
USC00234382,39.3667,-94.3294,256.0,MO,KEARNEY 3E,USC00234382,19.4
USC00234505,40.0514,-94.525,335.9,MO,KING CITY,USC00234505,17.9
USC00234515,38.7425,-94.0731,274.9,MO,KINGSVILLE,USC00234515,14.6
USC00234544,40.2058,-92.5747,295.7,MO,KIRKSVILLE,USC00234544,19.0
USC00234694,38.2042,-92.6233,179.8,MO,LAKESIDE,USC00234694,4.3
USC00234705,37.5983,-94.2842,293.5,MO,LAMAR 7N,USC00234705,7.3
USC00234825,37.685,-92.6939,379.8,MO,LEBANON 2W,USC00234825,8.3
USC00234904,39.1828,-93.855,251.5,MO,LEXINGTON 3E,USC00234904,13.8
USC00234919,37.5544,-91.8833,359.7,MO,LICKING 4N,USC00234919,11.0
USC00235027,37.3908,-93.9492,328.3,MO,LOCKWOOD,USC00235027,12.8
USC00235098,39.4517,-91.0464,143.3,MO,LOUISIANA,USC00235098,9.9
USC00235227,37.1086,-92.5789,441.4,MO,MANSFIELD,USC00235227,7.7
USC00235307,37.3233,-92.9828,431.0,MO,MARSHFIELD 4 WSW,USC00235307,5.2
USC00235340,40.3458,-94.8342,300.2,MO,MARYVILLE 2E,USC00235340,15.3
USC00235492,40.4575,-92.1822,234.7,MO,MEMPHIS,USC00235492,19.3
USC00235578,40.2211,-93.1097,256.0,MO,MILAN,USC00235578,17.0
USC00235671,39.4194,-92.4369,262.1,MO,MOBERLY,USC00235671,15.1
USC00235704,36.8617,-93.9625,432.8,MO,MONETT 4SW,USC00235704,6.7
USC00235834,37.1542,-92.2619,446.8,MO,MTN GROVE 2 N,USC00235834,10.4
USC00235976,36.865,-94.3603,314.9,MO,NEOSHO,USC00235976,8.1
USC00235987,37.8394,-94.3739,265.5,MO,NEVADA WTP,USC00235987,6.4
USC00236012,39.0172,-92.7558,195.4,MO,NEW FRANKLIN 1W,USC00236012,10.3
USC00236302,36.9756,-93.0239,378.0,MO,OLDFIELD,USC00236302,16.7
USC00236402,38.0492,-93.7039,226.8,MO,OSCEOLA,USC00236402,10.100000000000001
USC00236452,37.0194,-93.2339,345.6,MO,OZARK,USC00236452,6.8
USC00236460,36.6744,-93.1075,254.2,MO,OZARK BEACH,USC00236460,6.8
USC00236468,38.4858,-90.77,172.2,MO,PACIFIC,USC00236468,11.4
USC00236493,39.7683,-91.5139,189.0,MO,PALMYRA,USC00236493,12.5
USC00236563,40.0147,-94.1294,251.5,MO,PATTONSBURG 2S,USC00236563,18.5
USC00236641,37.7342,-89.92,153.0,MO,PERRYVILLE WTP,USC00236641,4.7
USC00236678,36.9494,-94.0078,374.9,MO,PIERCE CITY,USC00236678,6.1000000000000005
USC00236745,38.81,-94.2647,304.8,MO,PLEASANT HILL WFO,USC00236745,16.8
USC00236775,39.5469,-94.0328,297.5,MO,POLO,USC00236775,14.1
USC00236791,36.7578,-90.4056,112.8,MO,POPLAR BLUFF,USC00236791,5.4
USC00236804,36.4136,-89.6997,85.3,MO,PORTAGEVILLE,USC00236804,6.6
USC00236826,37.8956,-90.8414,336.8,MO,POTOSI 4 SW,USC00236826,11.5
USC00236970,36.5928,-90.2319,96.9,MO,QULIN,USC00236970,3.5
USC00237105,38.3889,-91.8208,182.3,MO,RICH FOUNTAIN 3 E,USC00237105,10.8
USC00237263,37.9567,-91.7761,357.5,MO,ROLLA MISSOURI S&T,USC00237263,17.3
USC00237300,38.4508,-91.3753,222.5,MO,ROSEBUD,USC00237300,14.2
USC00237309,37.2597,-91.4278,252.7,MO,ROUND SPRING 2SW,USC00237309,5.6
USC00237397,38.8142,-90.5139,143.9,MO,ST CHARLES ELM PT,USC00237397,9.0
USC00237398,38.6853,-90.5233,137.2,MO,ST CHARLES 7 SSW,USC00237398,8.100000000000001
USC00237475,38.7678,-90.5894,175.3,MO,ST PETERS 2 SE,USC00237475,14.8
USC00237506,37.6339,-91.5361,367.3,MO,SALEM,USC00237506,1.3
USC00237632,38.6753,-93.2228,237.7,MO,SEDALIA WTP,USC00237632,13.100000000000001
USC00237720,39.6828,-92.0464,227.7,MO,SHELBINA,USC00237720,15.9
USC00237772,36.8775,-89.6231,94.5,MO,SIKESTON PWR STN,USC00237772,3.1
USC00237780,36.8097,-92.055,329.2,MO,SILOAM SPRINGS 1E,USC00237780,3.5999999999999996
USC00238051,39.9703,-91.8875,214.9,MO,STEFFENVILLE,USC00238051,17.8
USC00238082,37.6967,-93.7725,281.0,MO,STOCKTON DAM,USC00238082,6.8999999999999995
USC00238171,38.2386,-91.1489,279.2,MO,SULLIVAN,USC00238171,8.100000000000001
USC00238188,39.6367,-93.29,210.3,MO,SUMNER 3 SW,USC00238188,13.7
USC00238223,38.9664,-93.4194,205.7,MO,SWEET SPRINGS,USC00238223,12.2
USC00238313,36.5967,-92.2617,252.4,MO,TECUMSEH 1NE,USC00238313,5.7
USC00238444,40.0825,-93.6086,255.1,MO,TRENTON,USC00238444,17.2
USC00238515,38.4444,-91.0042,164.6,MO,UNION,USC00238515,14.399999999999999
USC00238523,40.475,-93.0031,323.1,MO,UNIONVILLE,USC00238523,28.7
USC00238524,38.9483,-94.3969,287.1,MO,UNITY VILLAGE,USC00238524,8.6
USC00238561,38.5572,-90.4922,161.8,MO,VALLEY PARK,USC00238561,10.2
USC00238664,37.29,-94.6042,274.0,MO,WACO 4N,USC00238664,7.800000000000001
USC00238746,38.5417,-90.975,148.4,MO,WASHINGTON,USC00238746,7.9
USC00238777,37.8131,-92.2317,271.3,MO,WAYNESVILLE 2 W,USC00238777,10.2
USC00238805,38.6989,-90.6828,185.9,MO,WELDON SPRING NWS,USC00238805,13.5
USC00238880,36.7267,-91.8736,336.8,MO,W PLAINS,USC00238880,8.7
USC00238910,36.9358,-91.7633,349.9,MO,WHITE CHURCH 6 NNE,USC00238910,6.4
USC00238984,36.9708,-90.5586,155.4,MO,WILLIAMSVILLE,USC00238984,8.9
USC00240075,47.0036,-114.4781,932.7,MT,ALBERTON,USC00240075,49.400000000000006
USC00240088,45.2089,-104.2647,1009.5,MT,ALBION 1 N,USC00240088,28.6
USC00240110,45.0708,-112.0575,1783.1,MT,ALDER 17 S,USC00240110,57.2
USC00240199,46.1308,-112.9333,1594.1,MT,ANACONDA,USC00240199,75.1
USC00240636,45.6947,-104.3856,985.7,MT,BELLTOWER,USC00240636,27.1
USC00240743,45.0428,-105.48,1106.7,MT,BIDDLE 8 SW,USC00240743,35.2
USC00240780,45.8325,-109.9511,1249.7,MT,BIG TIMBER,USC00240780,54.6
USC00240801,45.7503,-108.5697,970.8,MT,BILLINGS WFO,USC00240801,48.2
USC00240802,45.7717,-108.4811,944.0,MT,BILLINGS WTP,USC00240802,35.0
USC00241044,45.6622,-111.0464,1497.5,MT,BOZEMAN MONTANA STATE UNIV,USC00241044,91.3
USC00241081,48.075,-111.2603,1013.5,MT,BRADY 27 ENE (THE KNEES),USC00241081,42.5
USC00241084,45.8161,-106.2328,844.3,MT,BRANDENBERG,USC00241084,40.4
USC00241088,48.5156,-105.2992,705.0,MT,BREDETTE,USC00241088,28.2
USC00241102,45.3261,-108.9092,1092.1,MT,BRIDGER 2 N,USC00241102,30.3
USC00241231,47.4647,-107.3114,906.5,MT,BRUSETT 3 N,USC00241231,31.5
USC00241297,45.5397,-106.9597,1045.5,MT,BUSBY,USC00241297,52.3
USC00241518,46.7444,-104.3092,958.6,MT,CARLYLE 13 NW,USC00241518,55.3
USC00241525,47.7922,-111.2203,1051.6,MT,CARTER 14 W,USC00241525,42.5
USC00241552,47.2192,-111.7106,1024.1,MT,CASCADE 5 S,USC00241552,66.8
USC00241557,46.9956,-111.5772,1402.1,MT,CASCADE 20 SSE,USC00241557,62.900000000000006
USC00241692,48.5092,-110.9694,954.6,MT,CHESTER,USC00241692,36.5
USC00241737,47.8206,-112.1922,1172.0,MT,CHOTEAU,USC00241737,47.5
USC00241875,47.0564,-106.6164,829.1,MT,COHAGEN,USC00241875,24.6
USC00241905,45.8944,-106.6336,980.8,MT,COLSTRIP,USC00241905,36.6
USC00241938,45.6444,-109.2675,1097.9,MT,COLUMBUS,USC00241938,47.6
USC00241974,48.1736,-111.9503,1082.0,MT,CONRAD,USC00241974,46.8
USC00241995,45.0108,-109.9819,2280.8,MT,COOKE CITY 2 W,USC00241995,213.1
USC00242104,48.1881,-114.1339,894.6,MT,CRESTON,USC00242104,50.6
USC00242409,45.2089,-112.6389,1563.3,MT,DILLON U OF MONTANA WESTERN,USC00242409,11.2
USC00242421,45.7511,-112.7547,1630.7,MT,DIVIDE,USC00242421,15.2
USC00242438,48.3992,-108.2625,699.2,MT,DODSON 1 WNW,USC00242438,10.1
USC00242689,45.8864,-104.5478,1046.1,MT,EKALAKA,USC00242689,48.4
USC00242793,45.3394,-111.7122,1509.7,MT,ENNIS,USC00242793,44.7
USC00242827,48.8978,-115.0644,771.8,MT,EUREKA RS,USC00242827,35.1
USC00242996,45.4531,-109.5069,1371.6,MT,FISHTAIL,USC00242996,72.2
USC00243013,46.8217,-108.3725,1003.4,MT,FLATWILLOW 4 ENE,USC00243013,43.400000000000006
USC00243098,46.2722,-106.6756,766.6,MT,FORSYTH,USC00243098,34.6
USC00243110,48.4983,-109.8014,815.3,MT,FT ASSINIBOINE,USC00243110,34.6
USC00243113,47.8303,-110.6611,807.4,MT,FT BENTON,USC00243113,38.2
USC00243139,48.7783,-114.8997,914.4,MT,FORTINE 1 N,USC00243139,40.9
USC00243346,48.2922,-111.5683,1082.0,MT,GALATA 16 SW,USC00243346,48.8
USC00243486,46.0397,-109.4953,1354.5,MT,GIBSON 2 NE,USC00243486,78.1
USC00243555,48.2064,-106.6256,692.2,MT,GLASGOW WFO,USC00243555,43.7
USC00243570,45.5261,-112.7006,1540.5,MT,GLEN 4 N,USC00243570,10.1
USC00243581,47.1058,-104.7175,632.5,MT,GLENDIVE,USC00243581,22.6
USC00243617,48.9753,-111.3989,1066.2,MT,GOLDBUTTE 7 N,USC00243617,85.9
USC00243707,44.9656,-113.0042,1761.7,MT,GRANT 5 SE,USC00243707,41.5
USC00243727,47.0256,-108.8036,1063.8,MT,GRASS RANGE,USC00243727,50.1
USC00243753,47.4614,-111.385,1129.3,MT,GREAT FALLS WFO,USC00243753,68.9
USC00243915,45.7317,-107.6092,877.8,MT,HARDIN,USC00243915,27.9
USC00243939,46.4356,-109.8428,1286.9,MT,HARLOWTON,USC00243939,19.6
USC00244038,44.8667,-111.3392,1977.8,MT,HEBGEN DAM,USC00244038,177.2
USC00244084,48.08,-116.0014,682.8,MT,HERON 2 NW,USC00244084,84.30000000000001
USC00244174,48.7261,-110.4561,899.2,MT,HINGHAM 12 N,USC00244174,14.2
USC00244181,48.1278,-107.3111,722.1,MT,HINSDALE 21 SW,USC00244181,25.2
USC00244241,46.9908,-112.0117,1062.8,MT,HOLTER DAM,USC00244241,28.0
USC00244302,46.9192,-104.8967,648.3,MT,HOYT 2 WSW,USC00244302,10.8
USC00244345,45.9228,-108.2453,924.8,MT,HUNTLEY EXP STN,USC00244345,34.4
USC00244358,46.2897,-107.2306,813.5,MT,HYSHAM,USC00244358,37.1
USC00244364,45.9353,-107.1375,944.9,MT,HYSHAM 25 SSE,USC00244364,47.4
USC00244386,46.5675,-107.195,853.4,MT,INGOMAR 9 E,USC00244386,29.9
USC00244506,45.4733,-109.0106,1169.8,MT,JOLIET,USC00244506,50.9
USC00244512,48.5594,-110.7719,1012.9,MT,JOPLIN,USC00244512,35.3
USC00244538,46.6778,-109.7506,1411.2,MT,JUDITH GAP,USC00244538,27.5
USC00244558,48.3042,-114.2636,901.3,MT,KALISPELL GLACIER AP,USC00244558,54.400000000000006
USC00244766,48.5217,-110.1075,871.7,MT,KREMLIN,USC00244766,29.2
USC00244954,46.3614,-110.5997,1706.9,MT,LENNEP 5 SW,USC00244954,95.6
USC00244978,46.9058,-109.4114,1513.3,MT,LEWISTOWN 11 SSE,USC00244978,112.1
USC00245015,48.4036,-115.5392,638.9,MT,LIBBY 1 NE RS,USC00245015,48.2
USC00245020,47.9578,-115.2144,1048.5,MT,LIBBY 32 SSE,USC00245020,92.69999999999999
USC00245030,44.6331,-112.5928,1913.8,MT,LIMA,USC00245030,52.6
USC00245043,47.4083,-113.7125,1316.7,MT,LINDBERGH LAKE,USC00245043,136.5
USC00245045,47.2253,-105.1522,820.8,MT,LINDSAY,USC00245045,23.7
USC00245080,45.4956,-110.5589,1537.4,MT,LIVINGSTON 12 S,USC00245080,62.7
USC00245153,47.9364,-110.5025,785.8,MT,LOMA,USC00245153,36.3
USC00245340,47.8417,-107.9556,797.1,MT,MALTA 35 S,USC00245340,32.2
USC00245387,46.5,-110.3378,1463.0,MT,MARTINSDALE 3 NNW,USC00245387,43.4
USC00245533,45.6628,-110.1147,1465.8,MT,MCLEOD,USC00245533,100.2
USC00245596,46.6008,-107.8706,893.7,MT,MELSTONE,USC00245596,42.9
USC00245608,45.9994,-111.1328,1540.2,MT,MENARD 3 NE,USC00245608,21.3
USC00245712,46.8747,-111.1642,1514.9,MT,MILLEGAN 14 SE,USC00245712,149.3
USC00245735,46.8983,-113.9678,1042.4,MT,MISSOULA 2 NE,USC00245735,50.2
USC00245740,46.9244,-114.0911,974.4,MT,MISSOULA 6 NW WFO,USC00245740,42.9
USC00245754,46.2858,-105.2919,755.9,MT,MIZPAH 4 NNW,USC00245754,29.9
USC00245761,47.0572,-109.9511,1310.6,MT,MOCCASIN EXP STN,USC00245761,44.5
USC00245870,45.1758,-105.7517,981.5,MT,MOORHEAD 9 NE,USC00245870,29.0
USC00245961,45.2436,-109.7311,1994.6,MT,MYSTIC LAKE,USC00245961,192.7
USC00246157,45.4875,-111.6336,1446.3,MT,NORRIS MADISON PWR HOUSE,USC00246157,51.8
USC00246190,45.435,-109.8081,1475.2,MT,NYE #2,USC00246190,69.7
USC00246236,48.9989,-106.38,877.2,MT,OPHEIM 10 N,USC00246236,33.0
USC00246238,48.6956,-106.3153,894.9,MT,OPHEIM 12 SSE,USC00246238,38.6
USC00246601,46.4178,-104.5164,847.3,MT,PLEVNA,USC00246601,34.2
USC00246640,47.6775,-114.2419,832.1,MT,SKQ DAM,USC00246640,33.6
USC00246647,46.1972,-108.0039,1033.3,MT,POMPEYS PILLAR 15N,USC00246647,46.1
USC00246672,48.9978,-107.8331,862.6,MT,PORT OF MORGAN,USC00246672,22.9
USC00246685,46.8767,-113.5625,1124.7,MT,POTOMAC,USC00246685,51.8
USC00246691,45.8525,-105.035,853.4,MT,POWDERVILLE 8 NNE,USC00246691,29.9
USC00246700,47.6544,-111.5981,1143.0,MT,POWER 6 SE,USC00246700,49.0
USC00246747,45.4339,-108.5361,1236.6,MT,PRYOR,USC00246747,32.2
USC00246862,45.9717,-109.2536,1239.9,MT,RAPELJE,USC00246862,54.300000000000004
USC00246893,48.9975,-104.575,714.8,MT,RAYMOND BORDER STN,USC00246893,31.3
USC00246918,45.1769,-109.2572,1720.9,MT,RED LODGE,USC00246918,141.9
USC00247034,45.5022,-104.4478,1010.7,MT,RIDGEWAY 1 S,USC00247034,50.0
USC00247214,46.4381,-108.5319,975.4,MT,ROUNDUP,USC00247214,24.4
USC00247220,46.3253,-108.7403,1032.1,MT,ROUNDUP 15 SW,USC00247220,43.0
USC00247228,47.4869,-108.8372,940.3,MT,ROY 8 NE,USC00247228,36.3
USC00247263,46.5333,-109.3442,1353.3,MT,RYEGATE 18 NNW,USC00247263,52.900000000000006
USC00247382,47.4536,-104.3378,602.9,MT,SAVAGE,USC00247382,29.6
USC00247425,48.8356,-105.4747,728.5,MT,SCOBEY 4 NW,USC00247425,22.9
USC00247448,47.2142,-113.5203,1249.7,MT,SEELEY LAKE RS,USC00247448,118.89999999999999
USC00247500,48.5133,-111.855,1013.5,MT,SHELBY,USC00247500,38.9
USC00247560,47.7283,-104.1469,589.2,MT,SIDNEY,USC00247560,30.4
USC00247618,47.4961,-111.9161,1084.5,MT,SIMMS 1 NE,USC00247618,45.9
USC00247620,48.9981,-110.2158,858.0,MT,SIMPSON 6 N - WILDHORSE,USC00247620,31.2
USC00247740,45.3242,-105.9136,1193.0,MT,SONNETTE 7 SW,USC00247740,29.1
USC00247800,45.7383,-110.2242,1290.8,MT,SPRINGDALE,USC00247800,19.4
USC00247894,46.5136,-114.0911,1028.7,MT,STEVENSVILLE,USC00247894,17.1
USC00247967,45.9111,-113.7394,1571.2,MT,SULA 14 NE,USC00247967,88.4
USC00248165,46.7939,-105.3022,685.8,MT,TERRY,USC00248165,11.8
USC00248211,47.5933,-115.3594,725.4,MT,THOMPSON FALLS PH,USC00248211,15.3
USC00248324,46.2989,-111.4525,1208.2,MT,TOWNSEND 3SE,USC00248324,23.700000000000003
USC00248380,47.8669,-115.6278,718.1,MT,TROUT CREEK RS,USC00248380,51.4
USC00248415,48.9992,-108.3894,908.9,MT,TURNER 11N,USC00248415,26.1
USC00248498,47.3392,-108.4992,885.4,MT,VALENTINE,USC00248498,33.1
USC00248597,45.2925,-111.9478,1759.6,MT,VIRGINIA CITY,USC00248597,64.7
USC00248693,48.0878,-109.6453,1295.4,MT,WARRICK 2 NW,USC00248693,68.7
USC00248809,48.5003,-113.9847,959.5,MT,W GLACIER,USC00248809,115.2
USC00248902,48.4081,-114.3594,944.9,MT,WHITEFISH,USC00248902,63.1
USC00248939,48.7597,-107.625,709.6,MT,WHITEWATER,USC00248939,9.9
USC00248957,46.9878,-104.1567,821.7,MT,WIBAUX 2 E,USC00248957,38.0
USC00249023,46.0306,-110.5056,1787.7,MT,WILSALL 8 ENE,USC00249023,81.7
USC00249240,45.3128,-107.9383,1007.4,MT,YELLOWTAIL DAM,USC00249240,43.9
USC00250030,42.4244,-103.7347,1423.4,NE,AGATE 3 E,USC00250030,34.2
USC00250050,42.5522,-99.8556,765.0,NE,AINSWORTH,USC00250050,35.8
USC00250070,41.6853,-98.0083,547.1,NE,ALBION,USC00250070,26.6
USC00250245,41.6108,-99.9044,833.0,NE,ANSELMO 2 WSW,USC00250245,34.0
USC00250320,41.4267,-99.1272,658.4,NE,ARCADIA,USC00250320,25.799999999999997
USC00250355,41.4322,-100.2719,876.9,NE,ARNOLD 4 WNW,USC00250355,30.8
USC00250365,41.5697,-101.6917,1115.6,NE,ARTHUR,USC00250365,32.9
USC00250375,41.0408,-96.3811,340.8,NE,ASHLAND #2,USC00250375,22.1
USC00250420,42.5136,-99.0303,648.6,NE,ATKINSON 3SW,USC00250420,33.3
USC00250435,40.3706,-95.7469,283.5,NE,AUBURN 5 ESE,USC00250435,30.4
USC00250445,40.8586,-97.9958,544.1,NE,AURORA,USC00250445,27.3
USC00250520,40.0489,-96.5747,365.8,NE,BARNESTON,USC00250520,15.5
USC00250525,41.8858,-98.5631,662.9,NE,BARTLETT 1W,USC00250525,35.1
USC00250622,40.2994,-96.75,395.3,NE,BEATRICE 1N,USC00250622,18.8
USC00250640,40.1306,-99.8278,654.7,NE,BEAVER CITY,USC00250640,21.3
USC00250734,41.4636,-98.0739,520.3,NE,BELGRADE,USC00250734,24.2
USC00250760,40.0644,-101.5436,939.1,NE,BENKELMAN 1N,USC00250760,27.6
USC00250781,41.3536,-96.2094,379.5,NE,BENNINGTON 3WSW,USC00250781,34.4
USC00250810,40.5283,-99.6353,768.1,NE,BERTRAND,USC00250810,17.5
USC00250865,41.0653,-102.0711,1029.9,NE,BIG SPRINGS,USC00250865,27.7
USC00250945,42.5939,-97.6436,530.4,NE,BLOOMFIELD,USC00250945,41.7
USC00250961,40.3058,-98.5047,601.1,NE,BLUE HILL 4 SW,USC00250961,25.3
USC00251065,40.8836,-97.7492,524.3,NE,BRADSHAW,USC00251065,28.099999999999998
USC00251145,41.6681,-103.1039,1117.4,NE,BRIDGEPORT,USC00251145,38.7
USC00251149,41.5639,-103.3678,1264.6,NE,BRIDGEPORT 18WSW,USC00251149,40.9
USC00251189,41.6111,-102.9014,1060.4,NE,BROADWATER 3WNW,USC00251189,19.7
USC00251200,41.4083,-99.675,763.2,NE,BROKEN BOW 2 W,USC00251200,29.5
USC00251240,40.3325,-97.5653,481.6,NE,BRUNING,USC00251240,22.7
USC00251345,41.7769,-99.1433,663.2,NE,BURWELL,USC00251345,29.2
USC00251361,41.0103,-103.8769,1575.8,NE,BUSHNELL 15S,USC00251361,51.599999999999994
USC00251365,42.9131,-98.8511,550.5,NE,BUTTE,USC00251365,36.1
USC00251415,40.2847,-100.1433,682.4,NE,CAMBRIDGE,USC00251415,24.0
USC00251450,40.6944,-99.7008,719.9,NE,CANADAY STEAM PLT,USC00251450,20.0
USC00251560,41.1222,-98.0283,518.2,NE,CENTRAL CITY,USC00251560,28.6
USC00251575,42.8083,-103.0533,1031.1,NE,CHADRON 3SW,USC00251575,50.3
USC00251680,40.5033,-97.9372,528.5,NE,CLAY CTR 6 ESE,USC00251680,23.2
USC00251684,40.5208,-98.0536,545.0,NE,CLAY CTR,USC00251684,18.5
USC00251696,42.1844,-98.1911,547.1,NE,CLEARWATER,USC00251696,28.7
USC00251825,41.4639,-97.3278,442.0,NE,COLUMBUS 3 NE,USC00251825,25.6
USC00251990,42.4603,-97.9047,506.0,NE,CREIGHTON,USC00251990,35.6
USC00252000,41.7608,-102.4378,1163.7,NE,CRESCENT LAKE NWR,USC00252000,36.5
USC00252020,40.6092,-96.8719,445.0,NE,CRETE 4ESE,USC00252020,25.3
USC00252037,42.7364,-97.4969,426.7,NE,CROFTON,USC00252037,38.4
USC00252065,40.2317,-100.8303,786.7,NE,CULBERTSON,USC00252065,26.5
USC00252100,40.6344,-100.5219,794.3,NE,CURTIS,USC00252100,28.1
USC00252145,41.4086,-102.9661,1303.9,NE,DALTON,USC00252145,48.1
USC00252205,41.2492,-97.1328,490.7,NE,DAVID CITY,USC00252205,31.799999999999997
USC00252306,40.3497,-98.0592,506.0,NE,DEWEESE 4 SE,USC00252306,23.2
USC00252380,41.7233,-96.8828,426.7,NE,DODGE,USC00252380,33.5
USC00252595,41.9872,-98.0747,589.8,NE,ELGIN,USC00252595,29.700000000000003
USC00252645,42.0628,-102.3172,1191.5,NE,ELLSWORTH 2W,USC00252645,42.6
USC00252680,42.1717,-100.0106,808.9,NE,ELSMERE 9 ENE,USC00252680,44.6
USC00252690,40.4767,-99.8861,731.5,NE,ELWOOD 8 S,USC00252690,25.3
USC00252715,42.2797,-96.7244,443.2,NE,EMERSON,USC00252715,30.6
USC00252790,40.6864,-100.0536,833.3,NE,EUSTIS 2 NW,USC00252790,30.7
USC00252805,42.2611,-98.3417,565.1,NE,EWING,USC00252805,31.7
USC00252820,40.0739,-97.1669,411.5,NE,FAIRBURY 5S,USC00252820,20.7
USC00252840,40.6422,-97.5928,499.9,NE,FAIRMONT,USC00252840,24.7
USC00253037,40.0953,-98.945,567.2,NE,FRANKLIN #2,USC00253037,18.9
USC00253065,40.6558,-97.2208,467.9,NE,FRIEND 3E,USC00253065,23.9
USC00253075,41.3594,-97.9761,502.9,NE,FULLERTON,USC00253075,26.0
USC00253175,40.5314,-97.5964,496.8,NE,GENEVA,USC00253175,21.200000000000003
USC00253185,41.4514,-97.7644,484.6,NE,GENOA 2 W,USC00253185,28.900000000000002
USC00253355,42.8967,-102.203,1142.4,NE,GORDON 6N,USC00253355,45.8
USC00253425,41.5461,-98.5331,615.7,NE,GREELEY,USC00253425,29.8
USC00253461,41.0311,-97.4703,495.0,NE,GRESHAM 3W,USC00253461,24.3
USC00253467,41.1586,-96.1922,378.0,NE,GRETNA 4NE,USC00253467,36.4
USC00253485,40.0692,-98.3331,498.3,NE,GUIDE ROCK,USC00253485,15.200000000000001
USC00253515,40.0136,-101.9408,998.2,NE,HAIGLER,USC00253515,22.0
USC00253589,40.0136,-97.9289,463.3,NE,HARDY,USC00253589,20.7
USC00253595,40.0892,-99.2133,612.6,NE,HARLAN CO LAKE,USC00253595,15.3
USC00253605,41.6331,-103.9542,1386.8,NE,HARRISBURG 12WNW,USC00253605,46.6
USC00253615,42.6858,-103.8842,1478.3,NE,HARRISON,USC00253615,56.6
USC00253618,42.8003,-103.7867,1228.0,NE,HARRISON 9NE,USC00253618,50.3
USC00253630,42.6167,-97.2608,429.2,NE,HARTINGTON,USC00253630,35.3
USC00253660,40.6472,-98.3836,590.7,NE,HASTINGS 4N,USC00253660,28.6
USC00253735,40.175,-97.5903,451.1,NE,HEBRON,USC00253735,23.2
USC00253755,42.3208,-103.0733,1301.5,NE,HEMINGFORD,USC00253755,45.4
USC00253810,41.1056,-100.9775,899.8,NE,HERSHEY 5 SSE,USC00253810,26.9
USC00253825,40.6219,-96.6283,396.2,NE,HICKMAN,USC00253825,28.6
USC00253910,40.4517,-99.3803,707.1,NE,HOLDREGE,USC00253910,25.4
USC00254035,41.7175,-97.0031,463.3,NE,HOWELLS,USC00254035,23.7
USC00254043,40.01,-97.4978,448.1,NE,HUBBELL,USC00254043,25.1
USC00254110,40.5092,-101.6514,1004.0,NE,IMPERIAL,USC00254110,26.0
USC00254335,40.7258,-99.0133,649.2,NE,KEARNEY 4 NE,USC00254335,21.8
USC00254432,42.9503,-100.945,885.4,NE,KILGORE 1NE,USC00254432,38.2
USC00254440,41.2453,-103.6344,1435.0,NE,KIMBALL 2NE,USC00254440,29.799999999999997
USC00254455,41.2097,-101.6706,1011.3,NE,KINGSLEY DAM,USC00254455,21.4
USC00254865,41.4983,-102.6222,1071.4,NE,LISCO,USC00254865,25.9
USC00254900,41.1489,-102.6361,1168.0,NE,LODGEPOLE,USC00254900,27.900000000000002
USC00254903,41.2664,-102.6586,1184.5,NE,LODGEPOLE 8N,USC00254903,37.3
USC00254945,41.7614,-98.2139,640.1,NE,LORETTO 7W,USC00254945,34.0
USC00254985,41.2789,-98.9697,630.9,NE,LOUP CITY,USC00254985,30.7
USC00255050,41.9378,-96.4789,390.1,NE,LYONS,USC00255050,27.799999999999997
USC00255105,40.9081,-96.865,399.3,NE,MALCOLM,USC00255105,26.8
USC00255250,41.2211,-99.2939,698.6,NE,MASON CITY,USC00255250,25.9
USC00255269,40.2978,-101.3806,995.2,NE,MAX 13N,USC00255269,25.7
USC00255310,40.2289,-100.61,793.1,NE,MC COOK,USC00255310,29.9
USC00255311,40.4389,-100.6961,843.1,NE,MC COOK 17 NNW,USC00255311,28.1
USC00255312,40.2161,-100.63,787.9,NE,MC COOK #2,USC00255312,20.4
USC00255362,41.1431,-96.4808,352.0,NE,MEAD 6S,USC00255362,20.3
USC00255388,40.3744,-100.2331,734.3,NE,MEDICINE CREEK DAM,USC00255388,15.6
USC00255470,42.9194,-101.7089,986.0,NE,MERRIMAN,USC00255470,32.2
USC00255525,40.9283,-99.3886,704.1,NE,MILLER,USC00255525,25.0
USC00255565,40.5156,-98.9514,658.4,NE,MINDEN,USC00255565,24.8
USC00255700,42.0422,-101.0458,979.9,NE,MULLEN,USC00255700,41.8
USC00255780,40.0783,-99.1386,577.3,NE,NAPONEE,USC00255780,18.2
USC00255810,40.6986,-95.8867,321.6,NE,NEBRASKA CITY 2NW,USC00255810,24.0
USC00255830,42.1303,-98.0275,536.4,NE,NELIGH,USC00255830,36.6
USC00255840,40.2028,-98.0633,514.2,NE,NELSON,USC00255840,23.3
USC00255895,42.6531,-96.8775,410.0,NE,NEWCASTLE,USC00255895,36.2
USC00255925,42.6008,-99.3333,679.7,NE,NEWPORT,USC00255925,41.5
USC00255997,42.0289,-97.4855,470.9,NE,NORFOLK 4W,USC00255997,26.3
USC00256040,41.4969,-98.7714,597.7,NE,N LOUP,USC00256040,30.9
USC00256075,41.0569,-100.7494,922.0,NE,N PLATTE EXP FARM,USC00256075,28.3
USC00256135,42.0644,-97.9667,533.1,NE,OAKDALE,USC00256135,31.400000000000002
USC00256200,41.1275,-101.7206,984.5,NE,OGALLALA,USC00256200,24.6
USC00256290,42.4594,-98.6564,606.6,NE,O'NEILL,USC00256290,25.6
USC00256336,41.6028,-98.9269,624.8,NE,ORD #2,USC00256336,35.0
USC00256365,40.1342,-99.4825,606.2,NE,ORLEANS 2 W,USC00256365,27.0
USC00256375,41.1844,-97.5514,506.6,NE,OSCEOLA,USC00256375,29.299999999999997
USC00256385,41.4014,-102.3464,1033.3,NE,OSHKOSH,USC00256385,27.7
USC00256390,41.3036,-102.4375,1167.4,NE,OSHKOSH 8 SW,USC00256390,33.9
USC00256454,40.3283,-99.6522,683.4,NE,OXFORD 6NNW,USC00256454,24.3
USC00256480,40.3503,-101.1047,840.3,NE,PALISADE,USC00256480,20.8
USC00256552,40.3211,-101.6739,1012.9,NE,PARKS 17N,USC00256552,29.3
USC00256585,41.1228,-101.3564,937.3,NE,PAXTON,USC00256585,14.0
USC00256720,42.1958,-97.5206,480.1,NE,PIERCE,USC00256720,30.0
USC00256765,42.2614,-103.5189,1426.5,NE,PLAINSVIEW RCH,USC00256765,53.3
USC00256795,41.0267,-95.8828,306.3,NE,PLATTSMOUTH 1E,USC00256795,25.3
USC00256837,41.0756,-97.7872,530.4,NE,POLK,USC00256837,26.5
USC00256880,41.2183,-103.3206,1350.3,NE,POTTER,USC00256880,33.2
USC00256922,41.3061,-96.8056,410.0,NE,PRAGUE,USC00256922,29.299999999999997
USC00257002,40.3119,-99.2903,682.8,NE,RAGAN,USC00257002,23.6
USC00257032,42.2944,-97.3647,541.0,NE,RANDOLPH 6 S,USC00257032,29.7
USC00257040,41.0319,-98.9214,623.6,NE,RAVENNA,USC00257040,24.4
USC00257055,40.9536,-96.7442,391.1,NE,RAYMOND 2E,USC00257055,32.7
USC00257070,40.0978,-98.5197,527.9,NE,RED CLOUD,USC00257070,18.6
USC00257246,40.6561,-96.6603,378.0,NE,ROCA,USC00257246,28.599999999999998
USC00257351,42.3203,-98.0933,565.4,NE,ROYAL 2SE,USC00257351,48.7
USC00257401,40.0536,-95.4642,283.5,NE,RULO 2W,USC00257401,22.1
USC00257515,41.2078,-98.4608,552.3,NE,SAINT PAUL,USC00257515,22.4
USC00257545,40.0225,-95.7883,320.0,NE,SALEM 5SW,USC00257545,24.2
USC00257640,41.4425,-97.0656,411.5,NE,SCHUYLER,USC00257640,35.6
USC00257667,41.8644,-103.6397,1191.5,NE,SCOTTSBLUFF 1E,USC00257667,39.7
USC00257715,40.8997,-97.0908,440.4,NE,SEWARD,USC00257715,21.5
USC00257751,41.2183,-97.3883,498.3,NE,SHELBY 3NE,USC00257751,30.3
USC00257800,40.2039,-95.7064,332.2,NE,SHUBERT 2SW,USC00257800,23.4
USC00257830,41.2294,-103.0214,1316.7,NE,SIDNEY 6 NNW,USC00257830,28.8
USC00258040,42.7981,-98.6508,486.5,NE,SPENCER 6 SSE,USC00258040,30.900000000000002
USC00258117,42.0414,-97.1747,481.6,NE,STANTON 7NE,USC00258117,25.9
USC00258133,41.4581,-100.5986,921.1,NE,STAPLETON 5W,USC00258133,37.4
USC00258202,40.4578,-96.3767,368.8,NE,STERLING,USC00258202,21.0
USC00258215,40.5322,-100.3856,757.1,NE,STOCKVILLE,USC00258215,21.2
USC00258255,40.1519,-101.2286,861.7,NE,STRATTON,USC00258255,19.7
USC00258320,40.0297,-98.0758,460.9,NE,SUPERIOR,USC00258320,21.3
USC00258328,41.1042,-97.3094,470.9,NE,SURPRISE,USC00258328,24.3
USC00258395,40.6661,-96.1892,335.3,NE,SYRACUSE,USC00258395,25.5
USC00258410,40.2381,-96.0847,344.4,NE,TABLE ROCK 4N,USC00258410,21.4
USC00258455,41.7678,-99.3789,691.9,NE,TAYLOR,USC00258455,30.200000000000003
USC00258465,40.3544,-96.1939,338.3,NE,TECUMSEH 1S,USC00258465,22.4
USC00258480,41.7767,-96.2328,347.5,NE,TEKAMAH,USC00258480,24.7
USC00258628,40.1903,-101.0669,857.4,NE,TRENTON DAM 1N,USC00258628,21.8
USC00258745,40.8972,-97.3464,487.7,NE,UTICA,USC00258745,20.5
USC00258751,42.8753,-100.5517,789.1,NE,VALENTINE #1,USC00258751,28.7
USC00258795,41.3197,-96.3672,349.0,NE,VALLEY NWS,USC00258795,31.8
USC00258875,40.2444,-96.4983,470.9,NE,VIRGINIA,USC00258875,21.4
USC00258915,42.2619,-96.8636,429.2,NE,WAKEFIELD,USC00258915,35.5
USC00258920,40.8433,-101.2094,961.0,NE,WALLACE 2W,USC00258920,22.0
USC00258935,42.1506,-96.4756,390.1,NE,WALTHILL 1E,USC00258935,32.2
USC00259020,40.4122,-101.3611,896.4,NE,WAUNETA,USC00259020,23.7
USC00259045,42.2361,-97.0108,446.5,NE,WAYNE,USC00259045,32.2
USC00259090,40.8639,-96.1414,335.3,NE,WEEPING WATER,USC00259090,32.8
USC00259115,40.7558,-100.73,858.3,NE,WELLFLEET,USC00259115,24.2
USC00259150,40.3925,-97.2397,457.2,NE,WESTERN 2W,USC00259150,26.799999999999997
USC00259193,41.2211,-96.7775,416.1,NE,WESTON 3NW,USC00259193,34.4
USC00259200,41.845,-96.7142,399.3,NE,W PT,USC00259200,28.9
USC00259325,40.1119,-100.1047,701.0,NE,WILSONVILLE,USC00259325,26.3
USC00259382,41.3967,-98.3925,570.0,NE,WOLBACH,USC00259382,21.8
USC00259475,40.1269,-96.6711,382.5,NE,WYMORE,USC00259475,19.7
USC00259513,40.9153,-97.5997,491.6,NE,YORK 3N,USC00259513,27.8
USC00260150,36.5717,-116.4619,746.8,NV,AMARGOSA FARMS-GAREY,USC00260150,0.2
USC00260507,39.4931,-117.0675,2066.5,NV,AUSTIN #2,USC00260507,63.6
USC00260718,36.995,-116.7189,1082.0,NV,BEATTY 8 N,USC00260718,2.2
USC00260795,40.5903,-116.475,1432.6,NV,BEOWAWE,USC00260795,25.8
USC00260955,38.5208,-115.5444,1425.9,NV,BLUE EAGLE RCH - CURRANT 12SSW,USC00260955,8.3
USC00261358,37.6128,-114.5264,1334.7,NV,CALIENTE,USC00261358,8.7
USC00261485,39.1253,-119.7678,1451.2,NV,CARSON CITY,USC00261485,14.0
USC00261590,37.8044,-114.4069,1472.2,NV,CATHEDRAL GORGE SP,USC00261590,12.1
USC00262229,41.9897,-118.6336,1277.1,NV,DENIO,USC00262229,19.8
USC00262243,36.4381,-115.36,888.2,NV,DESERT NWR,USC00262243,0.30000000000000004
USC00262394,41.8678,-119.0147,1472.2,NV,DUFURRENA - DENIO 22WSW,USC00262394,14.1
USC00262431,37.6064,-118.0,1493.5,NV,DYER 5S,USC00262431,9.2
USC00262557,37.3475,-114.5411,1043.0,NV,ELGIN,USC00262557,0.2
USC00262570,40.8603,-115.7425,1595.6,NV,ELKO NWS OFFICE,USC00262570,38.8
USC00262708,39.5169,-115.9622,1959.9,NV,EUREKA,USC00262708,47.300000000000004
USC00262780,39.4572,-118.7811,1208.5,NV,FALLON EXP STN,USC00262780,4.5
USC00263090,40.6517,-119.3578,1205.2,NV,GERLACH,USC00263090,13.0
USC00263114,41.5697,-115.2111,1816.6,NV,GIBBS RCH - JARBIDGE 24SE,USC00263114,27.8
USC00263340,39.0056,-114.2206,2087.9,NV,GREAT BASIN NP,USC00263340,66.7
USC00263512,38.5156,-118.6208,1341.1,NV,HAWTHORNE,USC00263512,1.2
USC00263671,37.5581,-115.2236,1188.7,NV,HIKO,USC00263671,2.3
USC00263957,40.6564,-118.1631,1298.4,NV,IMLAY,USC00263957,11.6
USC00264095,40.4447,-115.6581,1719.7,NV,JIGGS 2NE,USC00264095,51.7
USC00264341,40.0633,-114.6147,1816.6,NV,LAGES,USC00264341,24.3
USC00264391,40.7442,-115.4855,1752.6,NV,LAMOILLE 2N,USC00264391,84.4
USC00264439,36.0469,-115.1847,693.4,NV,LAS VEGAS WFO,USC00264439,0.2
USC00264698,40.17,-118.4775,1211.0,NV,LOVELOCK,USC00264698,11.4
USC00264745,38.8678,-115.0167,1690.4,NV,LUND,USC00264745,21.6
USC00264935,41.9953,-117.72,1350.3,NV,MCDERMITT,USC00264935,20.799999999999997
USC00264950,39.4136,-114.7733,1911.1,NV,MCGILL,USC00264950,36.9
USC00265132,39.2931,-118.0197,1402.1,NV,MIDDLEGATE-CLIFFORD,USC00265132,3.7
USC00265168,38.3878,-118.1092,1396.0,NV,MINA,USC00265168,7.8
USC00265191,38.9547,-119.7758,1435.3,NV,MINDEN,USC00265191,21.799999999999997
USC00265352,41.2781,-114.1706,1472.2,NV,MONTELLO 2NE,USC00265352,13.9
USC00265371,39.3583,-115.3297,1993.1,NV,MOORMAN RCH - RUTH 16WNW,USC00265371,44.2
USC00265400,36.26,-115.645,2273.8,NV,MT CHARLESTON FIRE STN,USC00265400,100.1
USC00265722,41.0333,-114.4714,1778.5,NV,OASIS,USC00265722,26.5
USC00265818,41.5683,-117.8389,1280.2,NV,OROVADA 3 W,USC00265818,15.7
USC00265880,37.2689,-115.1217,1016.2,NV,PAHRANAGAT WR,USC00265880,1.5
USC00266691,36.0686,-115.4603,1152.1,NV,RED ROCK CANYON - SPG MT RCH S,USC00266691,2.6
USC00266746,39.0633,-117.4131,1954.7,NV,REESE RIVER IONE 13NE,USC00266746,40.1
USC00266791,39.5683,-119.7956,1520.0,NV,RENO WFO,USC00266791,29.700000000000003
USC00267123,40.2022,-115.493,1834.6,NV,RUBY LAKE NWR,USC00267123,51.8
USC00267175,39.2764,-114.9911,2090.3,NV,RUTH,USC00267175,63.9
USC00267192,40.4661,-118.3047,1260.3,NV,RYE PATCH DAM,USC00267192,3.3
USC00267369,35.4661,-114.9217,1079.0,NV,SEARCHLIGHT,USC00267369,0.5
USC00267450,38.9161,-114.4022,1789.2,NV,SHOSHONE 5N,USC00267450,17.7
USC00267612,38.8822,-119.3511,1524.0,NV,SMITH 6 N,USC00267612,0.7000000000000001
USC00267618,40.6044,-119.7475,1173.5,NV,SMOKE CREEK ESPIL,USC00267618,13.3
USC00267620,38.7839,-117.1739,1721.2,NV,SMOKY VALLEY - CARVERS,USC00267620,9.6
USC00267690,40.6764,-115.745,1606.3,NV,S FK STATE REC AREA,USC00267690,19.3
USC00267697,39.5558,-119.7333,1328.0,NV,SPARKS,USC00267697,6.800000000000001
USC00267820,39.6253,-119.8836,1554.8,NV,STEAD,USC00267820,16.7
USC00267908,38.4231,-115.0225,1614.5,NV,SUNNYSIDE - LUND 31S,USC00267908,8.2
USC00267953,39.9508,-119.5986,1188.7,NV,SUTCLIFFE,USC00267953,4.2
USC00268186,38.7394,-119.5181,1613.0,NV,TOPAZ LAKE,USC00268186,18.3
USC00268588,36.4303,-114.5139,609.6,NV,VALLEY OF FIRE SP,USC00268588,0.3
USC00268761,39.3128,-119.6483,1932.4,NV,VIRGINIA CITY,USC00268761,46.4
USC00268822,39.0747,-119.1189,1310.6,NV,WABUSKA 6 SE,USC00268822,2.4
USC00269072,41.6358,-115.8008,1901.6,NV,WILD HORSE RSVR,USC00269072,117.0
USC00269168,40.9386,-117.7514,1327.4,NV,WINNEMUCCA 3SSW,USC00269168,21.6
USC00269229,38.9992,-119.1575,1335.0,NV,YERINGTON,USC00269229,3.2
USC00270681,44.0342,-71.9486,365.8,NH,BENTON 5 SW,USC00270681,71.4
USC00270690,44.4536,-71.1856,280.4,NH,BERLIN,USC00270690,82.0
USC00270706,44.3064,-71.6575,359.7,NH,BETHLEHEM 2,USC00270706,100.9
USC00270913,43.2589,-72.0022,248.4,NH,BRADFORD 2,USC00270913,68.0
USC00271647,44.8611,-71.5392,341.4,NH,COLEBROOK 3SW,USC00271647,81.4
USC00272174,43.1433,-70.95,22.9,NH,DURHAM,USC00272174,38.9
USC00272302,42.8267,-71.6261,73.2,NH,E MILFORD,USC00272302,58.4
USC00272800,43.0303,-71.0839,48.8,NH,EPPING,USC00272800,56.6
USC00272999,45.09,-71.2906,502.9,NH,FIRST CONNECTICUT LAKE,USC00272999,143.0
USC00273024,42.7797,-72.1789,362.7,NH,FITZWILLIAM 2 W,USC00273024,72.5
USC00273415,43.9847,-71.8947,329.2,NH,GLENCLIFF 2,USC00273415,67.2
USC00273626,43.0211,-70.8258,29.0,NH,GREENLAND,USC00273626,65.0
USC00273658,42.7828,-71.7986,274.3,NH,GREENVILLE 1 NNE,USC00273658,75.4
USC00273850,43.7053,-72.2856,178.0,NH,HANOVER,USC00273850,60.599999999999994
USC00274234,42.7831,-71.4147,56.4,NH,HUDSON 1 SSE,USC00274234,66.8
USC00274329,44.4169,-71.5008,376.4,NH,JEFFERSON,USC00274329,94.8
USC00274399,42.9389,-72.3247,155.8,NH,KEENE,USC00274399,59.8
USC00274480,43.5492,-71.4644,152.4,NH,LAKEPORT 2,USC00274480,61.9
USC00274556,44.4958,-71.5767,262.1,NH,LANCASTER,USC00274556,76.1
USC00275150,43.1175,-72.2003,359.7,NH,MARLOW,USC00275150,80.0
USC00275211,42.9892,-71.3933,77.1,NH,MASSABESIC LAKE,USC00275211,52.8
USC00275350,43.6931,-71.4733,262.4,NH,MEREDITH 3 NNE,USC00275350,79.7
USC00275412,42.8394,-71.6486,97.5,NH,MILFORD,USC00275412,57.4
USC00275629,43.3325,-72.0792,388.6,NH,MT SUNAPEE,USC00275629,85.4
USC00275712,42.7914,-71.4736,41.1,NH,NASHUA 2 NNW,USC00275712,52.9
USC00275868,43.3772,-72.1811,234.7,NH,NEWPORT,USC00275868,66.1
USC00275995,44.0561,-71.1297,159.1,NH,N CONWAY,USC00275995,84.0
USC00276070,42.9589,-70.8228,18.3,NH,N HAMPTON,USC00276070,62.6
USC00276234,44.6819,-71.5858,289.6,NH,N STRATFORD,USC00276234,79.1
USC00276818,44.2581,-71.2525,617.2,NH,PINKHAM NOTCH,USC00276818,135.8
USC00276945,43.7833,-71.65,201.2,NH,PLYMOUTH,USC00276945,68.3
USC00278614,43.8644,-71.2664,164.9,NH,TAMWORTH 4,USC00278614,83.0
USC00278858,43.0739,-72.4053,283.5,NH,WALPOLE 3,USC00278858,59.9
USC00279091,43.8669,-71.9164,199.0,NH,WENTWORTH,USC00279091,76.5
USC00279278,42.9108,-71.2019,87.8,NH,W HAMPSTEAD,USC00279278,75.5
USC00279966,44.5067,-71.3336,463.0,NH,YORK POND,USC00279966,95.5
USC00280734,40.8292,-75.0833,80.2,NJ,BELVIDERE BRG,USC00280734,23.3
USC00280927,40.5561,-74.5717,16.8,NJ,BOUND BROOK 2W,USC00280927,21.0
USC00280990,39.5656,-74.2453,1.5,NJ,BRANT BEACH-BEACH HAVEN,USC00280990,10.2
USC00281335,40.7436,-74.3539,54.9,NJ,CANOE BROOK,USC00281335,24.0
USC00281351,38.9533,-74.9361,6.1,NJ,CAPE MAY 2 NW,USC00281351,14.8
USC00282023,40.6667,-74.3236,24.4,NJ,CRANFORD,USC00282023,26.3
USC00282805,39.3831,-74.8294,25.9,NJ,ESTELL MANOR,USC00282805,22.0
USC00283029,40.5739,-74.8817,80.8,NJ,FLEMINGTON 5 NNW,USC00283029,27.1
USC00283662,39.6442,-74.8047,38.1,NJ,HAMMONTON 1 NE,USC00283662,19.0
USC00283704,40.7481,-74.1519,7.3,NJ,HARRISON,USC00283704,28.200000000000003
USC00283951,40.2664,-74.5642,30.5,NJ,HIGHTSTOWN 2 W,USC00283951,23.700000000000003
USC00284229,39.7994,-74.7806,30.5,NJ,INDIAN MILLS 2 W,USC00284229,23.5
USC00284635,40.3594,-74.9447,20.7,NJ,LAMBERTVILLE,USC00284635,13.4
USC00286055,40.4728,-74.4225,33.8,NJ,NEW BRUNSWICK 3 SE,USC00286055,29.0
USC00286460,41.0356,-74.5011,258.2,NJ,OAK RIDGE RSVR,USC00286460,28.1
USC00286964,40.0136,-74.8175,19.2,NJ,PHILADELPHIA/MT HOLLY WFO,USC00286964,24.8
USC00287079,40.6036,-74.4025,27.4,NJ,PLAINFIELD,USC00287079,21.4
USC00287301,40.7369,-74.7322,111.3,NJ,POTTERSVILLE 2 NNW,USC00287301,29.6
USC00287936,39.4872,-75.22,31.7,NJ,SEABROOK FARMS,USC00287936,11.8
USC00288173,39.8367,-75.0447,16.8,NJ,SOMERDALE 4 SW,USC00288173,21.9
USC00288644,41.2214,-74.6625,203.3,NJ,SUSSEX 3 WNW,USC00288644,38.7
USC00289363,40.4519,-74.7792,86.3,NJ,WERTSVILLE 4 NE,USC00289363,23.9
USC00289910,39.5461,-75.1644,29.9,NJ,WOODSTOWN PITTSGROV 4E,USC00289910,13.3
USC00290022,36.3028,-104.2497,1874.5,NM,ABBOTT 1 SE,USC00290022,17.9
USC00290041,36.2403,-106.4278,1944.6,NM,ABIQUIU DAM,USC00290041,10.5
USC00290199,32.9181,-105.955,1335.0,NM,ALAMOGORDO,USC00290199,2.4
USC00290225,35.1317,-106.4953,1827.0,NM,ALBUQUERQUE FOOTHILLS NE,USC00290225,23.700000000000003
USC00290231,35.0217,-106.6939,1510.3,NM,ALBUQUERQUE VALLEY,USC00290231,6.8
USC00290245,36.0908,-106.0567,1731.3,NM,ALCALDE,USC00290245,10.7
USC00290377,35.8742,-103.1819,1354.8,NM,AMISTAD 5 SSW,USC00290377,14.100000000000001
USC00290407,36.395,-105.2853,2590.8,NM,ANGEL FIRE 1S,USC00290407,124.0
USC00290417,31.9381,-108.7689,1371.9,NM,ANIMAS 3ESE,USC00290417,3.6
USC00290525,34.1128,-103.1667,1200.9,NM,ARCH,USC00290525,5.2
USC00290600,32.7547,-104.3836,1026.0,NM,ARTESIA 6S,USC00290600,3.8
USC00290640,34.075,-107.6211,2133.6,NM,AUGUSTINE 2E,USC00290640,6.6
USC00290692,36.835,-108.0006,1720.3,NM,AZTEC RUINS NM,USC00290692,10.9
USC00290915,34.4219,-106.8325,1443.2,NM,BERNARDO,USC00290915,4.7
USC00290992,33.4594,-104.4042,1116.8,NM,BITTER LAKES WL REFUGE,USC00290992,3.6
USC00291000,36.3119,-105.2692,2635.0,NM,BLACK LAKE,USC00291000,114.7
USC00291063,36.6669,-107.9603,1769.7,NM,BLOOMFIELD 3 SE,USC00291063,6.800000000000001
USC00291138,33.8044,-106.8908,1375.3,NM,BOSQUE DEL APACHE,USC00291138,2.0
USC00291153,32.5158,-104.3828,979.3,NM,BRANTLEY DAM,USC00291153,3.6
USC00291252,33.0389,-108.7136,1464.0,NM,BUCKHORN,USC00291252,1.9000000000000001
USC00291286,32.8964,-107.3078,1292.0,NM,CABALLO DAM,USC00291286,0.4
USC00291389,36.4819,-106.4403,2386.0,NM,CANJILON R/S,USC00291389,22.0
USC00291423,34.2753,-104.1636,1236.3,NM,CANTON,USC00291423,12.5
USC00291440,33.5311,-105.5947,1975.1,NM,CAPITAN,USC00291440,27.299999999999997
USC00291445,33.3433,-103.6783,1325.9,NM,CAPROCK,USC00291445,7.9
USC00291450,36.7386,-103.9936,2084.8,NM,CAPULIN,USC00291450,40.9
USC00291469,32.3478,-104.2225,951.0,NM,CARLSBAD,USC00291469,2.7
USC00291480,32.1783,-104.4433,1351.8,NM,CARLSBAD CAVERNS,USC00291480,3.5
USC00291515,33.6308,-105.8964,1647.4,NM,CARRIZOZO 1SW,USC00291515,7.0
USC00291630,36.7408,-105.5956,2331.7,NM,CERRO,USC00291630,61.5
USC00291647,36.0286,-107.9106,1881.8,NM,CHACO CANYON NATL MON,USC00291647,11.200000000000001
USC00291656,36.1211,-105.3756,2454.6,NM,CHACON 2 S,USC00291656,73.4
USC00291664,36.9178,-106.5781,2392.7,NM,CHAMA,USC00291664,91.9
USC00291813,36.4661,-104.9456,1993.4,NM,CIMARRON 4 SW,USC00291813,40.0
USC00291883,36.4594,-103.1997,1524.0,NM,CLAYTON 1 N,USC00291883,18.8
USC00291931,32.9544,-105.7353,2645.4,NM,CLOUDCROFT,USC00291931,66.80000000000001
USC00291939,34.4289,-103.1992,1309.1,NM,CLOVIS,USC00291939,13.399999999999999
USC00291963,34.5989,-103.2161,1351.8,NM,CLOVIS 13 N,USC00291963,8.6
USC00291982,35.6414,-106.3322,1694.7,NM,COCHITI DAM,USC00291982,8.2
USC00292030,35.4072,-104.1906,1293.6,NM,CONCHAS DAM,USC00292030,8.4
USC00292095,34.1492,-105.6975,2036.1,NM,CORONA 10SW,USC00292095,27.9
USC00292100,35.2489,-106.595,1531.9,NM,CORRALES,USC00292100,7.699999999999999
USC00292241,35.995,-106.9703,2105.6,NM,CUBA,USC00292241,34.1
USC00292250,35.0883,-107.5178,1888.2,NM,CUBERO,USC00292250,15.0
USC00292436,32.2531,-107.7531,1310.6,NM,DEMING,USC00292436,1.0
USC00292510,35.1842,-105.0569,1569.7,NM,DILIA,USC00292510,27.2
USC00292608,36.9358,-107.0,2070.5,NM,DULCE,USC00292608,55.7
USC00292785,35.0381,-108.3492,2201.6,NM,EL MORRO NATL MON,USC00292785,38.0
USC00292820,36.3467,-106.1878,2094.0,NM,EL RITO,USC00292820,23.9
USC00292837,36.5928,-106.73,2054.4,NM,EL VADO DAM,USC00292837,35.7
USC00292848,33.1461,-107.1842,1393.2,NM,ELEPHANT BUTTE DAM,USC00292848,0.9
USC00292854,33.9403,-103.6572,1339.6,NM,ELIDA,USC00292854,12.6
USC00292865,32.9161,-105.3381,1808.7,NM,ELK,USC00292865,13.4
USC00293060,34.8242,-106.0344,1871.5,NM,ESTANCIA 4N,USC00293060,17.9
USC00293142,36.6897,-108.3086,1714.5,NM,FARMINGTON AG SCI CNT,USC00293142,8.6
USC00293180,34.6528,-108.6764,2153.4,NM,FENCE LAKE,USC00293180,23.3
USC00293294,34.4667,-104.2319,1226.8,NM,FT SUMNER,USC00293294,9.1
USC00293296,34.3942,-104.2503,1234.4,NM,FT SUMNER 5 S,USC00293296,11.8
USC00293340,36.7381,-108.3483,1563.6,NM,FRUITLAND,USC00293340,7.8
USC00293368,32.2261,-108.0867,1365.2,NM,GAGE,USC00293368,0.5
USC00293428,35.5283,-108.703,2004.7,NM,GALLUP SAND & GRAVEL,USC00293428,20.6
USC00293488,35.8917,-105.4481,2514.6,NM,GASCON,USC00293488,108.3
USC00293511,36.3336,-106.4744,1981.2,NM,GHOST RCH,USC00293511,20.5
USC00293530,33.1975,-108.2075,1717.9,NM,GILA HOT SPRINGS,USC00293530,5.8
USC00293577,33.3217,-108.8794,1440.2,NM,GLENWOOD,USC00293577,1.8
USC00293592,35.2656,-106.2144,2042.2,NM,GOLDEN,USC00293592,28.6
USC00293649,34.2594,-106.0931,2011.7,NM,GRAN QUIVIRA NATL MON,USC00293649,10.5
USC00293682,35.1664,-107.8992,1987.3,NM,GRANTS AP,USC00293682,7.9
USC00293706,36.5939,-103.6192,1829.4,NM,GRENVILLE,USC00293706,17.9
USC00294009,32.9203,-107.5656,1605.4,NM,HILLSBORO,USC00294009,2.7
USC00294026,32.7264,-103.1314,1115.6,NM,HOBBS,USC00294026,1.8
USC00294030,32.7125,-103.3539,1169.2,NM,HOBBS 13W,USC00294030,1.4
USC00294112,32.8094,-104.7378,1245.1,NM,HOPE,USC00294112,3.4
USC00294175,34.6344,-103.8903,1470.7,NM,HOUSE,USC00294175,9.9
USC00294346,32.1103,-103.1872,930.9,NM,JAL,USC00294346,1.9
USC00294366,35.3886,-106.5439,1642.3,NM,JEMEZ DAM,USC00294366,5.7
USC00294369,35.7783,-106.6872,1908.7,NM,JEMEZ SPRINGS,USC00294369,22.8
USC00294398,35.9547,-107.0856,2195.5,NM,JOHNSON RCH,USC00294398,28.7
USC00294426,32.6161,-106.7403,1316.1,NM,JORNADA EXP RANGE,USC00294426,1.3
USC00294742,36.9825,-104.3753,2255.5,NM,LAKE MALOYA,USC00294742,89.3
USC00294862,35.5678,-105.2131,1935.2,NM,LAS VEGAS WWTP,USC00294862,22.0
USC00294960,36.3042,-107.0542,2200.7,NM,LINDRITH 1 WSW,USC00294960,50.4
USC00295084,35.8644,-106.3214,2262.8,NM,LOS ALAMOS,USC00295084,42.1
USC00295150,34.7675,-106.7611,1475.2,NM,LOS LUNAS 3 SSW,USC00295150,5.1
USC00295273,33.8225,-108.9417,2148.8,NM,LUNA RS,USC00295273,17.6
USC00295290,36.2303,-107.5472,2179.3,NM,LYBROOK,USC00295290,16.9
USC00295490,36.5697,-104.5867,1834.0,NM,MAXWELL 3 NW,USC00295490,21.4
USC00295516,35.6022,-103.3644,1344.2,NM,MCCARTY RCH,USC00295516,18.7
USC00295560,35.3364,-108.4447,2438.4,NM,MCGAFFEY 5 SE,USC00295560,42.099999999999994
USC00295617,34.4278,-103.625,1401.8,NM,MELROSE,USC00295617,11.0
USC00295937,35.8022,-103.9439,1665.7,NM,MOSQUERO 1 NE,USC00295937,19.5
USC00295960,32.9539,-105.8225,2073.9,NM,MTN PARK,USC00295960,17.3
USC00295965,34.5208,-106.2606,1987.3,NM,MOUNTAINAIR,USC00295965,14.100000000000001
USC00295968,34.6242,-106.3103,2033.6,NM,MOUNTAINAIR 8NW,USC00295968,37.4
USC00296061,36.8047,-107.6214,1758.7,NM,NAVAJO DAM,USC00296061,7.7
USC00296115,35.07,-104.2575,1391.1,NM,NEWKIRK,USC00296115,15.2
USC00296275,36.1839,-105.0608,2333.2,NM,OCATE 2 NW,USC00296275,42.9
USC00296281,32.1664,-103.425,1035.7,NM,OCHOA,USC00296281,3.0999999999999996
USC00296435,32.3789,-106.0925,1286.6,NM,OROGRANDE,USC00296435,1.9000000000000001
USC00296619,36.2994,-103.7408,1722.1,NM,PASAMONTE,USC00296619,20.5
USC00296676,35.5489,-105.6886,2096.4,NM,PECOS NM,USC00296676,26.3
USC00296687,34.6153,-105.4739,1874.5,NM,PEDERNAL 9 E,USC00296687,25.7
USC00296804,33.3503,-105.14,1521.0,NM,PICACHO,USC00296804,12.4
USC00296812,34.4931,-107.8883,2426.5,NM,PIETOWN 19NE,USC00296812,41.2
USC00296911,35.3139,-106.4769,1702.3,NM,PLACITAS 4W,USC00296911,10.7
USC00297008,34.1742,-103.3519,1222.2,NM,PORTALES,USC00297008,7.6
USC00297094,34.4208,-105.8914,1919.3,NM,PROGRESSO,USC00297094,12.9
USC00297180,34.3447,-108.4922,2096.4,NM,QUEMADO,USC00297180,17.6
USC00297226,34.78,-103.7492,1542.3,NM,RAGLAND 3 SSW,USC00297226,17.0
USC00297279,36.9194,-104.4325,2112.9,NM,RATON FLTR PLT,USC00297279,28.799999999999997
USC00297280,36.8864,-104.4428,2023.9,NM,RATON KRTN RADIO,USC00297280,25.4
USC00297323,36.71,-105.4164,2641.7,NM,RED RIVER,USC00297323,156.7
USC00297340,32.7047,-108.7281,1236.3,NM,REDROCK 1 NNE,USC00297340,1.0
USC00297477,35.2836,-106.6194,1594.1,NM,RIO RANCHO #1,USC00297477,9.3
USC00297585,35.9028,-103.5272,1456.9,NM,ROSEBUD 7NW,USC00297585,14.3
USC00297605,33.38,-104.5419,1098.8,NM,ROSWELL CLIMAT,USC00297605,9.8
USC00297638,35.9331,-104.1375,1750.5,NM,ROY,USC00297638,19.3
USC00297649,33.3678,-105.6611,2112.3,NM,RUIDOSO,USC00297649,26.200000000000003
USC00297867,35.1086,-103.3283,1289.3,NM,SAN JON,USC00297867,17.1
USC00298085,35.6194,-105.9753,2059.2,NM,SANTA FE 2,USC00298085,20.2
USC00298088,35.6008,-105.9322,2133.6,NM,SANTA FE SETON,USC00298088,28.1
USC00298107,34.9561,-104.7217,1417.3,NM,SANTA ROSA,USC00298107,11.3
USC00298127,31.8728,-106.6981,1252.4,NM,SANTA TERESA AP,USC00298127,2.0
USC00298518,35.1767,-105.9439,1943.1,NM,STANLEY 2 NNE,USC00298518,22.3
USC00298535,32.2822,-106.7597,1184.5,NM,STATE UNIV,USC00298535,1.0
USC00298596,34.6033,-104.3811,1312.5,NM,SUMNER LAKE,USC00298596,9.5
USC00298668,36.3906,-105.5864,2122.9,NM,TAOS,USC00298668,28.4
USC00298713,33.2422,-103.3611,1222.9,NM,TATUM,USC00298713,6.1
USC00298834,35.3,-108.1472,2263.1,NM,THOREAU 12 SE,USC00298834,30.6
USC00298845,36.7664,-106.5536,2275.0,NM,TIERRA AMARILLA 4 N,USC00298845,75.1
USC00299031,35.7992,-107.1814,2042.2,NM,TORREON NAVAJO MISSION,USC00299031,18.2
USC00299156,35.2006,-103.6867,1245.4,NM,TUCUMCARI 4 NE,USC00299156,14.9
USC00299330,35.8167,-104.9244,1927.9,NM,VALMORA,USC00299330,23.700000000000003
USC00299496,35.2667,-105.3572,1757.2,NM,VILLANUEVA,USC00299496,25.0
USC00299569,32.3778,-103.7986,1039.7,NM,WASTE ISOLT'N PILOT PLT,USC00299569,0.2
USC00299686,32.7822,-106.1758,1221.0,NM,WHITE SANDS NATL MON,USC00299686,1.6
USC00299691,32.5617,-108.3611,1826.1,NM,WHITE SIGNAL,USC00299691,13.1
USC00299720,32.5578,-108.1264,1530.1,NM,WHITEWATER,USC00299720,1.1
USC00299806,33.3497,-107.6492,1888.5,NM,WINSTON,USC00299806,9.600000000000001
USC00299820,35.9478,-106.7469,2505.5,NM,WOLF CANYON,USC00299820,111.30000000000001
USC00299851,34.4031,-104.6128,1478.3,NM,YESO 2 S,USC00299851,10.5
USC00300023,42.1014,-77.2344,304.5,NY,ADDISON,USC00300023,48.2
USC00300048,42.6925,-73.8308,89.3,NY,ALBANY NWFO UNIV,USC00300048,56.2
USC00300055,43.2633,-78.2153,143.9,NY,ALBION,USC00300055,67.0
USC00300063,42.4697,-73.9267,185.0,NY,ALCOVE DAM,USC00300063,45.7
USC00300085,42.2797,-77.7656,586.4,NY,ALFRED,USC00300085,82.2
USC00300183,42.3108,-78.0231,449.6,NY,ANGELICA,USC00300183,72.4
USC00300254,42.1394,-74.6536,399.3,NY,ARKVILLE 2 W,USC00300254,58.7
USC00300321,42.9328,-76.5447,234.7,NY,AUBURN,USC00300321,109.4
USC00300331,42.7339,-76.6592,253.0,NY,AURORA RSCH FARM,USC00300331,56.2
USC00300343,42.9203,-77.7558,166.1,NY,AVON,USC00300343,51.7
USC00300379,43.15,-76.3333,115.5,NY,BALDWINSVILLE,USC00300379,78.6
USC00300443,43.0297,-78.1683,278.3,NY,BATAVIA,USC00300443,73.9
USC00300668,43.8,-74.8667,536.4,NY,BIG MOOSE 3 SE,USC00300668,153.5
USC00300785,43.4361,-75.3697,472.4,NY,BOONVILLE 4 SSW,USC00300785,164.0
USC00300889,40.9519,-72.2978,12.8,NY,BRIDGEHAMPTON,USC00300889,26.799999999999997
USC00301110,43.3306,-75.8417,176.8,NY,CAMDEN,USC00301110,151.3
USC00301168,42.1944,-76.3128,280.4,NY,CANDOR 2SE,USC00301168,64.4
USC00301413,42.0025,-76.6383,250.5,NY,CHEMUNG,USC00301413,35.0
USC00301595,42.6672,-74.4425,356.3,NY,COBLESKILL 2 ESE,USC00301595,53.5
USC00301625,42.6472,-78.7111,467.9,NY,COLDEN 1W,USC00301625,167.60000000000002
USC00301708,43.3203,-73.9256,246.3,NY,CONKLINGVILLE DAM,USC00301708,60.3
USC00301752,42.7167,-74.9267,383.1,NY,COOPERSTOWN,USC00301752,85.5
USC00301761,42.1131,-73.5522,167.6,NY,COPAKE,USC00301761,49.6
USC00301787,42.1342,-77.0692,349.6,NY,CORNING,USC00301787,53.2
USC00301974,42.5647,-77.7175,201.2,NY,DANSVILLE,USC00301974,35.6
USC00302036,42.2533,-74.905,445.0,NY,DELHI 2 SE,USC00302036,70.6
USC00302129,41.0072,-73.8344,61.0,NY,DOBBS FERRY-ARDSLEY,USC00302129,32.7
USC00302366,42.2344,-74.1444,606.9,NY,E JEWETT,USC00302366,94.5
USC00302554,44.2139,-73.5986,186.2,NY,ELIZABETHTOWN,USC00302554,63.7
USC00302574,44.9131,-73.8222,289.6,NY,ELLENBURG DEPOT,USC00302574,107.1
USC00302610,42.0997,-76.8358,288.6,NY,ELMIRA,USC00302610,41.8
USC00302829,41.9667,-75.1833,310.9,NY,FISHS EDDY,USC00302829,54.6
USC00303025,42.3294,-78.4636,484.6,NY,FRANKLINVILLE,USC00303025,108.6
USC00303033,42.4497,-79.312,231.6,NY,FREDONIA,USC00303033,75.6
USC00303050,42.5192,-76.3311,320.0,NY,FREEVILLE 1 NE,USC00303050,64.4
USC00303065,42.1378,-78.2372,499.9,NY,FRIENDSHIP 7 SW,USC00303065,103.3
USC00303184,42.8767,-77.0308,218.8,NY,GENEVA RSCH FARM,USC00303184,56.6
USC00303346,44.3539,-75.5122,128.0,NY,GOUVERNEUR 3 NW,USC00303346,92.4
USC00303444,42.3239,-75.7711,280.4,NY,GREENE,USC00303444,47.6
USC00303851,43.6053,-75.5545,549.9,NY,HIGHMARKET 2W,USC00303851,203.1
USC00303955,42.7914,-77.5133,243.8,NY,HONEOYE,USC00303955,54.8
USC00303961,43.8525,-75.7158,450.5,NY,HOOKER 12 NNW,USC00303961,227.7
USC00303983,42.3489,-77.7044,403.9,NY,HORNELL ALMOND DAM,USC00303983,62.099999999999994
USC00304025,42.2475,-73.7922,9.1,NY,HUDSON CORRECTIONAL FACILITY,USC00304025,31.0
USC00304102,43.7547,-74.2756,509.0,NY,INDIAN LAKE 2SW,USC00304102,101.5
USC00304174,42.4492,-76.4492,292.6,NY,ITHACA CORNELL UNIV,USC00304174,62.9
USC00304207,42.11,-79.1592,381.0,NY,JAMESTOWN 4 ENE,USC00304207,98.4
USC00304555,44.3042,-73.9839,575.5,NY,LAKE PLACID 2 S,USC00304555,104.1
USC00304647,44.7583,-74.6692,142.0,NY,LAWRENCEVILLE 3 SW,USC00304647,75.2
USC00304731,41.8017,-74.74,481.6,NY,LIBERTY 1 NE,USC00304731,69.9
USC00304772,42.0636,-77.1467,317.0,NY,LINDLEY 2N,USC00304772,47.1
USC00304808,42.2472,-78.8125,495.3,NY,LITTLE VALLEY,USC00304808,133.3
USC00304912,43.7928,-75.4828,263.0,NY,LOWVILLE,USC00304912,127.0
USC00304996,44.8417,-74.3061,267.6,NY,MALONE,USC00304996,98.1
USC00305113,42.4694,-75.0106,373.4,NY,EMMONS,USC00305113,83.0
USC00305377,40.7328,-73.6183,29.3,NY,MINEOLA,USC00305377,18.5
USC00305426,41.7681,-74.155,379.5,NY,MOHONK LAKE,USC00305426,59.2
USC00305714,43.9708,-74.2219,502.0,NY,NEWCOMB,USC00305714,104.9
USC00305796,40.5939,-73.9808,6.1,NY,NY AVE V BROOKLYN,USC00305796,24.5
USC00305840,43.0856,-78.9719,179.2,NY,NIAGARA FALLS,USC00305840,72.4
USC00305925,43.6611,-73.8969,271.3,NY,N CREEK 5 SE,USC00305925,77.5
USC00306047,43.0572,-78.8617,176.2,NY,N TONAWANDA,USC00306047,79.8
USC00306085,42.5117,-75.5197,301.4,NY,NORWICH,USC00306085,74.8
USC00306138,40.6328,-73.6269,3.7,NY,OCEANSIDE,USC00306138,25.5
USC00306184,43.7025,-74.9839,532.8,NY,OLD FORGE,USC00306184,157.9
USC00306196,42.0736,-78.4517,432.8,NY,OLEAN,USC00306196,64.7
USC00306314,43.45,-76.5369,98.8,NY,OSWEGO,USC00306314,140.1
USC00306356,42.0811,-76.3178,246.9,NY,OWEGO 3 WSW,USC00306356,49.1
USC00306623,43.4614,-74.5231,527.3,NY,PISECO,USC00306623,128.8
USC00306649,42.1389,-74.0914,619.4,NY,PLATTE CLOVE,USC00306649,85.7
USC00306745,42.57,-78.0406,356.0,NY,PORTAGEVILLE,USC00306745,70.1
USC00306774,41.3892,-74.6906,176.8,NY,PORT JERVIS,USC00306774,42.6
USC00307210,41.5917,-74.6142,387.1,NY,ROCK HILL 3 SW,USC00307210,57.900000000000006
USC00307329,42.3914,-78.2483,463.9,NY,RUSHFORD,USC00307329,85.4
USC00307400,42.1506,-78.7203,431.3,NY,SALAMANCA 2,USC00307400,95.7
USC00307484,43.0411,-73.8211,99.4,NY,SARATOGA SPRINGS 4 SW,USC00307484,63.5
USC00307705,42.6772,-75.5067,333.8,NY,SHERBURNE,USC00307705,77.1
USC00307713,42.1572,-79.5936,475.5,NY,SHERMAN,USC00307713,224.5
USC00307780,42.9461,-76.4314,266.7,NY,SKANEATELES,USC00307780,105.7
USC00307799,42.0167,-74.4167,807.7,NY,SLIDE MTN,USC00307799,104.7
USC00307842,43.2358,-77.0842,135.3,NY,SODUS 1W,USC00307842,104.89999999999999
USC00308304,41.5333,-73.7333,278.9,NY,STORMVILLE,USC00308304,57.900000000000006
USC00308627,42.7603,-76.0803,578.8,NY,TULLY HEIBERG FOREST,USC00308627,117.3
USC00308670,42.3542,-75.3242,451.1,NY,UNADILLA 2 N,USC00308670,79.4
USC00308906,41.5514,-74.1628,115.8,NY,WALDEN 1 ESE,USC00308906,44.2
USC00308910,42.7392,-78.5878,345.9,NY,WALES,USC00308910,109.3
USC00309000,43.9761,-75.8753,151.5,NY,WATERTOWN,USC00309000,116.4
USC00309049,43.2419,-77.3883,83.8,NY,WEBSTER 2 NE,USC00309049,85.9
USC00309072,42.1172,-77.9475,460.2,NY,WELLSVILLE,USC00309072,54.1
USC00309292,41.3906,-73.9608,97.5,NY,WEST POINT,USC00309292,35.7
USC00309303,42.6167,-73.6,195.1,NY,WEST SAND LAKE 2 S,USC00309303,52.7
USC00309425,42.0597,-77.7553,661.4,NY,WHITESVILLE 1N,USC00309425,61.1
USC00309670,41.2664,-73.7975,204.2,NY,YORKTOWN HTS 1W,USC00309670,39.5
USC00309690,43.25,-79.0092,89.9,NY,YOUNGSTOWN 2 E,USC00309690,55.2
USC00310090,35.3992,-80.1994,185.9,NC,ALBEMARLE,USC00310090,0.8
USC00310212,35.7425,-78.8369,137.2,NC,APEX,USC00310212,4.8
USC00310241,36.2911,-77.9822,100.6,NC,ARCOLA,USC00310241,5.5
USC00310375,35.3872,-76.7764,6.1,NC,AURORA 6 N,USC00310375,0.2
USC00310506,36.1617,-81.8742,1149.1,NC,BANNER ELK,USC00310506,31.4
USC00310576,35.1311,-76.8161,1.5,NC,BAYBORO 3 SW,USC00310576,1.1
USC00310645,36.1875,-81.8742,1540.2,NC,BEECH MTN,USC00310645,66.5
USC00310674,35.5731,-76.5847,0.0,NC,BELHAVEN 3 NE,USC00310674,1.2
USC00310982,36.2139,-81.6456,944.9,NC,BOONE 1 SE,USC00310982,25.6
USC00311055,35.2283,-82.7358,662.9,NC,BREVARD,USC00311055,7.1
USC00311285,36.1414,-78.7736,108.2,NC,BUTNER FLTR PLT,USC00311285,1.7
USC00311420,35.5453,-82.6986,682.8,NC,CANDLER 1 W,USC00311420,10.3
USC00311515,35.3319,-79.4067,134.1,NC,CARTHAGE WTP,USC00311515,1.3
USC00311538,35.5119,-81.6189,344.4,NC,CASAR,USC00311538,3.1
USC00311624,35.8264,-82.1836,823.0,NC,CELO 2 S,USC00311624,12.7
USC00311677,35.9086,-79.0794,152.4,NC,CHAPEL HILL 2 W,USC00311677,2.8
USC00311820,35.6408,-78.4633,91.4,NC,CLAYTON WTP,USC00311820,3.2
USC00311881,35.025,-78.2761,48.2,NC,CLINTON 2 NE,USC00311881,1.8
USC00311975,35.4111,-80.5833,213.4,NC,CONCORD,USC00311975,3.3000000000000003
USC00312102,35.0603,-83.43,684.9,NC,COWEETA EXP STN,USC00312102,2.6
USC00312200,35.3117,-83.1747,668.1,NC,CULLOWHEE,USC00312200,4.3
USC00312238,36.43,-80.1789,310.6,NC,DANBURY,USC00312238,8.7
USC00312500,35.3244,-78.6878,61.0,NC,DUNN 4 NW,USC00312500,2.1
USC00312631,36.4742,-79.7433,206.7,NC,EDEN,USC00312631,4.5
USC00312635,36.0164,-76.5517,3.0,NC,EDENTON,USC00312635,2.3
USC00312719,36.3097,-76.205,2.4,NC,ELIZABETH CITY,USC00312719,0.2
USC00312740,36.2547,-80.8639,277.4,NC,ELKIN,USC00312740,3.0
USC00312827,36.1686,-77.675,33.5,NC,ENFIELD,USC00312827,3.2
USC00313017,35.0592,-78.8589,29.3,NC,FAYETTEVILLE (PWC),USC00313017,1.2
USC00313072,36.2525,-81.9136,1015.0,NC,FLAT SPRINGS 1E,USC00313072,48.199999999999996
USC00313106,35.4267,-82.5569,630.9,NC,FLETCHER 3 W,USC00313106,9.100000000000001
USC00313150,35.2653,-81.9311,301.8,NC,FOREST CITY 6 SW,USC00313150,4.5
USC00313168,35.1778,-79.0239,48.8,NC,FT BRAGG WTP,USC00313168,1.1
USC00313228,35.1803,-83.3931,647.7,NC,FRANKLIN,USC00313228,2.5999999999999996
USC00313356,35.2672,-81.1436,213.4,NC,GASTONIA,USC00313356,1.2
USC00313555,36.0503,-79.3728,201.2,NC,GRAHAM 2 ENE,USC00313555,1.8
USC00313638,35.64,-77.3983,9.8,NC,GREENVILLE,USC00313638,3.3000000000000003
USC00313784,34.8864,-79.6925,106.7,NC,HAMLET,USC00313784,0.5
USC00313969,36.3489,-78.4119,146.3,NC,HENDERSON 2 NNW,USC00313969,1.5999999999999999
USC00313976,35.3297,-82.4492,658.4,NC,HENDERSONVILLE 1 NE,USC00313976,6.7
USC00314055,35.0564,-83.1983,1173.5,NC,HIGHLANDS,USC00314055,10.2
USC00314063,35.9675,-79.9708,274.3,NC,HIGH PT,USC00314063,1.9
USC00314260,35.8953,-82.8314,410.0,NC,HOT SPRINGS,USC00314260,6.1
USC00314456,36.3964,-77.4239,37.5,NC,JACKSON,USC00314456,5.0
USC00314464,35.1836,-79.6772,222.5,NC,JACKSON SPRINGS 5 WNW,USC00314464,3.3
USC00314496,36.4175,-81.4297,840.9,NC,JEFFERSON 2 E,USC00314496,14.4
USC00314675,36.2839,-80.3625,268.2,NC,KING,USC00314675,6.2
USC00314689,35.2975,-77.5722,18.3,NC,KINSTON AG RSCH,USC00314689,0.7
USC00314764,35.4203,-82.1875,317.0,NC,LAKE LURE 2,USC00314764,3.1
USC00314788,35.0967,-82.9508,975.4,NC,LAKE TOXAWAY 2 SW,USC00314788,11.6
USC00314860,34.7503,-79.4664,64.0,NC,LAURINBURG,USC00314860,1.1
USC00314938,35.9147,-81.5375,352.0,NC,LENOIR,USC00314938,4.1
USC00314962,36.1325,-77.1708,15.2,NC,LEWISTON,USC00314962,0.6
USC00314970,35.8456,-80.26,231.6,NC,LEXINGTON,USC00314970,3.3
USC00314996,35.4606,-81.3297,270.4,NC,LINCOLNTON 4 W,USC00314996,5.6000000000000005
USC00315116,34.0106,-78.5464,12.2,NC,LONGWOOD,USC00315116,0.5
USC00315123,36.1025,-78.3042,79.2,NC,LOUISBURG,USC00315123,1.7000000000000002
USC00315340,35.6847,-82.0083,429.8,NC,MARION,USC00315340,7.1
USC00315356,35.8033,-82.6658,585.2,NC,MARSHALL,USC00315356,25.6
USC00315743,35.8422,-80.4978,207.3,NC,MOCKSVILLE 5SE,USC00315743,4.5
USC00315771,34.9797,-80.5233,167.6,NC,MONROE 2 SE,USC00315771,2.1
USC00315830,34.7336,-76.7358,3.0,NC,MOREHEAD CITY 2 WNW,USC00315830,0.5
USC00315838,35.7297,-81.6728,359.7,NC,MORGANTON,USC00315838,4.5
USC00315890,36.4961,-80.6522,329.2,NC,MT AIRY 2 W,USC00315890,8.2
USC00315923,35.7586,-82.2711,1902.0,NC,MT MITCHELL,USC00315923,89.1
USC00315996,36.4522,-77.0803,30.5,NC,MURFREESBORO,USC00315996,2.6
USC00316001,35.0714,-83.9683,487.7,NC,MURPHY 4ESE,USC00316001,4.4
USC00316236,35.6631,-82.3444,755.9,NC,N FK 2,USC00316236,2.1
USC00316256,36.1639,-81.1536,341.4,NC,N WILKESBORO,USC00316256,5.6
USC00316341,35.49,-83.3136,598.9,NC,CHEROKEE,USC00316341,6.5
USC00316349,35.1075,-75.9872,1.2,NC,OCRACOKE,USC00316349,1.7
USC00316805,35.2719,-82.6475,667.5,NC,PISGAH FOREST 3 NE,USC00316805,6.7
USC00316853,35.8722,-76.6592,6.1,NC,PLYMOUTH 5 E,USC00316853,1.4
USC00317056,34.9869,-79.2189,76.2,NC,RAEFORD,USC00317056,2.8000000000000003
USC00317079,35.7908,-78.6989,121.9,NC,RALEIGH STATE UNIV,USC00317079,4.5
USC00317097,35.8222,-79.7917,246.9,NC,RANDLEMAN,USC00317097,4.6
USC00317165,34.8122,-79.1622,54.9,NC,RED SPRINGS 1 SE,USC00317165,0.4
USC00317202,36.3797,-79.6944,271.3,NC,REIDSVILLE 2 NW,USC00317202,7.3
USC00317229,35.7747,-81.4372,297.5,NC,RHODHISS HYDRO PLT,USC00317229,0.3
USC00317395,35.9517,-77.8189,39.6,NC,ROCKY MT,USC00317395,0.7
USC00317400,35.8936,-77.6805,33.5,NC,ROCKY MT 8 ESE,USC00317400,2.8
USC00317486,35.1369,-82.8203,664.5,NC,ROSMAN,USC00317486,6.6
USC00317516,36.3464,-78.8858,216.4,NC,ROXBORO 7 ESE,USC00317516,3.4
USC00317615,35.6836,-80.4822,213.4,NC,SALISBURY,USC00317615,2.4
USC00317618,35.6967,-80.6225,221.0,NC,SALISBURY 9 WNW,USC00317618,3.7
USC00317656,35.5356,-79.0475,79.9,NC,SANFORD 8 NE,USC00317656,2.4
USC00317845,35.3111,-81.5708,249.9,NC,SHELBY 2 NW,USC00317845,4.0
USC00317924,35.7608,-79.4625,185.9,NC,SILER CITY 2 N,USC00317924,1.5
USC00317994,35.5172,-78.3442,45.7,NC,SMITHFIELD,USC00317994,0.7999999999999999
USC00318158,36.4592,-81.1528,917.8,NC,SPARTA 3.5 SSW,USC00318158,18.6
USC00318292,35.81,-80.8808,244.8,NC,STATESVILLE 2 NNE,USC00318292,4.9
USC00318448,35.5733,-82.385,1316.7,NC,SWANNANOA 2 SSE,USC00318448,28.5
USC00318500,35.8842,-77.5386,10.7,NC,TARBORO 1 S,USC00318500,4.8
USC00318519,35.9225,-81.1717,402.3,NC,TAYLORSVILLE,USC00318519,3.8
USC00318706,35.0628,-77.3547,9.1,NC,TRENTON,USC00318706,2.5
USC00318744,35.2058,-82.2517,402.3,NC,TRYON,USC00318744,4.9
USC00318778,35.9064,-80.8142,261.5,NC,TURNERSBURG,USC00318778,3.8000000000000003
USC00318964,34.9589,-80.0775,146.3,NC,WADESBORO,USC00318964,3.2
USC00319026,34.7314,-77.9831,10.7,NC,WALLACE 1SE,USC00319026,0.7
USC00319081,35.0128,-78.0044,33.5,NC,WARSAW 5 E,USC00319081,2.0
USC00319100,35.5525,-77.0722,3.0,NC,WASHINGTON WWTP 4W,USC00319100,1.2
USC00319123,35.7744,-83.0997,435.9,NC,WATERVILLE 2,USC00319123,5.6
USC00319147,35.4867,-82.9681,810.2,NC,WAYNESVILLE 1 E,USC00319147,10.9
USC00319357,34.4094,-78.7914,27.4,NC,WHITEVILLE 7 NW,USC00319357,1.2
USC00319423,34.6606,-78.0453,16.8,NC,WILLARD 4 SW,USC00319423,0.8
USC00319440,35.8528,-77.0306,6.1,NC,WILLIAMSTON 1 E,USC00319440,0.5
USC00319467,34.3208,-77.9206,12.2,NC,WILMINGTON 7 N,USC00319467,0.2
USC00319476,35.6939,-77.9461,33.5,NC,WILSON 3 SW,USC00319476,1.9
USC00319555,36.1308,-81.2275,326.1,NC,W KERR SCOTT RESV,USC00319555,7.6
USC00319675,36.1306,-80.5481,266.7,NC,YADKINVILLE 6 E,USC00319675,7.0
USC00319704,36.3772,-79.255,193.5,NC,YANCEYVILLE 4 SE,USC00319704,8.8
USC00319923,35.7878,-78.3497,79.2,NC,ZEBULON 3 SW,USC00319923,3.3000000000000003
USC00320022,48.33,-98.1183,476.4,ND,ADAMS 7 SSW,USC00320022,34.5
USC00320189,48.9975,-103.4878,617.8,ND,AMBROSE 3 N,USC00320189,37.9
USC00320382,46.0406,-99.3742,613.9,ND,ASHLEY,USC00320382,42.4
USC00320729,48.3139,-101.7328,634.0,ND,BERTHOLD,USC00320729,55.3
USC00320941,48.8217,-100.4528,493.5,ND,BOTTINEAU,USC00320941,49.8
USC00320995,46.1936,-103.3714,909.2,ND,BOWMAN,USC00320995,48.2
USC00321408,46.8769,-97.2328,285.0,ND,CASSELTON AGRONOMY FARM,USC00321408,36.7
USC00321435,48.8625,-97.7014,274.0,ND,CAVALIER 7NW,USC00321435,39.1
USC00321477,46.7958,-97.2686,290.5,ND,CHAFFEE 5 NE,USC00321477,40.7
USC00321686,47.2428,-97.6561,359.7,ND,COLGATE,USC00321686,34.7
USC00321766,47.405,-98.0381,420.6,ND,COOPERSTOWN,USC00321766,42.2
USC00321816,47.24,-98.5847,464.5,ND,COURTENAY 1 NW,USC00321816,34.6
USC00321871,48.9144,-103.2978,597.1,ND,CROSBY,USC00321871,40.7
USC00322193,47.1944,-102.8414,725.4,ND,DICKINSON RCH HQ,USC00322193,44.0
USC00322525,48.4583,-98.5169,469.1,ND,EDMORE 4NW,USC00322525,38.0
USC00322588,46.4089,-101.8419,731.5,ND,ELGIN,USC00322588,56.7
USC00322949,47.6456,-99.6219,493.8,ND,FESSENDEN,USC00322949,33.5
USC00323064,46.0347,-98.9436,627.9,ND,FORBES 10 NW,USC00323064,48.1
USC00323196,48.9081,-103.8056,716.3,ND,FORTUNA 1 W,USC00323196,36.5
USC00323287,46.1583,-98.3989,437.4,ND,FULLERTON 1 ESE,USC00323287,36.9
USC00323376,47.6539,-101.4197,588.9,ND,GARRISON,USC00323376,42.7
USC00323621,47.9217,-97.0975,253.0,ND,GRAND FORKS UNIV (NWS),USC00323621,49.5
USC00323705,47.4011,-103.2072,813.8,ND,GRASSY BUTTE 2ENE,USC00323705,41.7
USC00323826,46.025,-99.9911,578.5,ND,HAGUE,USC00323826,38.5
USC00323963,48.9989,-99.3464,469.4,ND,HANSBORO 4 NNE,USC00323963,37.6
USC00324083,46.5203,-100.3478,604.1,ND,HAZELTON 4NW,USC00324083,44.7
USC00324091,46.5917,-101.8075,650.4,ND,HEART BUTTE DAM,USC00324091,37.7
USC00324102,46.9075,-102.0383,658.4,ND,HEBRON,USC00324102,40.6
USC00324418,46.8844,-98.685,447.1,ND,JAMESTOWN STATE HOSP,USC00324418,46.1
USC00324571,47.8967,-102.9208,752.9,ND,KEENE 3S,USC00324571,34.8
USC00324722,47.3714,-102.7606,704.1,ND,KILLDEER,USC00324722,39.2
USC00324937,46.3625,-98.2919,406.6,ND,LA MOURE,USC00324937,45.5
USC00324958,48.7622,-98.3447,492.3,ND,LANGDON EXP FARM,USC00324958,47.3
USC00325220,46.4444,-97.6928,350.2,ND,LISBON,USC00325220,46.7
USC00325230,46.6611,-98.2267,451.7,ND,LITCHVILLE 2NW,USC00325230,47.2
USC00325575,46.2958,-103.92,825.7,ND,MARMARTH,USC00325575,39.1
USC00325638,47.8214,-101.2922,643.1,ND,MAX,USC00325638,49.400000000000006
USC00325710,47.4825,-100.4444,587.3,ND,MC CLUSKY,USC00325710,45.0
USC00325730,47.5808,-98.6422,474.0,ND,MC HENRY 3W,USC00325730,59.8
USC00325798,46.8928,-99.2897,551.7,ND,MEDINA,USC00325798,38.4
USC00325813,46.9161,-103.5264,691.3,ND,MEDORA,USC00325813,30.1
USC00325993,48.1803,-101.2964,539.2,ND,MINOT EXP STN,USC00325993,51.800000000000004
USC00326105,46.7006,-98.5839,428.2,ND,MONTPELIER,USC00326105,47.7
USC00326255,46.5067,-99.7692,603.5,ND,NAPOLEON,USC00326255,53.2
USC00326315,46.5406,-102.8692,792.5,ND,NEW ENGLAND,USC00326315,44.3
USC00326365,46.8925,-101.4897,655.3,ND,NEW SALEM 5NW,USC00326365,44.5
USC00327027,48.0356,-98.0097,467.0,ND,PETERSBURG 2 N,USC00327027,42.5
USC00327311,46.1758,-101.8561,755.9,ND,PRETTY ROCK,USC00327311,51.2
USC00327450,46.1089,-102.9447,864.1,ND,REEDER,USC00327450,33.300000000000004
USC00327530,46.8886,-102.3192,752.9,ND,RICHARDTON ABBEY,USC00327530,33.2
USC00327704,48.3542,-99.9925,472.4,ND,RUGBY,USC00327704,43.4
USC00328065,46.2331,-101.1292,550.5,ND,SHIELDS,USC00328065,46.9
USC00328276,48.3567,-102.4117,694.9,ND,STANLEY 3 NNW,USC00328276,47.4
USC00328415,46.7153,-99.4475,597.7,ND,STREETER 5 NW,USC00328415,48.900000000000006
USC00328627,48.3475,-101.9325,661.4,ND,TAGUS,USC00328627,49.7
USC00328660,46.9989,-102.4761,676.7,ND,TAYLOR 7 NNW,USC00328660,35.1
USC00328737,48.3989,-102.9181,684.3,ND,TIOGA 1E,USC00328737,43.7
USC00328792,48.3706,-100.3908,451.1,ND,TOWNER 2 NE,USC00328792,39.4
USC00328812,47.2842,-103.9006,737.6,ND,TROTTERS 3 SSE,USC00328812,35.1
USC00328840,47.5214,-100.8883,577.0,ND,TURTLE LAKE,USC00328840,44.1
USC00328872,47.455,-101.1461,623.3,ND,UNDERWOOD,USC00328872,38.6
USC00328913,48.6147,-100.7264,434.3,ND,UPHAM 3 N,USC00328913,49.4
USC00328990,48.06,-100.9414,460.2,ND,VELVA,USC00328990,41.0
USC00329195,47.2981,-101.03,534.9,ND,WASHBURN,USC00329195,43.1
USC00329219,46.0233,-101.5664,630.9,ND,WATAUGA S DAK 8 N,USC00329219,34.5
USC00329233,47.8039,-103.2892,661.4,ND,WATFORD CITY,USC00329233,50.4
USC00329400,48.6631,-103.2131,678.8,ND,WILDROSE 3NW,USC00329400,37.3
USC00329430,48.1375,-103.7372,641.6,ND,WILLISTON EXP FARM,USC00329430,39.3
USC00329650,47.2878,-101.94,556.3,ND,ZAP,USC00329650,33.4
USC00330279,39.3225,-82.0994,208.5,OH,ATHENS OU,USC00330279,17.6
USC00330573,39.1167,-81.7428,184.1,OH,BELLEVILLE L&D,USC00330573,8.5
USC00330676,39.5475,-81.6283,190.2,OH,BEVERLY STP,USC00330676,15.7
USC00330862,41.3831,-83.6111,205.7,OH,BOWLING GREEN WWTP,USC00330862,21.299999999999997
USC00331057,39.9522,-82.4819,270.7,OH,BUCKEYE LAKE 1 N,USC00331057,17.0
USC00331072,40.8125,-82.9697,291.1,OH,BUCYRUS,USC00331072,23.299999999999997
USC00331152,40.2686,-80.9981,384.0,OH,CADIZ,USC00331152,25.8
USC00331197,40.0111,-81.5794,243.8,OH,CAMBRIDGE,USC00331197,17.4
USC00331288,39.1469,-82.2194,250.5,OH,CARPENTER 2 S,USC00331288,17.7
USC00331390,40.5689,-84.5369,264.0,OH,CELINA 3 NE,USC00331390,28.8
USC00331458,41.5872,-81.1914,344.4,OH,CHARDON,USC00331458,113.69999999999999
USC00331515,39.1547,-84.6233,271.6,OH,CHEVIOT,USC00331515,16.0
USC00331541,41.0517,-81.9361,359.7,OH,CHIPPEWA LAKE,USC00331541,35.7
USC00331550,39.1169,-84.6961,152.4,OH,CINCINNATI-FERNBANK,USC00331550,11.4
USC00331592,39.6103,-82.9556,205.7,OH,CIRCLEVILLE,USC00331592,15.4
USC00331858,40.2211,-82.0667,237.7,OH,COOPERDALE,USC00331858,18.1
USC00331890,40.2403,-81.8711,231.6,OH,COSHOCTON WPC PLT,USC00331890,15.3
USC00332044,40.4389,-82.3042,295.7,OH,DANVILLE 2 W,USC00332044,41.6
USC00332067,39.7633,-84.1911,219.5,OH,DAYTON MCD,USC00332067,12.3
USC00332098,41.2783,-84.3847,213.4,OH,DEFIANCE,USC00332098,24.2
USC00332251,41.6833,-80.6667,298.7,OH,DORSET,USC00332251,89.9
USC00332599,41.3814,-82.0558,222.5,OH,ELYRIA 3 E,USC00332599,43.6
USC00332791,41.0461,-83.6622,234.1,OH,FINDLAY WPCC,USC00332791,23.799999999999997
USC00332974,41.3336,-83.1197,182.9,OH,FREMONT,USC00332974,26.200000000000003
USC00333021,40.7231,-82.8,356.6,OH,GALION WTR WKS,USC00333021,25.9
USC00333393,40.5517,-82.2014,274.3,OH,GREER,USC00333393,24.5
USC00333421,41.0192,-84.4772,222.5,OH,GROVER HILL,USC00333421,23.799999999999997
USC00333758,39.2333,-83.6092,290.5,OH,HILLSBORO,USC00333758,18.1
USC00333780,41.3072,-81.0133,374.9,OH,HIRAM,USC00333780,62.9
USC00333874,41.2167,-83.7667,213.4,OH,HOYTVILLE 2 NE,USC00333874,23.0
USC00334004,39.0792,-82.7064,257.6,OH,JACKSON 3 NW,USC00334004,20.7
USC00334189,40.6486,-83.6061,303.9,OH,KENTON,USC00334189,25.8
USC00334238,39.3531,-84.2603,232.3,OH,KINGS MILLS,USC00334238,14.4
USC00334434,39.4706,-82.7344,231.6,OH,LAURELVILLE,USC00334434,15.3
USC00334551,40.7247,-84.1294,259.1,OH,LIMA WWTP,USC00334551,18.5
USC00334728,40.8333,-81.25,356.6,OH,LOUISVILLE,USC00334728,31.8
USC00334924,39.4108,-81.4536,185.9,OH,MARIETTA LOCK 1,USC00334924,21.7
USC00334927,39.4086,-81.4328,185.9,OH,MARIETTA WWTP,USC00334927,16.3
USC00334942,40.6167,-83.1333,294.1,OH,MARION 2 N,USC00334942,23.799999999999997
USC00334967,40.8833,-81.7333,341.4,OH,MARSHALLVILLE 1 SSW,USC00334967,29.3
USC00334979,40.1939,-83.2675,295.7,OH,MARYSVILLE,USC00334979,24.0
USC00335029,39.2503,-82.4822,239.3,OH,MC ARTHUR,USC00335029,23.4
USC00335041,39.6522,-81.8561,231.6,OH,MC CONNELLSVILLE LK 7,USC00335041,19.4
USC00335220,39.5161,-84.4072,196.9,OH,MIDDLETOWN,USC00335220,9.7
USC00335297,40.5375,-81.9197,249.6,OH,MILLERSBURG,USC00335297,20.1
USC00335438,41.5861,-84.6233,262.1,OH,MONTPELIER,USC00335438,32.5
USC00335505,41.2986,-80.7647,277.4,OH,MOSQUITO CREEK LAKE,USC00335505,40.2
USC00335669,41.3939,-84.1144,207.9,OH,NAPOLEON,USC00335669,24.7
USC00335718,39.5014,-82.2442,213.4,OH,NELSONVILLE,USC00335718,11.5
USC00335747,40.0875,-82.4128,254.5,OH,NEWARK WTR WKS,USC00335747,15.200000000000001
USC00335786,39.9317,-84.0328,266.4,OH,NEW CARLISLE,USC00335786,18.7
USC00335857,39.7331,-82.2156,267.3,OH,NEW LEXINGTON 2 NW,USC00335857,20.2
USC00335939,39.3933,-81.2194,206.0,OH,NEWPORT,USC00335939,23.8
USC00336118,41.2667,-82.6167,204.2,OH,NORWALK WWTP,USC00336118,32.699999999999996
USC00336196,41.2803,-82.2186,248.7,OH,OBERLIN,USC00336196,47.0
USC00336342,41.0325,-84.0542,222.5,OH,OTTAWA,USC00336342,10.7
USC00336405,40.9461,-83.9614,234.7,OH,PANDORA,USC00336405,32.5
USC00336465,41.1247,-84.5919,221.0,OH,PAULDING,USC00336465,23.6
USC00336645,40.1525,-84.2372,262.4,OH,PIQUA,USC00336645,15.2
USC00336861,40.4833,-83.2,278.9,OH,PROSPECT,USC00336861,26.3
USC00336949,41.1333,-81.2833,337.4,OH,RAVENNA 2 S,USC00336949,45.0
USC00337120,38.7872,-83.7972,268.2,OH,RIPLEY EXP FARM,USC00337120,17.2
USC00337255,39.8161,-82.0733,225.6,OH,ROSEVILLE,USC00337255,9.5
USC00337383,40.545,-84.4375,266.4,OH,ST MARYS 3 W,USC00337383,10.4
USC00337410,39.07,-82.2908,232.0,OH,SALEM CTR 2 E,USC00337410,14.9
USC00337538,39.7339,-83.4775,326.1,OH,SEDALIA,USC00337538,20.4
USC00337857,38.4239,-82.5931,168.6,OH,S PT,USC00337857,6.2
USC00338110,41.5364,-84.4217,225.6,OH,STRYKER,USC00338110,29.3
USC00338313,41.1167,-83.1667,225.6,OH,TIFFIN,USC00338313,29.5
USC00338332,39.9528,-84.1689,249.3,OH,TIPP CITY,USC00338332,11.7
USC00338565,40.2061,-82.52,345.9,OH,UTICA 4 WSW,USC00338565,25.8
USC00338609,40.8494,-84.5808,240.8,OH,VAN WERT 1 S,USC00338609,17.1
USC00338642,40.2211,-84.4956,294.4,OH,VERSAILLES,USC00338642,26.0
USC00338769,41.2019,-80.8106,274.3,OH,WARREN 3 S,USC00338769,27.9
USC00338794,39.5353,-83.4239,291.7,OH,WASHINGTON COURT HOUSE,USC00338794,18.3
USC00338810,38.7008,-82.4731,190.5,OH,WATERLOO,USC00338810,13.6
USC00338822,41.5183,-84.1453,228.6,OH,WAUSEON WTP,USC00338822,26.799999999999997
USC00338830,39.1114,-82.9797,174.3,OH,WAVERLY,USC00338830,11.5
USC00338951,40.1267,-82.9442,244.4,OH,WESTERVILLE,USC00338951,19.0
USC00338990,39.8731,-84.6556,338.0,OH,W MANCHESTER 3 WSW,USC00338990,12.4
USC00339050,38.8053,-83.4353,224.9,OH,W UNION 6 ENE,USC00339050,20.2
USC00339219,39.4911,-83.82,314.9,OH,WILMINGTON 3 N,USC00339219,22.8
USC00339220,39.4217,-83.8222,321.0,OH,WFO WILMINGTON,USC00339220,26.6
USC00339312,40.7833,-81.9167,310.9,OH,WOOSTER EXP STATION,USC00339312,28.6
USC00339361,39.6042,-83.9072,303.9,OH,XENIA 6 SSE,USC00339361,20.3
USC00340017,34.7864,-96.685,309.4,OK,ADA,USC00340017,4.1
USC00340179,34.5903,-99.3344,420.6,OK,ALTUS IRIG RSCH STN,USC00340179,4.1
USC00340184,34.8847,-99.2964,464.8,OK,ALTUS DAM,USC00340184,2.1
USC00340193,36.8014,-98.6878,446.2,OK,ALVA 1W,USC00340193,11.299999999999999
USC00340200,35.1611,-97.8817,383.4,OK,AMBER,USC00340200,1.8
USC00340224,35.0619,-98.1989,356.0,OK,ANADARKO 3 E,USC00340224,2.3000000000000003
USC00340256,34.2208,-95.615,143.3,OK,ANTLERS,USC00340256,0.3
USC00340288,35.6542,-97.3658,309.1,OK,ARCADIA 3 WSW,USC00340288,2.5
USC00340292,34.1772,-97.1617,256.3,OK,ARDMORE,USC00340292,2.7
USC00340567,34.385,-94.8981,250.5,OK,BATTIEST,USC00340567,2.9
USC00340593,36.8125,-100.5308,751.3,OK,BEAVER,USC00340593,10.7
USC00340818,36.7836,-97.29,314.9,OK,BLACKWELL 1SSW,USC00340818,7.9
USC00340830,35.1183,-97.67,388.6,OK,BLANCHARD 2 SSW,USC00340830,6.2
USC00340908,36.7236,-102.4806,1259.7,OK,BOISE CITY 2 E,USC00340908,31.8
USC00341144,35.8292,-96.3917,253.0,OK,BRISTOW,USC00341144,6.7
USC00341162,34.0497,-94.7381,144.8,OK,BROKEN BOW 1 N,USC00341162,2.2
USC00341243,36.8003,-99.64,588.6,OK,BUFFALO 2 SSW,USC00341243,13.6
USC00341256,36.6928,-96.7319,297.2,OK,BURBANK,USC00341256,5.6
USC00341544,34.2661,-94.7753,396.2,OK,CARTER TWR,USC00341544,4.3999999999999995
USC00341620,36.3108,-98.9803,559.3,OK,CEDARDALE 1 ESE,USC00341620,11.5
USC00341648,34.6008,-96.3131,216.4,OK,CENTRAHOMA 2 ESE,USC00341648,3.2
USC00341684,35.7061,-96.88,292.0,OK,CHANDLER,USC00341684,2.2
USC00341706,34.4225,-98.6497,349.9,OK,CHATTANOOGA,USC00341706,0.8
USC00341711,35.4722,-95.5219,193.5,OK,CHECOTAH,USC00341711,8.2
USC00341724,36.7672,-98.4244,377.6,OK,CHEROKEE 4W,USC00341724,11.2
USC00341745,34.4967,-96.9706,319.1,OK,CHICKASAW NRA,USC00341745,1.7
USC00341750,35.0489,-97.9158,330.7,OK,CHICKASHA EXP STATION,USC00341750,4.7
USC00341858,34.6606,-95.5828,207.0,OK,CLAYTON 14 WNW,USC00341858,1.6
USC00342039,35.35,-98.6742,460.2,OK,COLONY,USC00342039,6.699999999999999
USC00342054,34.3622,-97.9736,312.4,OK,COMANCHE,USC00342054,1.6
USC00342125,35.3008,-98.9958,476.7,OK,CORDELL,USC00342125,6.4
USC00342196,34.7422,-97.7039,375.5,OK,COX CITY 2 NE,USC00342196,1.5
USC00342242,35.9269,-97.6742,327.4,OK,CRESCENT 5WSW,USC00342242,7.5
USC00342318,35.9803,-96.7758,289.6,OK,CUSHING,USC00342318,4.1
USC00342354,34.5439,-95.6764,223.7,OK,DAISY 4 ENE,USC00342354,1.9
USC00342485,35.4561,-95.9072,208.8,OK,DEWAR 2 NE,USC00342485,0.9
USC00342660,34.5011,-97.9592,342.9,OK,DUNCAN,USC00342660,2.8000000000000003
USC00342668,34.4933,-98.1419,339.9,OK,DUNCAN 10 W,USC00342668,2.3
USC00342678,34.0,-96.3686,182.9,OK,DURANT,USC00342678,2.0
USC00342690,35.2922,-96.0564,216.7,OK,DUSTIN 2NW,USC00342690,3.7
USC00342818,35.5489,-97.9553,403.9,OK,EL RENO 1 N,USC00342818,3.6
USC00342849,35.3925,-99.5064,646.2,OK,ELK CITY 4 W,USC00342849,8.6
USC00342872,34.61,-97.4222,310.9,OK,ELMORE CITY 3 SW,USC00342872,0.8
USC00342912,36.4194,-97.8747,379.5,OK,ENID,USC00342912,9.4
USC00342944,35.2164,-99.8628,627.9,OK,ERICK,USC00342944,7.199999999999999
USC00343065,34.9511,-94.9081,166.7,OK,FANSHAWE,USC00343065,0.7
USC00343070,36.3911,-99.5644,652.6,OK,FARGO 3ENE,USC00343070,11.399999999999999
USC00343304,36.5442,-99.535,618.7,OK,FT SUPPLY 3SE,USC00343304,12.4
USC00343358,36.7647,-99.1128,461.8,OK,FREEDOM,USC00343358,9.5
USC00343489,36.85,-100.0569,685.8,OK,GATE,USC00343489,17.6
USC00343497,35.6306,-98.3217,478.8,OK,GEARY,USC00343497,4.7
USC00343628,36.5914,-101.6181,999.1,OK,GOODWELL RSCH STN,USC00343628,2.7
USC00343688,34.0225,-97.6342,272.8,OK,GRADY 2E,USC00343688,1.8
USC00343740,36.7425,-98.1331,365.8,OK,GREAT SALT PLAINS DAM,USC00343740,10.2
USC00343821,35.8161,-97.395,338.3,OK,GUTHRIE 5S,USC00343821,7.1
USC00343871,35.585,-99.3953,554.7,OK,HAMMON 3 SSW,USC00343871,7.1
USC00343909,36.9381,-96.8214,337.4,OK,HARDY 2SSW,USC00343909,5.4
USC00343956,35.8258,-95.6933,181.4,OK,HASKELL,USC00343956,2.6999999999999997
USC00343998,34.6289,-99.1394,413.6,OK,HEADRICK,USC00343998,2.8
USC00344001,34.2333,-97.4203,274.9,OK,HEALDTON 3 E,USC00344001,2.2
USC00344019,36.5381,-98.2661,411.5,OK,HELENA 1 SSE,USC00344019,12.7
USC00344052,34.5797,-97.3511,294.4,OK,HENNEPIN 5 N,USC00344052,2.7
USC00344055,36.0942,-97.835,357.8,OK,HENNESSEY 4 ESE,USC00344055,9.1
USC00344235,35.0567,-96.3861,260.6,OK,HOLDENVILLE 2SSE,USC00344235,2.1
USC00344249,34.6808,-99.8136,494.1,OK,HOLLIS 5E,USC00344249,3.3
USC00344298,36.8594,-101.2214,914.7,OK,HOOKER,USC00344298,17.0
USC00344451,33.9336,-94.8278,111.3,OK,IDABEL,USC00344451,2.0
USC00344489,36.1139,-96.8789,271.6,OK,INGALLS 1N,USC00344489,6.2
USC00344861,35.8583,-97.9294,320.0,OK,KINGFISHER,USC00344861,5.4
USC00344865,33.93,-96.6961,208.5,OK,KINGSTON 5 SSE,USC00344865,1.9
USC00344915,34.9614,-96.75,297.2,OK,KONAWA,USC00344915,2.8
USC00345013,36.6878,-97.5575,306.9,OK,LAMONT,USC00345013,9.8
USC00345045,36.6992,-99.8967,644.7,OK,LAVERNE,USC00345045,17.4
USC00345090,35.8628,-99.3428,627.9,OK,LEEDEY,USC00345090,3.5
USC00345247,34.3281,-97.6794,299.0,OK,LOCO,USC00345247,1.4000000000000001
USC00345329,35.3736,-98.3775,439.5,OK,LOOKEBA 1 N,USC00345329,5.0
USC00345468,34.0919,-96.7708,234.7,OK,MADILL,USC00345468,2.3000000000000003
USC00345509,34.8911,-99.5017,486.2,OK,MANGUM,USC00345509,2.0
USC00345522,36.1747,-96.4433,253.0,OK,MANNFORD 6 NW,USC00345522,8.4
USC00345563,33.8761,-97.1642,244.4,OK,MARIETTA 5SW,USC00345563,3.8
USC00345581,34.6367,-97.9786,385.3,OK,MARLOW 1 WSW,USC00345581,5.5
USC00345589,36.1519,-97.6225,317.3,OK,MARSHALL,USC00345589,4.1
USC00345713,34.3097,-95.8675,204.8,OK,MCGEE CREEK DAM,USC00345713,1.8
USC00345768,36.7964,-97.7358,330.1,OK,MEDFORD,USC00345768,9.3
USC00346035,35.1464,-99.4956,515.1,OK,MORAVIA 2 NNE,USC00346035,5.6
USC00346130,35.7781,-95.3339,157.9,OK,MUSKOGEE,USC00346130,2.6
USC00346278,36.9422,-97.0058,348.1,OK,NEWKIRK 5NE,USC00346278,8.6
USC00346386,35.1808,-97.4378,343.8,OK,NORMAN 3SSE,USC00346386,4.1
USC00346629,36.1217,-98.315,370.3,OK,OKEENE,USC00346629,10.3
USC00346638,35.4253,-96.3033,285.0,OK,OKEMAH,USC00346638,5.0
USC00346678,35.6092,-95.4633,198.1,OK,OKTAHA 2 NE,USC00346678,6.4
USC00346751,36.3486,-98.4808,383.7,OK,ORIENTA 1SSW,USC00346751,9.1
USC00346926,34.7253,-97.2814,286.5,OK,PAULS VALLEY 4 WSW,USC00346926,3.8
USC00346940,36.3567,-96.8108,254.5,OK,PAWNEE,USC00346940,1.1
USC00347003,35.9742,-97.0269,271.9,OK,PERKINS,USC00347003,5.2
USC00347012,36.2886,-97.2897,312.4,OK,PERRY,USC00347012,6.5
USC00347068,35.6906,-97.745,365.8,OK,PIEDMONT 3 N,USC00347068,5.8
USC00347214,34.5053,-96.6222,324.6,OK,PONTOTOC 1N,USC00347214,2.4000000000000004
USC00347264,35.4875,-96.7303,307.8,OK,PRAGUE 2W,USC00347264,4.8
USC00347309,36.3092,-95.3297,190.5,OK,PRYOR,USC00347309,7.5
USC00347390,36.5044,-96.7439,251.5,OK,RALSTON,USC00347390,7.1
USC00347403,34.1578,-98.3108,303.6,OK,RANDLETT 9 E,USC00347403,2.1
USC00347505,36.4611,-97.1797,277.4,OK,RED ROCK,USC00347505,7.4
USC00347534,36.9425,-102.6314,1225.3,OK,REGNIER,USC00347534,21.3
USC00347565,35.1583,-99.3664,541.6,OK,RETROP,USC00347565,5.0
USC00347727,34.8511,-99.0208,445.6,OK,ROOSEVELT,USC00347727,2.6
USC00347862,35.4572,-94.8047,201.2,OK,SALLISAW 2 NW,USC00347862,1.9000000000000001
USC00347952,35.3061,-99.6275,579.1,OK,SAYRE,USC00347952,6.5
USC00348016,34.9692,-98.7603,449.6,OK,SEDAN,USC00348016,6.8
USC00348042,35.2317,-96.6531,281.6,OK,SEMINOLE,USC00348042,4.4
USC00348110,35.3553,-96.9203,332.8,OK,SHAWNEE,USC00348110,6.3
USC00348299,34.6475,-98.93,429.8,OK,SNYDER 2 ESE,USC00348299,2.3
USC00348380,36.3894,-95.0597,208.8,OK,SPAVINAW,USC00348380,5.5
USC00348416,35.245,-94.625,150.9,OK,SPIRO,USC00348416,0.6000000000000001
USC00348479,35.3197,-97.2117,368.5,OK,STELLA,USC00348479,3.9
USC00348501,36.1175,-97.095,272.8,OK,STILLWATER 2 W,USC00348501,7.5
USC00348563,35.7975,-96.6658,275.8,OK,STROUD 3 N,USC00348563,5.7
USC00348652,35.4219,-99.9053,658.4,OK,SWEETWATER,USC00348652,5.9
USC00348677,35.9369,-94.9644,259.1,OK,TAHLEQUAH,USC00348677,4.3
USC00348708,36.0406,-98.9625,522.7,OK,TALOGA,USC00348708,12.3
USC00348751,35.2594,-96.9183,320.0,OK,TECUMSEH,USC00348751,1.4
USC00348815,35.7522,-98.7453,543.2,OK,THOMAS,USC00348815,7.2
USC00348884,34.2069,-96.6425,202.4,OK,TISHOMINGO NATL WR,USC00348884,2.0
USC00349023,34.6147,-95.2803,182.9,OK,TUSKAHOMA,USC00349023,2.7
USC00349086,35.3672,-97.8872,382.5,OK,UNION CITY 3 SE,USC00349086,4.1
USC00349118,33.9981,-95.1433,144.8,OK,VALLIANT 3 W,USC00349118,1.2000000000000002
USC00349172,36.1664,-99.3039,664.5,OK,VICI 1NNW,USC00349172,7.199999999999999
USC00349212,34.9003,-99.8614,573.0,OK,VINSON,USC00349212,3.2
USC00349278,34.3603,-98.3006,306.3,OK,WALTERS,USC00349278,2.2
USC00349298,36.9219,-95.7986,268.2,OK,WANN,USC00349298,9.3
USC00349395,34.1747,-97.9964,278.0,OK,WAURIKA,USC00349395,1.9
USC00349404,36.5758,-98.8797,459.6,OK,WAYNOKA,USC00349404,9.3
USC00349422,35.52,-98.6986,493.2,OK,WEATHERFORD,USC00349422,5.7
USC00349445,35.4814,-95.2039,167.6,OK,WEBBERS FALLS 5 WSW,USC00349445,4.6
USC00349575,35.1314,-96.5389,280.4,OK,WEWOKA 3 SW,USC00349575,3.6
USC00349629,34.7325,-98.7125,507.5,OK,WICHITA MTN WR,USC00349629,1.8
USC00349668,35.0522,-99.5125,531.9,OK,WILLOW,USC00349668,5.2
USC00349760,36.4408,-99.3819,579.1,OK,WOODWARD,USC00349760,14.7
USC00350145,44.4044,-123.7533,70.1,OR,ALSEA FH (FALL CREEK),USC00350145,0.8
USC00350197,44.8197,-120.7533,923.5,OR,ANTELOPE 6 SSW,USC00350197,9.7
USC00350217,42.2461,-123.1764,410.3,OR,APPLEGATE,USC00350217,0.3
USC00350265,45.7211,-120.2064,84.4,OR,ARLINGTON,USC00350265,5.3
USC00350304,42.2131,-122.7147,527.0,OR,ASHLAND,USC00350304,0.5
USC00350312,44.7261,-120.7531,783.3,OR,ASHWOOD,USC00350312,11.5
USC00350471,43.15,-124.4006,7.0,OR,BANDON 2 NNE,USC00350471,0.30000000000000004
USC00350501,43.9456,-120.2169,1210.1,OR,BARNES STN,USC00350501,30.5
USC00350652,44.2867,-122.0389,655.9,OR,BELKNAP SPRINGS 8 N,USC00350652,51.2
USC00350694,44.0569,-121.285,1115.6,OR,BEND,USC00350694,21.6
USC00350699,44.1183,-121.2103,1023.5,OR,BEND 7 NE,USC00350699,11.2
USC00350858,45.8472,-119.6933,85.3,OR,BOARDMAN,USC00350858,3.7
USC00350897,45.6353,-121.9522,18.9,OR,BONNEVILLE DAM,USC00350897,10.3
USC00351149,42.18,-122.9853,594.1,OR,BUNCOM 1 NNE,USC00351149,3.6
USC00351448,42.1597,-123.6422,419.7,OR,CAVE JUNCTION 1 WNW,USC00351448,7.1
USC00351574,42.7036,-121.9953,1274.1,OR,CHILOQUIN 12 NW (FORT KLAMATH),USC00351574,61.0
USC00351643,46.1081,-123.2058,6.7,OR,CLATSKANIE,USC00351643,2.3
USC00351682,45.205,-123.8925,3.7,OR,CLOVERDALE,USC00351682,1.0
USC00351765,45.2408,-120.1789,878.1,OR,CONDON,USC00351765,25.5
USC00351836,43.1872,-124.2025,7.0,OR,COQUILLE CITY,USC00351836,0.2
USC00351862,44.6342,-123.19,68.6,OR,CORVALLIS STATE UNIV,USC00351862,2.9
USC00351877,44.5078,-123.4575,180.4,OR,CORVALLIS WATER BUREAU,USC00351877,5.3
USC00351897,43.7917,-123.0275,181.4,OR,COTTAGE GROVE 2E,USC00351897,2.7
USC00351946,42.8978,-122.1339,1976.6,OR,CRATER LAKE NPS HQ,USC00351946,463.1
USC00352010,43.7228,-123.2086,121.9,OR,CURTIN NEAR,USC00352010,0.7
USC00352292,44.7242,-122.2547,371.9,OR,DETROIT DAM,USC00352292,10.2
USC00352325,45.4633,-123.1136,59.1,OR,DILLEY 2 S,USC00352325,5.2
USC00352415,43.8081,-118.3775,1071.4,OR,DREWSEY,USC00352415,35.9
USC00352440,45.4539,-121.1303,405.4,OR,DUFUR,USC00352440,21.5
USC00352493,45.2761,-122.2019,282.2,OR,EAGLE CREEK 9 SE,USC00352493,2.2
USC00352633,43.5992,-123.5992,36.6,OR,ELKTON 3 SW,USC00352633,0.6000000000000001
USC00352693,45.2694,-122.3167,156.7,OR,ESTACADA 2 SE,USC00352693,1.1
USC00352800,44.8358,-123.4525,210.3,OR,FALLS CITY 2 SSW,USC00352800,9.600000000000001
USC00352973,44.0039,-124.0947,22.9,OR,FLORENCE #2,USC00352973,0.6
USC00352997,45.5247,-123.1025,54.9,OR,FOREST GROVE,USC00352997,2.7
USC00353047,44.4139,-122.6728,167.6,OR,FOSTER DAM,USC00353047,0.1
USC00353402,45.3008,-121.7425,1213.1,OR,GOVERNMENT CAMP,USC00353402,232.5
USC00353445,42.4239,-123.3219,284.1,OR,GRANTS PASS,USC00353445,0.9
USC00353542,44.5175,-120.9389,1107.9,OR,GRIZZLY,USC00353542,21.2
USC00353604,44.8772,-117.1094,808.6,OR,HALFWAY,USC00353604,62.300000000000004
USC00353705,45.3128,-123.35,230.4,OR,HASKINS DAM,USC00353705,13.3
USC00353770,45.4486,-122.1547,228.0,OR,HEADWORKS PORTLAND WTR B,USC00353770,2.9
USC00353827,45.3653,-119.5639,574.5,OR,HEPPNER,USC00353827,12.8
USC00353971,44.3525,-122.7842,185.9,OR,HOLLEY,USC00353971,1.2000000000000002
USC00354003,45.6847,-121.5175,152.4,OR,HOOD RVR EXP STN,USC00354003,17.2
USC00354060,42.2292,-122.3814,1392.0,OR,HOWARD PRAIRIE DAM,USC00354060,117.6
USC00354126,43.3708,-122.9653,329.2,OR,IDLEYLD PARK 4 NE,USC00354126,11.7
USC00354291,44.4233,-118.9594,933.6,OR,JOHN DAY,USC00354291,9.6
USC00354329,45.3497,-117.2242,1275.3,OR,JOSEPH,USC00354329,54.199999999999996
USC00354403,42.0944,-121.9022,1258.2,OR,KENO,USC00354403,52.199999999999996
USC00354606,44.625,-122.7192,158.5,OR,LACOMB 3 NNE,USC00354606,1.7000000000000002
USC00354622,45.3167,-118.0747,839.7,OR,LA GRANDE,USC00354622,9.4
USC00354670,42.2414,-120.3678,1490.5,OR,LAKEVIEW 2 NNW,USC00354670,55.3
USC00354811,44.1014,-122.6886,205.7,OR,LEABURG 1 SW,USC00354811,3.4
USC00354835,43.3597,-122.2208,1242.7,OR,LEMOLO LAKE 3 NNW,USC00354835,196.2
USC00355020,44.7136,-119.1017,1140.0,OR,LONG CREEK,USC00355020,33.099999999999994
USC00355050,43.9139,-122.76,217.0,OR,LOOKOUT PT DAM,USC00355050,0.6000000000000001
USC00355055,42.6722,-122.675,481.6,OR,LOST CREEK DAM,USC00355055,1.3
USC00355080,44.7328,-120.9747,575.2,OR,LOWER HAY CREEK,USC00355080,9.6
USC00355142,44.6633,-121.1461,744.6,OR,MADRAS 2 N,USC00355142,14.100000000000001
USC00355160,43.9794,-117.0247,688.8,OR,MALHEUR BRANCH EXP STN,USC00355160,15.4
USC00355221,44.6125,-121.9486,754.4,OR,MARION FORKS FISH HATCHERY,USC00355221,85.2
USC00355593,45.9428,-118.4089,295.7,OR,MILTON FREEWATER,USC00355593,7.2
USC00355734,45.4825,-120.7236,570.0,OR,MORO,USC00355734,16.6
USC00355891,43.0906,-123.1669,251.5,OR,MYRTLE CREEK 8 NE,USC00355891,4.2
USC00355971,45.8128,-123.7753,42.7,OR,NEHALEM 9 NE,USC00355971,1.4
USC00356179,43.8764,-116.9903,662.9,OR,NYSSA,USC00356179,8.3
USC00356200,43.4228,-123.3003,131.1,OR,OAKLAND,USC00356200,0.30000000000000004
USC00356213,43.7428,-122.4433,388.6,OR,OAKRIDGE FISH HATCHERY,USC00356213,5.2
USC00356252,43.5492,-121.9639,1463.0,OR,ODELL LAKE-EAST,USC00356252,190.5
USC00356366,45.0333,-123.9239,45.7,OR,OTIS 2 NE,USC00356366,0.1
USC00356405,43.65,-117.2467,731.5,OR,OWYHEE DAM,USC00356405,6.0
USC00356466,45.535,-121.5894,463.3,OR,PARKDALE 1 NNE,USC00356466,53.900000000000006
USC00356540,45.7206,-118.6264,453.2,OR,PENDLETON BRANCH EXP STN,USC00356540,14.899999999999999
USC00356550,45.6911,-118.8522,460.2,OR,PENDLETON WFO,USC00356550,18.0
USC00356634,45.4756,-118.8253,524.3,OR,PILOT ROCK 1 SE,USC00356634,10.100000000000001
USC00356749,45.5181,-122.6894,48.5,OR,PORTLAND KGW-TV,USC00356749,3.6
USC00356750,45.5606,-122.5383,6.4,OR,PORTLAND WFO,USC00356750,3.4
USC00356820,42.8886,-124.0689,70.1,OR,POWERS,USC00356820,0.6
USC00356883,44.3006,-120.8406,876.6,OR,PRINEVILLE,USC00356883,8.8
USC00356907,42.7342,-122.5164,756.5,OR,PROSPECT 2 SW,USC00356907,20.9
USC00357112,43.1311,-123.6197,271.3,OR,RESTON,USC00357112,0.2
USC00357127,45.3033,-122.9133,157.0,OR,REX 1 S,USC00357127,1.0
USC00357169,42.9508,-123.3572,207.3,OR,RIDDLE,USC00357169,1.9
USC00357250,44.9094,-118.0625,1222.9,OR,ROCK CREEK,USC00357250,78.6
USC00357823,45.0058,-122.7739,124.4,OR,SILVERTON,USC00357823,1.1
USC00358173,42.9592,-120.7897,1277.7,OR,SUMMER LAKE 1 S,USC00358173,7.4
USC00358260,43.3964,-123.36,121.9,OR,SUTHERLIN 2 W,USC00358260,0.6
USC00358407,45.6069,-121.2047,45.7,OR,THE DALLES,USC00358407,5.5
USC00358420,43.2644,-120.9447,1313.7,OR,THE POPLARS,USC00358420,6.8
USC00358466,45.1219,-122.07,341.4,OR,THREE LYNX,USC00358466,5.0
USC00358494,45.4539,-123.8519,3.7,OR,TILLAMOOK,USC00358494,0.2
USC00358536,43.275,-122.4497,627.9,OR,TOKETEE FALLS,USC00358536,20.8
USC00358746,45.1986,-117.8647,846.4,OR,UNION,USC00358746,16.2
USC00358788,43.0739,-123.5878,259.1,OR,UPPER OLLALA 1N,USC00358788,1.3
USC00358884,45.8653,-123.1903,190.5,OR,VERNONIA #2,USC00358884,1.1
USC00358997,45.5722,-117.5314,890.9,OR,WALLOWA,USC00358997,47.900000000000006
USC00359068,45.5958,-120.7,386.2,OR,WASCO,USC00359068,6.3
USC00359316,43.6825,-121.6875,1328.3,OR,WICKIUP DAM,USC00359316,73.9
USC00359372,45.0747,-123.48,73.2,OR,WILLAMINA,USC00359372,1.7
USC00359390,42.2283,-123.2858,450.2,OR,WILLIAMS 1 NW,USC00359390,6.4
USC00359588,44.33,-124.0981,15.2,OR,YACHATS,USC00359588,0.9
USC00360132,40.4189,-78.4197,359.7,PA,ALTOONA 7 SW,USC00360132,38.0
USC00360140,40.495,-78.4667,402.3,PA,ALTOONA 3 W,USC00360140,38.1
USC00360457,40.8208,-76.4983,309.4,PA,BEAR GAP,USC00360457,33.5
USC00360482,40.7742,-77.1575,164.6,PA,BEAVERTOWN 1 NE,USC00360482,33.7
USC00360488,40.3783,-75.615,140.2,PA,BECHTELSVILLE 1ENE,USC00360488,4.2
USC00360582,41.2322,-76.3422,333.8,PA,BENTON 3 NE,USC00360582,46.0
USC00360656,39.9347,-77.2547,219.5,PA,BIGLERVILLE,USC00360656,27.0
USC00360821,40.1597,-79.0286,570.6,PA,BOSWELL,USC00360821,64.6
USC00360868,41.8981,-78.7144,506.0,PA,BRADFORD 4SW RSCH 5,USC00360868,75.2
USC00361073,40.0631,-78.8422,749.8,PA,BUCKSTOWN 1 SE,USC00361073,96.9
USC00361087,39.9458,-78.6458,399.3,PA,BUFFALO MILLS,USC00361087,40.2
USC00361139,40.8414,-79.9164,304.8,PA,BUTLER 2 SW,USC00361139,34.9
USC00361212,41.6517,-76.8464,347.5,PA,CANTON,USC00361212,42.1
USC00361350,39.8481,-79.5897,603.5,PA,CHALK HILL 2 ENE,USC00361350,88.8
USC00361354,39.9353,-77.6394,195.1,PA,CHAMBERSBURG 1 ESE,USC00361354,30.8
USC00361362,41.93,-79.2969,454.2,PA,CHANDLERS VALLEY 1SE,USC00361362,115.69999999999999
USC00361377,40.1467,-79.8986,228.3,PA,CHARLEROI LOCK 4,USC00361377,10.3
USC00361480,41.0489,-77.9411,423.7,PA,CLARENCE,USC00361480,50.3
USC00361526,41.6997,-78.4978,634.0,PA,CLERMONT 1 NW,USC00361526,79.5
USC00361591,39.9847,-75.86,195.1,PA,COATESVILLE 2 W,USC00361591,31.9
USC00361705,39.7994,-79.3664,454.2,PA,CONFLUENCE 1 SW DAM,USC00361705,61.2
USC00361726,39.9969,-79.5964,274.3,PA,CONNELLSVILLE 2 SSW,USC00361726,24.400000000000002
USC00361737,40.0744,-75.3178,21.3,PA,CONSHOHOCKEN,USC00361737,7.6
USC00361802,41.7583,-78.0408,502.9,PA,COUDERSPORT 1 SW,USC00361802,71.8
USC00361810,41.7392,-77.9711,655.3,PA,COUDERSPORT 7SE,USC00361810,78.0
USC00361833,41.7375,-77.1158,531.9,PA,COVINGTON 2 WSW,USC00361833,54.0
USC00361838,41.9906,-77.1567,350.5,PA,COWANESQUE DAM,USC00361838,38.0
USC00361920,40.2258,-77.1894,131.1,PA,CARLISLE WTP,USC00361920,27.7
USC00362013,40.9592,-76.6175,145.7,PA,DANVILLE,USC00362013,28.6
USC00362071,40.4608,-76.7486,163.7,PA,DEHART DAM,USC00362071,27.6
USC00362108,40.3,-79.3333,323.1,PA,DERRY 4 SW,USC00362108,48.2
USC00362190,40.1636,-79.8694,232.3,PA,DONORA 1 SW,USC00362190,21.4
USC00362298,40.2872,-78.7242,719.3,PA,DUNLO,USC00362298,74.1
USC00362323,41.5217,-76.4042,466.3,PA,DUSHORE,USC00362323,41.4
USC00362470,40.4681,-78.7308,591.3,PA,EBENSBURG SEWAGE PLT,USC00362470,79.7
USC00362629,41.5067,-78.2275,317.0,PA,EMPORIUM,USC00362629,47.1
USC00362721,40.0136,-78.3653,304.8,PA,EVERETT,USC00362721,27.0
USC00363028,41.4003,-79.8306,309.4,PA,FRANKLIN,USC00363028,53.7
USC00363130,41.7356,-77.6517,410.0,PA,GALETON,USC00363130,56.7
USC00363293,39.8256,-78.83,485.9,PA,GLENCOE,USC00363293,56.8
USC00363311,41.5606,-78.5994,524.3,PA,GLEN HAZEL 2 NE DAM,USC00363311,66.0
USC00363321,40.0961,-75.7514,152.4,PA,GLENMOORE,USC00363321,28.4
USC00363343,40.5489,-80.2058,216.4,PA,GLENWILLARD DASHIELDS L&D,USC00363343,19.8
USC00363417,40.9667,-78.5872,460.2,PA,GRAMPIAN 1E,USC00363417,63.0
USC00363437,40.2294,-75.4242,85.0,PA,GRATERFORD 1 E,USC00363437,12.9
USC00363451,39.7833,-79.9167,243.8,PA,GRAYS LANDING,USC00363451,18.4
USC00363632,40.5517,-75.9911,112.5,PA,HAMBURG,USC00363632,21.299999999999997
USC00363665,39.7706,-77.0325,170.1,PA,HANOVER 4 SW,USC00363665,28.2
USC00363698,40.2817,-76.8706,128.0,PA,HARRISBURG 1 NE,USC00363698,23.9
USC00363758,41.4764,-75.1653,271.3,PA,HAWLEY 1 E,USC00363758,47.1
USC00364047,40.0881,-75.9081,202.7,PA,HONEY BROOK 2 SSE,USC00364047,23.3
USC00364214,40.5972,-79.1186,335.9,PA,INDIANA 3 SE,USC00364214,45.800000000000004
USC00364325,41.4992,-80.4681,317.0,PA,JAMESTOWN 2 NW,USC00364325,61.5
USC00364432,41.6767,-78.8036,533.4,PA,KANE 1NNE,USC00364432,92.9
USC00364763,40.05,-76.2742,82.3,PA,LANCASTER 2NE FLTR PLT,USC00364763,21.4
USC00364778,40.1192,-76.4264,109.7,PA,LANDISVILLE 2 NW,USC00364778,23.2
USC00364815,41.4233,-76.4933,599.2,PA,LAPORTE,USC00364815,69.7
USC00364839,40.1692,-79.1411,832.1,PA,LAUREL SUMMIT,USC00364839,142.2
USC00364896,40.3333,-76.4667,137.2,PA,LEBANON 2 W,USC00364896,24.0
USC00364934,40.8222,-75.6961,138.7,PA,LEHIGHTON 1SSW,USC00364934,27.3
USC00364976,40.9475,-76.8786,152.4,PA,LEWISBURG,USC00364976,28.8
USC00364992,40.5864,-77.5692,140.2,PA,LEWISTOWN,USC00364992,26.2
USC00365050,41.6458,-80.425,313.9,PA,LINESVILLE 1 S,USC00365050,64.0
USC00365109,41.1311,-77.4336,172.5,PA,LOCK HAVEN SEWAGE PLT,USC00365109,29.6
USC00365344,40.8344,-76.1436,521.2,PA,MAHANOY CITY 2 N,USC00365344,48.0
USC00365470,41.3914,-74.7172,139.9,PA,MATAMORAS,USC00365470,40.8
USC00365686,39.7808,-79.0411,609.6,PA,MEYERSDALE 2 SSW,USC00365686,45.7
USC00365790,40.8847,-77.475,341.4,PA,MILLHEIM,USC00365790,35.3
USC00365915,41.8511,-75.8583,432.8,PA,MONTROSE,USC00365915,82.7
USC00365956,40.1581,-75.8861,180.1,PA,MORGANTOWN,USC00365956,26.3
USC00366042,40.2156,-79.4994,305.7,PA,MT PLEASANT,USC00366042,29.8
USC00366111,40.4119,-79.7244,262.1,PA,MURRYSVILLE 2 SW,USC00366111,25.0
USC00366194,40.1483,-74.953,12.2,PA,NESHAMINY FALLS,USC00366194,19.9
USC00366233,41.0172,-80.3614,251.5,PA,NEW CASTLE 1 N,USC00366233,27.5
USC00366238,40.0753,-76.0714,184.4,PA,NEW HOLLAND 2 SE,USC00366238,33.5
USC00366289,39.7342,-76.5039,243.8,PA,NEW PARK,USC00366289,28.8
USC00366370,40.1097,-75.3369,18.9,PA,NORRISTOWN,USC00366370,25.3
USC00366508,39.7956,-76.0442,79.2,PA,OCTORARO LAKE,USC00366508,18.1
USC00366649,41.9244,-78.0072,521.2,PA,OSWAYO 1 ENE,USC00366649,60.3
USC00366681,40.3856,-75.5019,91.4,PA,PALM 3 SE,USC00366681,26.3
USC00366886,39.9586,-75.1728,18.3,PA,PHILA FRANKLIN INST,USC00366886,16.1
USC00366921,40.8728,-78.2161,524.3,PA,PHILIPSBURG 2 S,USC00366921,50.0
USC00366955,40.0331,-77.3042,269.7,PA,PINE GROVE FURNACE,USC00366955,30.700000000000003
USC00367029,41.7394,-75.4464,548.6,PA,PLEASANT MT 1 W,USC00367029,69.2
USC00367103,41.8156,-78.2872,449.6,PA,PORT ALLEGANY,USC00367103,55.1
USC00367167,40.6514,-78.555,463.3,PA,PRINCE GALLITZIN SP,USC00367167,49.9
USC00367229,40.9247,-79.2825,390.1,PA,PUTNEYVILLE 2 SE DAM,USC00367229,34.5
USC00367409,41.33,-77.7381,201.2,PA,RENOVO,USC00367409,32.7
USC00367477,41.4197,-78.7492,414.5,PA,RIDGWAY,USC00367477,52.7
USC00367727,41.7833,-76.1167,265.2,PA,RUSHVILLE,USC00367727,47.8
USC00367730,41.8422,-77.4758,609.6,PA,SABINSVILLE 3 SE,USC00367730,48.7
USC00367732,39.9253,-76.3892,59.4,PA,SAFE HARBOR DAM,USC00367732,21.3
USC00367735,40.7819,-79.2375,353.6,PA,SAGAMORE,USC00367735,42.2
USC00367782,40.51,-79.5458,338.0,PA,SALINA 3 W,USC00367782,28.6
USC00367846,40.2172,-78.2539,253.0,PA,SAXTON 1W,USC00367846,22.799999999999997
USC00367931,40.7831,-76.8617,128.0,PA,SELINSGROVE 2 S,USC00367931,29.0
USC00367938,40.3553,-75.3131,92.0,PA,SELLERSVILLE,USC00367938,21.7
USC00368057,41.1831,-76.1489,208.8,PA,SHICKSHINNY 3 N,USC00368057,35.599999999999994
USC00368073,40.0592,-77.5214,207.3,PA,SHIPPENSBURG,USC00368073,33.6
USC00368145,41.3203,-78.0958,249.9,PA,SINNEMAHONING,USC00368145,37.699999999999996
USC00368244,39.9969,-79.0833,640.1,PA,SOMERSET,USC00368244,96.2
USC00368308,39.8508,-77.5039,463.3,PA,S MTN,USC00368308,33.0
USC00368361,41.8161,-80.425,306.3,PA,SPRINGBORO 3 WNW,USC00368361,111.0
USC00368379,39.8694,-76.8633,137.2,PA,SPRING GROVE,USC00368379,28.8
USC00368400,40.5711,-75.2781,262.1,PA,SPRINGTOWN 1 NNE,USC00368400,41.1
USC00368449,40.7933,-77.8672,356.6,PA,STATE COLLEGE,USC00368449,43.8
USC00368469,41.4039,-78.0183,284.1,PA,STEVENSON DAM,USC00368469,38.599999999999994
USC00368570,40.4833,-76.1833,182.9,PA,STRAUSSTOWN,USC00368570,30.2
USC00368596,41.0147,-75.2072,143.6,PA,E STROUDSBURG,USC00368596,41.6
USC00368668,40.8533,-76.7892,175.3,PA,SUNBURY,USC00368668,28.6
USC00368692,41.9478,-75.6047,277.4,PA,SUSQUEHANNA,USC00368692,69.0
USC00368758,40.7947,-75.9753,281.9,PA,TAMAQUA,USC00368758,42.8
USC00368763,40.8483,-75.9994,347.5,PA,TAMAQUA 4 N DAM,USC00368763,41.5
USC00368868,41.8975,-77.1419,374.9,PA,TIOGA HAMMOND DAM,USC00368868,43.4
USC00368873,41.4792,-79.4433,365.8,PA,TIONESTA 2 SE LAKE,USC00368873,50.8
USC00368888,41.6308,-79.6931,371.9,PA,TITUSVILLE WTR WKS,USC00368888,89.4
USC00368905,41.7511,-76.4431,231.6,PA,TOWANDA 1 S,USC00368905,37.8
USC00369022,40.6644,-78.2192,271.3,PA,TYRONE,USC00369022,34.699999999999996
USC00369042,41.9003,-79.8611,426.7,PA,UNION CITY FILTRATION PLANT,USC00369042,114.2
USC00369050,39.915,-79.7192,291.4,PA,UNIONTOWN 1 NE,USC00369050,28.1
USC00369298,41.8467,-79.1494,368.8,PA,WARREN,USC00369298,71.6
USC00369318,40.1789,-80.1889,396.2,PA,WASHINGTON 3 NE,USC00369318,31.9
USC00369367,39.8986,-80.1656,286.5,PA,WAYNESBURG 1 E,USC00369367,30.099999999999998
USC00369408,41.7003,-77.3872,554.1,PA,WELLSBORO 4 SW,USC00369408,60.599999999999994
USC00369464,39.9708,-75.635,114.3,PA,W CHESTER 2 NW,USC00369464,30.5
USC00369510,41.5764,-79.4106,410.0,PA,WEST HICKORY 2,USC00369510,74.4
USC00369714,40.4667,-78.2,257.6,PA,WILLIAMSBURG,USC00369714,25.7
USC00369735,41.2486,-76.9833,160.0,PA,WILLIAMSPORT 2,USC00369735,32.6
USC00369823,40.0394,-78.5239,361.2,PA,WOLFSBURG,USC00369823,37.6
USC00369933,39.9167,-76.75,118.9,PA,YORK 3 SSW PUMP STN,USC00369933,24.599999999999998
USC00369950,40.1139,-76.7122,94.5,PA,YORK HAVEN,USC00369950,23.7
USC00374266,41.4903,-71.5431,35.7,RI,KINGSTON,USC00374266,34.5
USC00375215,41.5,-71.35,4.6,RI,NEWPORT ROSE,USC00375215,26.0
USC00375270,41.8564,-71.7333,192.0,RI,N FOSTER 1 E,USC00375270,62.0
USC00377581,41.6267,-71.2092,27.4,RI,TIVERTON,USC00377581,38.1
USC00379423,41.9844,-71.4908,33.5,RI,WOONSOCKET,USC00379423,41.5
USC00380074,33.4925,-81.6958,150.0,SC,AIKEN 5SE,USC00380074,0.7
USC00380165,34.5283,-82.6608,243.8,SC,ANDERSON,USC00380165,0.9
USC00380448,33.2911,-81.0328,47.5,SC,BAMBERG,USC00380448,0.3
USC00380506,33.9,-81.5389,201.2,SC,BATESBURG,USC00380506,1.1
USC00381241,33.8083,-79.8567,24.4,SC,CADES 4 W,USC00381241,1.6
USC00381256,35.1072,-82.6256,975.4,SC,CAESARS HEAD,USC00381256,7.300000000000001
USC00381277,34.0906,-82.5883,161.5,SC,CALHOUN FALLS,USC00381277,0.6
USC00381462,34.8572,-80.9133,173.7,SC,CATAWBA,USC00381462,2.5999999999999996
USC00381479,34.2172,-81.0756,103.0,SC,CEDAR CREEK 2E,USC00381479,0.8
USC00381588,34.7028,-79.8822,45.7,SC,CHERAW,USC00381588,0.1
USC00381625,35.1108,-81.9675,228.0,SC,CHESNEE 7 WSW,USC00381625,1.2
USC00381770,34.6603,-82.8233,243.8,SC,CLEMSON UNIV,USC00381770,2.2
USC00381804,35.0269,-82.5014,345.9,SC,CLEVELAND 3S,USC00381804,1.4
USC00381944,33.9917,-81.0244,68.0,SC,COLUMBIA UNIV OF SC,USC00381944,0.2
USC00382386,34.4092,-79.3564,36.0,SC,DILLON,USC00382386,0.7999999999999999
USC00382712,33.8275,-81.9142,167.6,SC,EDGEFIELD 3 NNE,USC00382712,0.6000000000000001
USC00382757,34.0628,-79.7556,32.3,SC,EFFINGHAM,USC00382757,0.4
USC00383216,35.0217,-81.0075,160.0,SC,FT MILL 4 NW,USC00383216,0.2
USC00383356,35.0922,-81.5578,198.1,SC,GAFFNEY 6 E,USC00383356,1.9
USC00383525,33.0167,-80.35,16.8,SC,GIVHANS FERRY 2 ESE,USC00383525,0.3
USC00383700,34.5589,-80.8911,102.1,SC,GREAT FALLS,USC00383700,0.5
USC00383906,32.8442,-81.1244,29.0,SC,HAMPTON 1S,USC00383906,0.1
USC00383990,34.395,-80.0486,56.4,SC,HARTSVILLE,USC00383990,0.5
USC00384581,34.9861,-83.0711,774.2,SC,JOCASSEE 8 WNW,USC00384581,3.5
USC00384607,33.7756,-81.8444,191.7,SC,JOHNSTON 4 SW,USC00384607,1.0
USC00385017,34.4989,-82.0219,179.5,SC,LAURENS,USC00385017,1.3
USC00385200,34.1994,-81.4144,216.7,SC,LITTLE MTN,USC00385200,1.4000000000000001
USC00385232,34.7792,-81.4564,121.9,SC,LOCKHART,USC00385232,0.1
USC00385278,34.7683,-83.2544,495.3,SC,LONG CREEK,USC00385278,2.8
USC00385493,33.6989,-80.1992,25.9,SC,MANNING,USC00385493,0.5
USC00386527,33.4889,-80.8742,56.4,SC,ORANGEBURG 2,USC00386527,0.1
USC00386831,34.8814,-82.7189,327.7,SC,PICKENS,USC00386831,1.0
USC00387631,33.9919,-81.7714,146.3,SC,SALUDA,USC00387631,0.4
USC00387666,34.1311,-80.8686,134.1,SC,SANDHILL RSCH - ELGIN,USC00387666,0.4
USC00387722,34.635,-81.5206,158.5,SC,SANTUCK,USC00387722,2.9
USC00388188,34.9078,-81.9139,185.9,SC,SPARTANBURG 3 SSE,USC00388188,0.8
USC00388440,33.9364,-80.3569,53.9,SC,SUMTER,USC00388440,0.3
USC00388706,34.9842,-82.3997,320.0,SC,TRAVELERS REST 2NE,USC00388706,1.9
USC00388786,34.6053,-81.6631,146.3,SC,UNION 8 S,USC00388786,1.9
USC00388887,34.7544,-83.075,298.7,SC,WALHALLA,USC00388887,2.2
USC00388951,34.4047,-82.2489,189.0,SC,WARE SHOALS 2,USC00388951,0.7000000000000001
USC00389039,33.9,-80.5206,76.2,SC,WEDGEFIELD,USC00389039,0.7999999999999999
USC00389122,34.6428,-82.4547,214.9,SC,W PELZER,USC00389122,1.4
USC00389412,34.7636,-82.1061,225.6,SC,WOODRUFF 5 NW,USC00389412,0.4
USC00390043,43.4894,-99.0628,512.4,SD,ACADEMY 2NE,USC00390043,41.5
USC00390128,43.6514,-97.7981,416.1,SD,ALEXANDRIA,USC00390128,36.3
USC00390236,43.03,-103.66,1079.0,SD,ARDMORE 1 NW,USC00390236,44.1
USC00390296,43.3131,-98.3486,460.2,SD,ARMOUR,USC00390296,34.4
USC00390306,45.8811,-99.7983,553.2,SD,ARTAS 1S,USC00390306,29.7
USC00390553,45.4739,-98.3072,398.1,SD,BATH 1NE,USC00390553,41.5
USC00390554,44.4989,-104.035,1188.7,SD,BEAR RIDGE,USC00390554,114.19999999999999
USC00390559,44.6714,-103.8511,920.5,SD,BELLE FOURCHE,USC00390559,42.2
USC00390565,44.9906,-103.9339,975.4,SD,BELLE FOURCHE 22 NNW,USC00390565,37.1
USC00390662,45.2994,-96.4997,340.5,SD,BIG STONE CITY 2 NW,USC00390662,32.2
USC00390701,45.5286,-102.465,847.3,SD,BISON,USC00390701,39.7
USC00390760,44.5128,-99.9881,494.1,SD,BLUNT,USC00390760,43.3
USC00390778,43.0778,-98.9508,605.0,SD,BONESTEEL,USC00390778,37.2
USC00391043,45.2386,-97.7539,542.2,SD,BRISTOL 7S,USC00391043,41.8
USC00391049,45.7886,-97.7489,413.0,SD,BRITTON,USC00391049,45.400000000000006
USC00391076,44.325,-96.7686,499.6,SD,BROOKINGS 2 NE,USC00391076,35.8
USC00391102,44.5547,-97.4686,557.8,SD,BRYANT,USC00391102,47.7
USC00391294,45.5489,-103.9744,951.0,SD,CAMP CROOK,USC00391294,50.5
USC00391392,43.3111,-96.5878,401.1,SD,CANTON,USC00391392,36.1
USC00391539,43.5772,-101.0189,717.8,SD,CEDAR BUTTE,USC00391539,40.0
USC00391579,43.0428,-96.9033,388.9,SD,CENTERVILLE 6 SE,USC00391579,30.5
USC00391621,43.7353,-99.3125,519.4,SD,CHAMBERLAIN 5 S,USC00391621,43.3
USC00391636,43.9281,-96.9319,513.3,SD,CHESTER 2N,USC00391636,42.5
USC00391777,44.7575,-96.6831,552.3,SD,CLEAR LAKE,USC00391777,60.7
USC00391851,43.7847,-96.9275,491.6,SD,COLTON,USC00391851,39.6
USC00391873,45.7231,-98.3031,397.8,SD,COLUMBIA 8 N,USC00391873,37.8
USC00391917,45.1539,-98.1008,405.4,SD,CONDE,USC00391917,28.0
USC00391972,43.9611,-101.8606,723.3,SD,COTTONWOOD 2 E,USC00391972,38.2
USC00392087,43.7744,-103.6119,1670.3,SD,CUSTER,USC00392087,57.9
USC00392302,44.3825,-97.5497,519.7,SD,DE SMET,USC00392302,41.4
USC00392371,44.8964,-98.1006,411.8,SD,DOLAND,USC00392371,23.3
USC00392429,45.0469,-101.6022,727.9,SD,DUPREE,USC00392429,40.7
USC00392446,44.8658,-101.4672,640.1,SD,DUPREE 15 SSE,USC00392446,47.3
USC00392468,45.0117,-101.2483,725.7,SD,EAGLE BUTTE,USC00392468,36.8
USC00392557,43.3136,-103.8214,1046.1,SD,EDGEMONT,USC00392557,36.2
USC00392565,43.6242,-103.9172,1341.7,SD,EDGEMONT 23 NNW,USC00392565,35.3
USC00392636,45.9319,-98.7647,472.4,SD,ELM LAKE 4 NW,USC00392636,39.2
USC00392647,44.3186,-102.4683,806.2,SD,ELM SPRINGS 3 ESE,USC00392647,36.7
USC00392797,45.7656,-99.6222,570.3,SD,EUREKA,USC00392797,44.3
USC00392852,45.0203,-102.0367,790.0,SD,FAITH,USC00392852,55.5
USC00392927,45.0364,-99.1342,486.8,SD,FAULKTON 1 NW,USC00392927,43.7
USC00392984,44.0517,-96.5928,477.6,SD,FLANDREAU,USC00392984,40.4
USC00393029,44.0683,-98.0833,389.2,SD,FORESTBURG 4 NNE,USC00393029,26.299999999999997
USC00393069,44.4106,-103.4769,1008.3,SD,FT MEADE,USC00393069,47.6
USC00393076,44.2444,-100.6592,484.6,SD,FT PIERRE 17 WSW,USC00393076,31.3
USC00393211,44.08,-98.9731,501.7,SD,GANN VALLEY 3 NNE,USC00393211,40.900000000000006
USC00393294,45.0194,-99.9403,635.2,SD,GETTYSBURG,USC00393294,38.7
USC00393316,45.4008,-101.8103,758.0,SD,GLAD VALLEY 2 W,USC00393316,46.5
USC00393452,43.2356,-99.4342,658.4,SD,GREGORY,USC00393452,45.0
USC00393456,45.4469,-98.0953,397.8,SD,GROTON,USC00393456,32.3
USC00393560,45.36,-103.8117,1036.3,SD,HARDING 3 SE,USC00393560,55.0
USC00393574,43.1647,-101.2567,908.3,SD,HARRINGTON,USC00393574,47.2
USC00393608,44.3628,-99.8033,518.5,SD,HARROLD 12 SSW,USC00393608,40.0
USC00393681,44.6633,-97.2267,510.8,SD,HAYTI,USC00393681,34.0
USC00393764,44.3256,-103.1086,856.5,SD,HEREFORD 12 SW,USC00393764,55.6
USC00393775,43.8069,-103.2131,1043.9,SD,HERMOSA 3 SSW,USC00393775,33.0
USC00393832,44.5222,-99.455,575.5,SD,HIGHMORE 1 W,USC00393832,40.0
USC00393868,43.9342,-103.5572,1507.5,SD,HILL CITY,USC00393868,66.6
USC00393945,45.1125,-103.2683,845.2,SD,HOOVER,USC00393945,47.5
USC00394007,43.4378,-103.4739,1085.1,SD,HOT SPRINGS,USC00394007,32.0
USC00394037,44.0122,-97.5317,478.5,SD,HOWARD,USC00394037,35.8
USC00394184,43.7483,-101.9414,743.7,SD,INTERIOR 3 NE,USC00394184,38.0
USC00394206,45.4472,-99.0386,471.5,SD,IPSWICH,USC00394206,33.7
USC00394254,44.3647,-97.8486,426.7,SD,IROQUOIS,USC00394254,39.0
USC00394271,45.6025,-101.3486,650.1,SD,ISABEL 14 NNE,USC00394271,39.2
USC00394490,45.8361,-101.8664,723.6,SD,KELDRON 8SSW,USC00394490,41.1
USC00394516,43.9025,-99.8583,512.4,SD,KENNEBEC,USC00394516,39.6
USC00394596,44.6122,-101.3369,658.4,SD,KIRLEY 6 N,USC00394596,40.9
USC00394671,45.7733,-103.8789,914.4,SD,LADNER 9SW,USC00394671,45.7
USC00394766,44.0644,-99.4603,445.3,SD,LAKE SHARPE PRJ,USC00394766,18.9
USC00394834,44.3544,-103.743,1558.1,SD,LEAD,USC00394834,183.9
USC00394864,45.9397,-102.1575,782.4,SD,LEMMON,USC00394864,42.3
USC00395090,43.9906,-97.0922,500.8,SD,MADISON 2SE,USC00395090,36.8
USC00395228,43.4208,-97.2539,439.5,SD,MARION,USC00395228,40.900000000000006
USC00395281,43.1803,-101.7386,1015.0,SD,MARTIN,USC00395281,48.4
USC00395325,44.8656,-102.5658,801.3,SD,MAURINE 12SW,USC00395325,43.1
USC00395381,45.8383,-101.2769,664.2,SD,MC INTOSH 6 SE,USC00395381,43.3
USC00395406,45.8133,-100.8072,609.9,SD,MC LAUGHLIN,USC00395406,34.9
USC00395456,45.155,-98.5825,395.0,SD,MELLETTE 4 W,USC00395456,43.400000000000006
USC00395481,43.2358,-97.5714,406.0,SD,MENNO,USC00395481,39.2
USC00395544,44.5172,-101.6183,681.8,SD,MILESVILLE 5 NE,USC00395544,44.8
USC00395561,44.5178,-98.9814,480.4,SD,MILLER,USC00395561,43.699999999999996
USC00395620,43.3061,-100.6558,788.5,SD,MISSION,USC00395620,41.5
USC00395638,43.1122,-100.6111,856.5,SD,MISSION 14 S,USC00395638,40.8
USC00395669,43.7644,-98.0714,392.3,SD,MITCHELL,USC00395669,40.599999999999994
USC00395691,45.5656,-100.4489,516.0,SD,MOBRIDGE 2NNW,USC00395691,36.3
USC00395733,43.705,-97.1878,468.2,SD,MONTROSE,USC00395733,31.0
USC00395870,43.8769,-103.4578,1618.8,SD,MT RUSHMORE NMEM,USC00395870,59.3
USC00395891,43.8878,-100.7075,705.9,SD,MURDO,USC00395891,49.1
USC00396054,44.7136,-103.4258,871.7,SD,NEWELL,USC00396054,39.8
USC00396212,43.1878,-103.2372,1020.5,SD,OELRICHS,USC00396212,43.8
USC00396282,45.1917,-99.4667,570.6,SD,ONAKA,USC00396282,35.0
USC00396292,44.7322,-100.1447,564.2,SD,ONIDA 4 NW,USC00396292,48.800000000000004
USC00396304,43.4033,-103.2683,902.2,SD,ORAL,USC00396304,36.8
USC00396427,44.0622,-103.4819,1438.7,SD,PACTOLA DAM,USC00396427,60.9
USC00396574,43.0689,-98.5325,454.2,SD,PICKSTOWN,USC00396574,31.3
USC00396636,44.5169,-102.2153,724.5,SD,PLAINVIEW 6 SSW,USC00396636,42.5
USC00396669,43.3892,-98.8411,490.7,SD,PLATTE,USC00396669,45.7
USC00396712,45.9033,-100.2878,499.6,SD,POLLOCK,USC00396712,39.0
USC00396947,44.1206,-103.2842,1060.4,SD,RAPID CITY 4NW,USC00396947,36.1
USC00396948,44.0728,-103.2108,1029.9,SD,RAPID CITY WFO,USC00396948,53.7
USC00396969,44.9733,-97.1494,529.4,SD,RAUVILLE 2 W,USC00396969,31.8
USC00397007,44.9439,-97.9247,452.6,SD,RAYMOND 3 NE,USC00397007,22.0
USC00397062,45.3767,-103.3675,935.7,SD,REDIG 11 NE,USC00397062,51.2
USC00397073,44.6981,-102.5608,845.2,SD,RED OWL,USC00397073,47.5
USC00397277,45.4528,-99.3358,559.3,SD,ROSCOE,USC00397277,47.0
USC00397326,45.7086,-97.4339,551.7,SD,ROY LAKE,USC00397326,48.099999999999994
USC00397545,45.51,-100.0356,581.6,SD,SELBY,USC00397545,33.4
USC00397551,45.0606,-99.51,582.2,SD,SENECA,USC00397551,42.900000000000006
USC00397742,45.6656,-97.0394,368.5,SD,SISSETON,USC00397742,48.0
USC00397882,44.4975,-103.8717,1107.3,SD,SPEARFISH,USC00397882,70.5
USC00397992,44.2661,-99.4431,550.2,SD,STEPHAN 2 NW,USC00397992,36.6
USC00398074,45.2339,-98.3997,396.2,SD,STRATFORD 7SW,USC00398074,34.1
USC00398116,45.3036,-97.0625,595.9,SD,SUMMIT 1 W,USC00398116,58.6
USC00398307,45.4283,-101.0764,662.3,SD,TIMBER LAKE,USC00398307,41.2
USC00398472,42.9917,-97.8703,432.8,SD,TYNDALL,USC00398472,36.6
USC00398652,45.9203,-96.8308,333.8,SD,VICTOR 4 N,USC00398652,49.3
USC00398911,44.0681,-102.4497,709.6,SD,WASTA,USC00398911,30.4
USC00398980,45.4247,-97.3269,556.9,SD,WAUBAY NATL WILD LIFE,USC00398980,35.6
USC00399004,45.3331,-97.5228,567.2,SD,WEBSTER,USC00399004,42.8
USC00399042,44.0083,-97.0042,524.9,SD,WENTWORTH 2.5 WNW,USC00399042,38.1
USC00399070,44.0756,-98.5706,522.7,SD,WESSINGTON SPRINGS,USC00399070,44.5
USC00399138,45.6764,-98.5303,420.9,SD,WESTPORT 2 NW,USC00399138,44.3
USC00399232,43.6872,-98.6717,496.5,SD,WHITE LAKE,USC00399232,37.7
USC00399337,45.4078,-96.8619,366.1,SD,WILMOT,USC00399337,51.0
USC00399347,43.5561,-103.4794,1266.4,SD,WIND CAVE,USC00399347,45.9
USC00399367,43.3686,-99.8403,614.5,SD,WINNER,USC00399367,49.1
USC00399442,43.4989,-100.4814,664.5,SD,WOOD,USC00399442,50.3
USC00400049,35.7978,-89.1175,100.6,TN,ALAMO 1 N,USC00400049,3.7
USC00400081,36.3806,-84.8744,501.4,TN,ALLARDT,USC00400081,13.2
USC00400284,35.4322,-84.5833,286.5,TN,ATHENS,USC00400284,3.6
USC00400669,36.4583,-86.3239,170.7,TN,BETHPAGE 1 S,USC00400669,4.6
USC00400705,36.235,-88.0908,111.3,TN,BIG SANDY,USC00400705,4.1
USC00400876,35.2622,-88.9892,138.7,TN,BOLIVAR WTR WKS,USC00400876,1.7
USC00401145,35.5894,-89.2586,100.6,TN,BROWNSVILLE,USC00401145,2.2
USC00401352,36.0519,-88.0828,128.9,TN,CAMDEN,USC00401352,2.7
USC00401480,36.2456,-85.945,157.0,TN,CARTHAGE,USC00401480,1.5
USC00401663,36.3211,-87.2217,119.5,TN,CHEATHAM L&D,USC00401663,1.2999999999999998
USC00401790,36.5472,-87.3353,122.5,TN,CLARKSVILLE WWTP,USC00401790,0.5
USC00401808,35.2192,-84.7917,256.6,TN,CLEVELAND FLTR PLT,USC00401808,1.0999999999999999
USC00401950,35.0781,-89.6653,91.4,TN,COLLIERVILLE,USC00401950,1.4
USC00401957,35.6381,-87.0864,198.1,TN,COLUMBIA 3 WNW,USC00401957,0.9
USC00402009,36.1075,-85.5033,332.2,TN,COOKEVILLE,USC00402009,6.1
USC00402108,35.5497,-89.7,117.3,TN,COVINGTON 3 SW,USC00402108,2.4
USC00402202,36.0147,-85.1314,551.7,TN,CROSSVILLE ED & RESEARCH,USC00402202,14.100000000000001
USC00402360,35.4722,-84.9958,250.5,TN,DAYTON 2SE,USC00402360,1.6
USC00402388,35.6394,-84.665,228.6,TN,DECATUR 7NE,USC00402388,3.3
USC00402489,36.075,-87.3958,237.7,TN,DICKSON,USC00402489,2.5
USC00402589,36.4819,-87.8628,144.8,TN,DOVER 1 W,USC00402589,3.8
USC00402600,36.2836,-88.7064,137.2,TN,DRESDEN,USC00402600,0.4
USC00402806,36.3539,-82.2486,453.2,TN,ELIZABETHTON,USC00402806,6.0
USC00402934,36.1422,-82.4261,524.3,TN,ERWIN 1 W,USC00402934,9.3
USC00403074,35.1342,-86.5419,226.2,TN,FAYETTEVILLE WTP,USC00403074,1.1
USC00403280,35.9417,-86.8686,199.6,TN,FRANKLIN SEWAGE PLT,USC00403280,1.7
USC00403370,36.3661,-85.6553,148.4,TN,GAINESBORO,USC00403370,4.6
USC00403420,35.6878,-83.5372,443.2,TN,GATLINBURG 2 SW,USC00403420,7.699999999999999
USC00403447,35.0761,-89.743,97.5,TN,GERMANTOWN 4SE,USC00403447,2.1
USC00403465,36.065,-86.4175,182.9,TN,GLADEVILLE,USC00403465,1.2000000000000002
USC00403679,36.1056,-82.8436,402.3,TN,GREENEVILLE EXP STN,USC00403679,7.7
USC00404417,36.0028,-88.4253,134.1,TN,HUNTINGDON WTP,USC00404417,3.3000000000000003
USC00404561,35.6214,-88.8456,121.9,TN,JACKSON EXP STN,USC00404561,2.7
USC00404568,35.7103,-88.8222,131.1,TN,JACKSON 4 NE,USC00404568,4.4
USC00404590,36.4258,-84.9419,515.1,TN,JAMESTOWN,USC00404590,18.9
USC00404613,36.1222,-83.4739,337.7,TN,JEFFERSON CITY,USC00404613,3.0
USC00404858,36.5194,-82.5275,391.4,TN,KINGSPORT,USC00404858,5.1
USC00404871,35.8572,-84.5281,248.1,TN,KINGSTON,USC00404871,1.8
USC00404876,36.1033,-87.1153,157.6,TN,KINGSTON SPRINGS,USC00404876,1.4
USC00405040,36.15,-84.7283,463.3,TN,LANCING 6 NW,USC00405040,4.9
USC00405158,35.7875,-84.2622,239.3,TN,LENOIR CITY,USC00405158,4.0
USC00405187,35.4139,-86.8086,239.9,TN,LEWISBURG EXP STN,USC00405187,0.9
USC00405210,35.6503,-88.3903,164.6,TN,LEXINGTON,USC00405210,1.5
USC00405278,35.6047,-87.8408,153.9,TN,LINDEN WTP,USC00405278,2.1
USC00405332,36.3775,-85.3364,297.2,TN,LIVINGSTON RADIO WLIV,USC00405332,2.3000000000000003
USC00405525,35.2983,-86.3631,246.9,TN,LYNCHBURG,USC00405525,1.5
USC00405681,36.3444,-88.8636,103.6,TN,MARTIN U OF T BRANCH E,USC00405681,3.1
USC00405882,35.6722,-85.7811,286.5,TN,MC MINNVILLE,USC00405882,4.1
USC00405956,35.1297,-89.8036,94.5,TN,MEMPHIS WFO,USC00405956,2.8000000000000003
USC00406012,35.9328,-88.7267,126.5,TN,MILAN EXP STN,USC00406012,3.0
USC00406162,35.2242,-85.8414,563.9,TN,MONTEAGLE,USC00406162,5.4
USC00406170,36.1483,-85.265,566.9,TN,MONTEREY,USC00406170,16.0
USC00406271,36.2067,-83.3325,409.7,TN,MORRISTOWN RADIO WCRK,USC00406271,8.8
USC00406272,36.1683,-83.4028,402.3,TN,MORRISTOWN WFO,USC00406272,10.2
USC00406274,35.0711,-89.4117,102.1,TN,MOSCOW,USC00406274,1.9000000000000001
USC00406292,36.4739,-81.8033,737.3,TN,MTN CITY 2,USC00406292,12.0
USC00406328,35.655,-83.4411,1979.1,TN,MT LECONTE,USC00406328,76.8
USC00406371,35.9203,-86.3728,163.1,TN,MURFREESBORO 5 N,USC00406371,2.2
USC00406403,36.1136,-86.6781,170.7,TN,NASHVILLE BERRY FLD,USC00406403,3.2
USC00406435,35.7197,-86.9653,213.4,TN,NEAPOLIS RES & EDU STN,USC00406435,3.5
USC00406534,35.9833,-83.2008,315.8,TN,NEWPORT 1 NW,USC00406534,3.3000000000000003
USC00406619,36.2131,-84.0603,338.3,TN,NORRIS,USC00406619,3.1
USC00406803,36.2953,-86.6569,140.2,TN,OLD HICKORY DAM,USC00406803,1.2
USC00406806,36.2469,-86.5631,179.8,TN,OLD HICKORY WFO,USC00406806,4.6
USC00406829,36.5028,-84.5308,438.9,TN,ONEIDA,USC00406829,5.5
USC00406977,36.2872,-88.2958,135.0,TN,PARIS 2 SE,USC00406977,5.2
USC00407015,35.6083,-88.12,125.0,TN,PARSONS WTP,USC00407015,1.6
USC00407184,35.5983,-85.1939,263.3,TN,PIKEVILLE,USC00407184,4.3
USC00407359,36.5878,-86.5258,242.0,TN,PORTLAND SEWAGE PLT,USC00407359,2.0
USC00407459,35.1842,-87.0422,196.3,TN,PULASKI WWTP,USC00407459,1.9
USC00407710,35.7178,-89.4986,121.9,TN,RIPLEY,USC00407710,2.4000000000000004
USC00407834,35.8361,-84.6919,233.8,TN,ROCKWOOD 2,USC00407834,2.0
USC00407884,36.4161,-82.9839,413.0,TN,ROGERSVILLE 1 NE,USC00407884,6.300000000000001
USC00408160,35.1647,-88.5994,143.3,TN,SELMER,USC00408160,1.0
USC00408179,35.9297,-83.5983,274.0,TN,SEVIERVILLE,USC00408179,3.6
USC00408246,35.4922,-86.4775,231.6,TN,SHELBYVILLE WATER DEPT,USC00408246,1.1
USC00408405,35.9419,-85.7892,271.3,TN,SMITHVILLE 2 SE,USC00408405,3.1
USC00408445,35.2803,-85.2414,518.2,TN,SODDY DAISY-MOWBRAY MTN,USC00408445,4.3
USC00408450,35.3883,-89.3717,112.8,TN,SOMERVILLE 10N,USC00408450,3.4
USC00408522,35.9067,-85.475,275.8,TN,SPARTA WASTEWATER PLANT,USC00408522,5.0
USC00408540,35.6764,-84.8547,230.1,TN,SPRING CITY,USC00408540,1.3
USC00408562,36.4711,-86.8414,227.1,TN,SPRINGFIELD EXP STN,USC00408562,5.8
USC00408868,36.465,-83.5603,416.1,TN,TAZEWELL,USC00408868,7.9
USC00408886,35.3697,-84.3,277.4,TN,TELLICO PLAINS,USC00408886,2.8
USC00408953,35.7636,-86.9322,236.2,TN,THOMPSON STN,USC00408953,3.5
USC00409065,35.6031,-83.7767,577.0,TN,TOWNSEND 5S,USC00409065,9.4
USC00409155,35.3453,-86.2089,311.5,TN,TULLAHOMA,USC00409155,2.8
USC00409219,36.3925,-89.0317,106.7,TN,UNION CITY,USC00409219,5.8
USC00409502,35.3042,-87.7592,228.6,TN,WAYNESBORO,USC00409502,1.3
USC00409691,35.2897,-85.4736,310.9,TN,WHITWELL-SEQUATCHIE VLY,USC00409691,3.1
USC00409800,35.1614,-86.0314,286.8,TN,WINCHESTER 5SE,USC00409800,4.1
USC00410012,33.8339,-101.8436,1026.6,TX,ABERNATHY,USC00410012,6.5
USC00410013,32.4317,-99.6325,549.2,TX,ABILENE 6ESE,USC00410013,3.1
USC00410120,32.7047,-99.3011,441.4,TX,ALBANY,USC00410120,2.3
USC00410144,27.7283,-98.0678,61.3,TX,ALICE,USC00410144,0.5
USC00410174,30.3764,-103.66,1356.4,TX,ALPINE,USC00410174,2.2
USC00410176,30.3703,-103.7808,1500.2,TX,ALPINE 7NW,USC00410176,5.3
USC00410190,31.6094,-95.1342,85.3,TX,ALTO 5 SW,USC00410190,0.1
USC00410225,29.4608,-101.0286,352.7,TX,AMISTAD DAM,USC00410225,0.1
USC00410235,29.7878,-94.6342,7.3,TX,ANAHUAC,USC00410235,0.2
USC00410248,32.3483,-102.5517,972.9,TX,ANDREWS,USC00410248,1.7
USC00410268,32.7667,-99.89,523.3,TX,ANSON,USC00410268,3.8
USC00410297,31.8411,-97.2114,158.5,TX,AQUILLA 1 SSE,USC00410297,0.1
USC00410305,28.3081,-96.8047,4.6,TX,ARANSAS WR,USC00410305,0.3
USC00410313,33.5989,-98.6544,305.1,TX,ARCHER CITY 2W,USC00410313,3.0
USC00410337,32.7572,-97.0736,163.4,TX,ARLINGTON SIX FLAGS,USC00410337,0.8
USC00410394,33.1525,-100.2333,509.0,TX,ASPERMONT,USC00410394,4.1
USC00410408,33.1244,-94.1661,96.0,TX,ATLANTA,USC00410408,0.8999999999999999
USC00410443,33.6247,-94.8075,118.9,TX,AVERY 5 NNW,USC00410443,2.3
USC00410482,30.8878,-102.3008,776.3,TX,BAKERSFIELD,USC00410482,1.4
USC00410493,31.7414,-99.9764,534.9,TX,BALLINGER 2 NW,USC00410493,0.6000000000000001
USC00410498,30.9844,-103.7403,981.5,TX,BALMORHEA,USC00410498,0.6000000000000001
USC00410518,32.2631,-96.6369,140.5,TX,BARDWELL DAM,USC00410518,0.3
USC00410611,30.0969,-94.0997,6.1,TX,BEAUMONT CITY,USC00410611,0.1
USC00410738,30.7625,-98.0214,344.1,TX,BERTRAM 3 ENE,USC00410738,0.1
USC00410764,29.4372,-103.9583,1261.9,TX,BIG BEND RCH SP,USC00410764,0.5
USC00410779,31.2,-101.4625,833.3,TX,BIG LAKE 2,USC00410779,2.3
USC00410781,32.3739,-101.4178,791.3,TX,BIG SPRING 5NE,USC00410781,4.0
USC00410832,30.095,-98.4142,399.3,TX,BLANCO,USC00410832,0.1
USC00410902,29.7986,-98.7353,440.4,TX,BOERNE,USC00410902,0.1
USC00410923,33.6403,-96.1661,180.4,TX,BONHAM 3NNE,USC00410923,1.1
USC00410944,36.4533,-100.5394,838.2,TX,BOOKER,USC00410944,12.200000000000001
USC00410958,35.6689,-101.4022,930.6,TX,BORGER,USC00410958,15.0
USC00410984,33.5511,-97.8472,329.2,TX,BOWIE,USC00410984,0.7
USC00410991,33.5164,-94.8608,134.1,TX,BOXELDER 3 NNE,USC00410991,2.1
USC00411000,35.5303,-102.2564,972.6,TX,BOYS RCH,USC00411000,11.7
USC00411007,29.3167,-100.4144,341.4,TX,BRACKETTVILLE,USC00411007,0.1
USC00411013,29.61,-100.4519,536.4,TX,BRACKETTVILLE 22 N,USC00411013,0.1
USC00411017,31.1444,-99.3492,521.5,TX,BRADY,USC00411017,0.30000000000000004
USC00411026,32.0508,-96.9661,195.1,TX,BRANDON,USC00411026,0.1
USC00411033,35.62,-103.0072,1268.0,TX,BRAVO,USC00411033,3.7
USC00411035,32.6489,-98.1336,256.0,TX,BRAZOS,USC00411035,0.7
USC00411042,32.75,-98.9017,356.6,TX,BRECKENRIDGE,USC00411042,1.6
USC00411045,31.1589,-96.6825,143.3,TX,BREMOND,USC00411045,0.30000000000000004
USC00411063,33.2064,-97.7761,234.4,TX,BRIDGEPORT,USC00411063,1.8
USC00411089,31.305,-94.2703,74.7,TX,BROADDUS,USC00411089,0.1
USC00411128,33.1908,-102.2681,1005.8,TX,BROWNFIELD #2,USC00411128,5.0
USC00411138,31.7383,-98.9456,424.9,TX,BROWNWOOD 2ENE,USC00411138,1.3
USC00411215,29.7383,-98.4522,329.2,TX,BULVERDE,USC00411215,0.2
USC00411239,31.9917,-99.2203,478.2,TX,BURKETT,USC00411239,1.3
USC00411246,32.5067,-97.3444,232.3,TX,BURLESON,USC00411246,0.2
USC00411250,30.7586,-98.2339,391.7,TX,BURNET,USC00411250,0.1
USC00411337,28.4658,-98.3539,66.4,TX,CALLIHAM,USC00411337,0.3
USC00411348,30.8458,-96.97,110.9,TX,CAMERON,USC00411348,0.1
USC00411395,29.8947,-99.1044,494.7,TX,CAMP VERDE,USC00411395,0.2
USC00411407,36.0244,-100.4197,779.7,TX,CANADIAN 6NW,USC00411407,7.9
USC00411430,34.9806,-101.9264,1094.2,TX,CANYON,USC00411430,7.6000000000000005
USC00411486,28.4894,-99.8733,186.8,TX,CARRIZO SPRINGS 3S,USC00411486,0.1
USC00411492,29.7908,-100.6742,564.2,TX,CARTA VALLEY,USC00411492,0.3
USC00411500,32.1614,-94.3397,93.0,TX,CARTHAGE,USC00411500,0.8
USC00411578,31.8075,-94.1642,99.1,TX,CENTER,USC00411578,0.6000000000000001
USC00411580,31.4683,-98.4106,416.1,TX,CENTER CITY,USC00411580,0.2
USC00411596,31.2581,-95.9744,97.5,TX,CENTERVILLE,USC00411596,0.1
USC00411625,32.1561,-97.9369,345.3,TX,CHALK MTN,USC00411625,1.9
USC00411659,34.0972,-98.3164,289.6,TX,CHARLIE,USC00411659,0.8
USC00411671,29.3092,-97.4061,111.3,TX,CHEAPSIDE,USC00411671,0.1
USC00411694,34.4386,-100.2183,585.2,TX,CHILDRESS 2,USC00411694,4.6
USC00411711,31.5039,-94.3522,100.6,TX,CHIRENO,USC00411711,0.1
USC00411720,28.4675,-98.2525,70.1,TX,CHOKE CANYON DAM,USC00411720,0.3
USC00411800,32.3139,-97.4061,238.7,TX,CLEBURNE,USC00411800,0.8
USC00411810,30.3636,-95.0839,59.7,TX,CLEVELAND,USC00411810,0.1
USC00411875,31.8278,-99.4319,523.6,TX,COLEMAN,USC00411875,1.5
USC00411880,28.7156,-97.1742,36.0,TX,COLETO CREEK RSVR,USC00411880,0.2
USC00411903,32.3978,-100.8594,643.1,TX,COLORADO CITY,USC00411903,1.6
USC00411914,31.8983,-98.6033,421.8,TX,COMANCHE,USC00411914,0.1
USC00411921,33.1997,-95.9283,167.6,TX,COMMERCE 4SW,USC00411921,1.0
USC00411946,36.2353,-102.2406,1164.3,TX,CONLEN,USC00411946,12.7
USC00411974,31.5333,-101.2842,755.9,TX,COPE RCH,USC00411974,2.8
USC00411995,34.1122,-99.743,449.6,TX,COPPER BREAKS SP,USC00411995,1.6
USC00412011,27.7792,-97.5056,13.4,TX,CORPUS CHRISTI NWS,USC00412011,0.3
USC00412012,31.78,-105.47,1365.5,TX,CORNUDAS SVC STN,USC00412012,1.1
USC00412013,27.6606,-97.3983,4.9,TX,C C BOTANICAL GARDENS,USC00412013,0.3
USC00412017,31.0033,-94.8161,61.0,TX,CORRIGAN 1 ENE,USC00412017,0.1
USC00412019,32.1225,-96.4867,136.9,TX,CORSICANA,USC00412019,0.4
USC00412020,32.1183,-96.3256,114.6,TX,CORSICANA 8 E,USC00412020,0.2
USC00412082,31.4072,-102.3578,778.5,TX,CRANE,USC00412082,2.0
USC00412088,31.5333,-97.4525,214.9,TX,CRAWFORD,USC00412088,0.6
USC00412125,28.5978,-98.5547,86.9,TX,CROSS,USC00412125,0.3
USC00412142,33.9897,-99.7303,451.1,TX,CROWELL,USC00412142,1.6
USC00412173,29.0892,-97.3433,65.2,TX,CUERO,USC00412173,0.2
USC00412225,32.9203,-94.7225,91.4,TX,DAINGERFIELD 9 S,USC00412225,0.4
USC00412266,29.0567,-96.2319,21.3,TX,DANEVANG 1 W,USC00412266,0.9
USC00412282,36.4439,-100.3317,783.9,TX,DARROUZETT,USC00412282,9.5
USC00412334,33.2331,-97.6225,295.7,TX,DECATUR,USC00412334,0.8
USC00412352,33.4797,-94.6175,103.9,TX,DEKALB,USC00412352,2.7
USC00412354,31.9147,-105.2097,1130.2,TX,DELL CITY 5SSW,USC00412354,0.1
USC00412361,29.4078,-100.9275,320.3,TX,DEL RIO 4NW,USC00412361,0.2
USC00412408,32.9619,-102.8219,1094.2,TX,DENVER CITY,USC00412408,4.9
USC00412444,31.8614,-95.2619,187.8,TX,DIALVILLE 2 W,USC00412444,0.30000000000000004
USC00412458,28.6806,-99.1833,167.6,TX,DILLEY,USC00412458,0.2
USC00412462,30.3558,-96.8289,112.2,TX,DIME BOX,USC00412462,0.2
USC00412464,34.5858,-102.312,1173.5,TX,DIMMITT 2 N,USC00412464,9.8
USC00412585,30.2194,-97.9878,330.4,TX,DRIPPING SPRINGS 6 E,USC00412585,0.30000000000000004
USC00412617,35.8731,-101.9725,1114.0,TX,DUMAS,USC00412617,9.100000000000001
USC00412621,33.8094,-100.5169,612.6,TX,DUMONT,USC00412621,3.0
USC00412633,33.8158,-98.9317,320.3,TX,DUNDEE 6 NNW,USC00412633,1.9
USC00412715,32.3989,-98.8175,438.3,TX,EASTLAND,USC00412715,1.6
USC00412794,31.8347,-105.9608,1597.2,TX,EL PASO 32 ENE,USC00412794,7.199999999999999
USC00412809,30.8694,-100.5994,743.7,TX,ELDORADO,USC00412809,1.1
USC00412818,34.0308,-98.9117,370.6,TX,ELECTRA,USC00412818,1.5
USC00412902,32.8711,-95.7797,147.5,TX,EMORY,USC00412902,1.3
USC00412906,27.9775,-99.3847,166.1,TX,ENCINAL,USC00412906,0.3
USC00413047,31.7322,-96.2078,131.7,TX,FAIRFIELD 3W,USC00413047,0.2
USC00413080,33.1414,-96.2933,191.4,TX,FARMERSVILLE,USC00413080,0.4
USC00413112,30.2758,-97.0192,130.8,TX,FEDOR 3SE,USC00413112,0.2
USC00413195,34.2319,-100.9561,720.9,TX,FLOMOT 2E,USC00413195,5.0
USC00413196,34.2675,-100.9336,719.3,TX,FLOMOT 4 NE,USC00413196,3.0999999999999996
USC00413214,33.985,-101.3339,981.5,TX,FLOYDADA,USC00413214,4.3999999999999995
USC00413215,33.8761,-101.2464,954.0,TX,FLOYDADA 9 SE,USC00413215,4.0
USC00413225,36.4328,-100.1369,844.3,TX,FOLLETT,USC00413225,13.1
USC00413247,33.4661,-97.5797,338.3,TX,FORESTBURG 5 S,USC00413247,0.1
USC00413253,32.1117,-101.3642,838.2,TX,FORSAN,USC00413253,1.4
USC00413266,31.1847,-105.7411,1064.7,TX,FT HANCOCK 8SSE,USC00413266,0.1
USC00413280,30.9072,-102.9153,926.0,TX,FT STOCKTON,USC00413280,1.4
USC00413285,32.8342,-97.2981,196.3,TX,FT WORTH WSFO,USC00413285,2.0
USC00413299,28.5033,-98.8392,91.4,TX,FOWLERTON,USC00413299,0.2
USC00413321,31.0328,-96.4889,142.3,TX,FRANKLIN,USC00413321,0.6
USC00413329,30.2392,-98.9089,513.6,TX,FREDERICKSBURG,USC00413329,0.2
USC00413368,34.64,-102.7231,1222.2,TX,FRIONA,USC00413368,13.0
USC00413370,33.1925,-96.7931,227.7,TX,FRISCO,USC00413370,2.6
USC00413411,32.7744,-101.4539,771.1,TX,GAIL,USC00413411,1.3
USC00413420,33.6461,-97.0592,265.2,TX,GAINESVILLE 5 ENE,USC00413420,2.6
USC00413485,31.4144,-97.7019,251.8,TX,GATESVILLE,USC00413485,0.2
USC00413508,28.3064,-98.1222,68.6,TX,GEORGE W 2 SSW,USC00413508,0.3
USC00413546,32.7464,-95.0497,118.9,TX,GILMER 4 WNW,USC00413546,1.5
USC00413579,31.8897,-99.6294,628.8,TX,GLEN COVE 2 NE,USC00413579,1.3
USC00413605,30.3481,-98.6861,499.9,TX,GOLD,USC00413605,0.30000000000000004
USC00413680,31.3028,-102.8222,739.1,TX,GRANDFALLS 3SSE,USC00413680,1.4
USC00413691,32.9506,-97.0553,178.3,TX,GRAPEVINE DAM,USC00413691,0.1
USC00413734,33.1678,-96.0983,166.1,TX,GREENVILLE KGVL RADIO,USC00413734,0.1
USC00413787,36.2631,-101.405,966.2,TX,GRUVER,USC00413787,11.8
USC00413828,33.6267,-100.3369,536.4,TX,GUTHRIE,USC00413828,4.0
USC00413846,33.3361,-95.2486,109.7,TX,HAGANSPORT,USC00413846,0.6
USC00413873,29.4706,-96.9397,83.8,TX,HALLETTSVILLE 2 N,USC00413873,0.1
USC00413877,32.4478,-94.5956,98.1,TX,HALLSVILLE 4 S,USC00413877,1.2
USC00413890,32.8694,-100.1211,524.3,TX,HAMLIN 1SW,USC00413890,3.0
USC00413943,26.2028,-97.6728,11.6,TX,HARLINGEN,USC00413943,0.1
USC00413972,34.3697,-102.1175,1116.5,TX,HART,USC00413972,6.2
USC00413979,35.8783,-102.385,1184.8,TX,HARTLEY,USC00413979,14.5
USC00413992,33.1644,-99.7389,484.6,TX,HASKELL,USC00413992,3.0999999999999996
USC00414020,32.5781,-95.2033,102.1,TX,HAWKINS,USC00414020,0.5
USC00414058,27.3194,-98.6775,176.8,TX,HEBBRONVILLE,USC00414058,0.3
USC00414077,31.4072,-93.7842,54.9,TX,HEMPHILL 6 NE,USC00414077,0.1
USC00414081,32.1808,-94.7964,128.0,TX,HENDERSON,USC00414081,0.6
USC00414093,33.8128,-98.2003,283.5,TX,HENRIETTA,USC00414093,0.8999999999999999
USC00414098,34.8172,-102.4003,1164.3,TX,HEREFORD,USC00414098,14.3
USC00414140,36.1161,-100.0239,781.5,TX,HIGGINS,USC00414140,6.3
USC00414182,32.0161,-97.1094,167.6,TX,HILLSBORO,USC00414182,0.7
USC00414257,33.5869,-95.9075,201.8,TX,HONEY GROVE,USC00414257,1.5
USC00414278,31.8456,-99.5606,594.1,TX,HORDS CREEK DAM,USC00414278,0.1
USC00414333,29.4717,-95.0833,5.8,TX,HOUSTON NWSO,USC00414333,0.2
USC00414348,30.0047,-101.1772,478.5,TX,HUDSPETH RVR RCH,USC00414348,0.2
USC00414402,30.2533,-98.5711,443.8,TX,HYE,USC00414402,0.1
USC00414458,30.0933,-99.245,545.3,TX,INGRAM 2NW,USC00414458,0.1
USC00414505,32.0914,-97.1211,198.7,TX,ITASCA 5SSW,USC00414505,0.8999999999999999
USC00414525,31.9622,-95.2736,170.7,TX,JACKSONVILLE,USC00414525,0.2
USC00414570,33.2542,-100.5731,612.6,TX,JAYTON,USC00414570,4.1
USC00414575,29.7664,-97.3164,126.5,TX,JEDDO 3S,USC00414575,0.1
USC00414577,32.7692,-94.3592,64.3,TX,JEFFERSON,USC00414577,1.3
USC00414605,30.3,-98.4094,346.6,TX,JOHNSON CITY 2N,USC00414605,0.2
USC00414670,30.4453,-99.8045,532.5,TX,JUNCTION 4SSW,USC00414670,0.4
USC00414757,29.9639,-98.5292,417.0,TX,KENDALIA,USC00414757,0.1
USC00414770,31.0158,-104.1108,1402.7,TX,KENT 8SE,USC00414770,3.9
USC00414782,30.0739,-99.1094,547.7,TX,KERRVILLE 3 NNE,USC00414782,0.5
USC00414810,27.5311,-97.8497,17.4,TX,KINGSVILLE,USC00414810,0.1
USC00414841,32.6258,-101.1503,698.0,TX,KNAPP 2 SW,USC00414841,1.0
USC00414866,32.1347,-97.4786,189.0,TX,KOPPERL 5 NNE,USC00414866,0.1
USC00414911,26.3233,-98.3233,64.9,TX,LA JOYA,USC00414911,0.2
USC00414950,29.2694,-103.7575,732.4,TX,LAJITAS,USC00414950,0.5
USC00414960,32.2261,-99.8172,611.4,TX,TUSCOLA 2NW,USC00414960,1.3
USC00414967,33.0642,-101.0489,694.9,TX,LAKE ALAN HENRY,USC00414967,3.4000000000000004
USC00414976,32.8242,-95.5275,126.2,TX,LAKE FK RSVR,USC00414976,0.2
USC00414982,33.7542,-99.1442,355.7,TX,LAKE KEMP,USC00414982,2.1
USC00415013,32.7228,-101.9456,903.7,TX,LAMESA 1 SSE,USC00415013,2.6
USC00415048,29.8097,-101.5603,393.2,TX,LANGTRY,USC00415048,0.2
USC00415060,27.5683,-99.4983,131.1,TX,LAREDO 2,USC00415060,0.1
USC00415094,33.0353,-96.4861,155.4,TX,LAVON DAM,USC00415094,0.2
USC00415097,32.1414,-99.7528,594.4,TX,LAWN,USC00415097,1.5
USC00415120,32.0819,-101.4842,685.8,TX,LEES,USC00415120,2.1
USC00415158,32.3081,-101.8775,867.2,TX,LENORAH,USC00415158,3.9
USC00415183,33.55,-102.3758,1071.1,TX,LEVELLAND,USC00415183,6.2
USC00415192,33.0694,-97.0094,169.5,TX,LEWISVILLE DAM,USC00415192,0.1
USC00415196,30.0592,-94.795,10.7,TX,LIBERTY,USC00415196,0.2
USC00415229,33.0161,-94.3675,126.5,TX,LINDEN,USC00415229,1.3
USC00415243,32.5725,-98.0803,301.4,TX,LIPAN 4NW,USC00415243,0.5
USC00415247,36.2361,-100.2708,728.5,TX,LIPSCOMB,USC00415247,9.7
USC00415265,33.8692,-102.2592,1056.4,TX,LITTLEFIELD,USC00415265,6.8
USC00415272,30.7425,-98.6542,310.9,TX,LLANO,USC00415272,0.1
USC00415276,30.5014,-98.7453,420.6,TX,LLANO 18S,USC00415276,0.4
USC00415285,29.8569,-97.6958,149.4,TX,LOCKHART 2SW,USC00415285,0.1
USC00415341,32.4725,-94.7172,100.6,TX,LONGVIEW,USC00415341,0.7
USC00415344,32.5183,-94.7189,153.6,TX,LONGVIEW #2,USC00415344,0.8999999999999999
USC00415415,31.4269,-94.8942,106.7,TX,LUFKIN 11 NW,USC00415415,0.2
USC00415427,31.3417,-94.7325,93.0,TX,LUFKIN #2,USC00415427,0.30000000000000004
USC00415435,30.2503,-94.1786,11.9,TX,LUMBERTON,USC00415435,0.2
USC00415477,30.9392,-95.9203,76.8,TX,MADISONVILLE,USC00415477,0.5
USC00415579,30.1925,-103.2717,1215.8,TX,MARATHON,USC00415579,0.30000000000000004
USC00415618,32.4892,-94.3289,92.0,TX,MARSHALL,USC00415618,0.8
USC00415658,34.025,-100.8117,719.3,TX,MATADOR,USC00415658,6.5
USC00415659,28.6836,-95.9733,3.0,TX,MATAGORDA NO 2,USC00415659,0.3
USC00415667,33.3322,-94.3436,93.0,TX,MAUD,USC00415667,1.2
USC00415701,26.1917,-98.2511,30.5,TX,MCALLEN,USC00415701,0.1
USC00415707,31.1331,-102.2217,750.1,TX,MCCAMEY,USC00415707,1.1
USC00415742,29.81,-99.2497,521.8,TX,MEDINA 1NE,USC00415742,0.2
USC00415757,31.435,-97.4011,220.4,TX,MCGREGOR,USC00415757,0.1
USC00415770,35.2361,-100.5922,802.2,TX,MC LEAN,USC00415770,7.5
USC00415836,26.0619,-97.8997,22.9,TX,MERCEDES 6 SSE,USC00415836,0.2
USC00415875,35.6936,-100.6392,837.3,TX,MIAMI,USC00415875,13.4
USC00415891,32.0186,-102.0258,846.1,TX,MIDLAND 4 ENE,USC00415891,1.9
USC00415954,32.635,-95.4822,111.9,TX,MINEOLA,USC00415954,0.7
USC00415999,31.5414,-102.9122,776.3,TX,MONAHANS,USC00415999,0.7
USC00416058,32.0139,-97.6131,221.9,TX,MORGAN,USC00416058,0.2
USC00416060,32.3842,-98.1703,321.9,TX,MORGAN MILL,USC00416060,1.0
USC00416074,33.7186,-102.7586,1147.9,TX,MORTON,USC00416074,6.3
USC00416104,30.7053,-104.0233,2069.6,TX,MT LOCKE,USC00416104,6.199999999999999
USC00416108,33.1689,-95.0056,129.5,TX,MT PLEASANT,USC00416108,1.9000000000000001
USC00416119,33.1964,-95.2236,136.2,TX,MT VERNON,USC00416119,1.6
USC00416135,34.2192,-102.7328,1167.4,TX,MULESHOE #1,USC00416135,7.5
USC00416146,33.4539,-99.6158,451.1,TX,MUNDAY,USC00416146,4.3
USC00416177,31.6164,-94.6431,132.6,TX,NACOGDOCHES,USC00416177,0.1
USC00416270,33.4547,-94.4089,105.2,TX,NEW BOSTON,USC00416270,1.8
USC00416331,33.4561,-98.0253,323.1,TX,NEWPORT 1SW,USC00416331,1.0
USC00416335,31.9747,-95.1381,113.4,TX,NEW SUMMERFIELD 2W,USC00416335,0.7
USC00416368,29.2828,-97.7675,103.6,TX,NIXON,USC00416368,0.1
USC00416433,34.2606,-100.6014,630.9,TX,NORTHFIELD,USC00416433,2.6
USC00416448,29.8647,-98.6583,434.3,TX,NORTHINGTON RCH,USC00416448,0.1
USC00416495,32.0419,-100.2775,613.6,TX,OAK CREEK LAKE,USC00416495,0.5
USC00416502,31.8797,-102.3592,887.0,TX,ODESSA,USC00416502,0.9
USC00416506,31.8367,-102.3586,879.7,TX,ODESSA 1SE,USC00416506,2.1
USC00416641,33.4372,-98.7806,360.9,TX,OLNEY 5 NNW,USC00416641,1.2
USC00416644,34.1797,-102.1356,1109.5,TX,OLTON,USC00416644,7.800000000000001
USC00416740,34.0067,-100.2989,579.1,TX,PADUCAH,USC00416740,3.6
USC00416742,33.8083,-100.2981,558.4,TX,PADUCAH 15 S,USC00416742,2.9
USC00416745,33.8758,-100.3831,594.4,TX,PADUCAH 10S,USC00416745,2.5
USC00416776,35.5544,-100.9736,960.1,TX,PAMPA #2,USC00416776,15.7
USC00416780,30.2061,-101.5575,514.8,TX,PANDALE 1 N,USC00416780,0.4
USC00416785,35.3514,-101.3897,1055.5,TX,PANHANDLE,USC00416785,13.6
USC00416792,29.3272,-103.2061,1140.0,TX,PANTHER JUNCTION,USC00416792,0.4
USC00416932,31.7356,-102.5897,894.0,TX,PENWELL,USC00416932,1.5
USC00416950,36.3897,-100.8239,896.7,TX,PERRYTON,USC00416950,13.6
USC00416952,36.1017,-100.7394,909.8,TX,PERRYTON 21 S,USC00416952,2.1
USC00416953,36.4408,-100.9961,917.4,TX,PERRYTON 11 WNW,USC00416953,11.7
USC00416959,29.6603,-103.1736,873.3,TX,PERSIMMON GAP,USC00416959,0.6
USC00417017,31.2789,-97.8883,243.8,TX,PIDCOKE,USC00417017,0.4
USC00417044,31.8903,-104.8078,1704.1,TX,PINE SPRINGS,USC00417044,2.8
USC00417060,33.5992,-100.5319,592.8,TX,PITCHFORK RCH,USC00417060,2.7
USC00417066,32.9264,-94.9392,111.3,TX,PITTSBURG 5 SSE,USC00417066,1.1
USC00417074,33.1869,-102.8281,1120.1,TX,PLAINS,USC00417074,2.7
USC00417079,34.1892,-101.7022,1027.2,TX,PLAINVIEW,USC00417079,8.2
USC00417081,34.1981,-101.7461,1051.6,TX,PLAINVIEW WTR PRODUCTN,USC00417081,7.0
USC00417111,28.9606,-98.4772,109.1,TX,PLEASANTON,USC00417111,0.3
USC00417179,26.0942,-97.3094,5.2,TX,PORT ISABEL,USC00417179,0.2
USC00417184,26.5578,-97.4264,2.7,TX,PORT MANSFIELD,USC00417184,0.1
USC00417206,33.1986,-101.3744,795.8,TX,POST,USC00417206,4.1
USC00417232,29.9167,-99.7908,625.4,TX,PRADE RCH,USC00417232,0.2
USC00417327,32.3664,-99.1925,494.1,TX,PUTNAM,USC00417327,3.8
USC00417336,34.2761,-99.7578,488.3,TX,QUANAH 2 SW,USC00417336,2.0
USC00417388,32.2619,-97.7064,197.5,TX,RAINBOW,USC00417388,0.1
USC00417433,33.5353,-101.6839,944.9,TX,RANSOM CANYON,USC00417433,7.3
USC00417458,26.4644,-97.7847,9.4,TX,RAYMONDVILLE,USC00417458,0.2
USC00417530,28.2939,-97.3297,16.5,TX,REFUGIO 3 SW,USC00417530,0.5
USC00417533,28.3294,-97.2947,13.7,TX,REFUGIO 2 NW,USC00417533,0.5
USC00417593,31.27,-98.9486,420.6,TX,RICHLAND SPRINGS,USC00417593,0.4
USC00417622,26.3769,-98.8117,52.4,TX,RIO GRANDE CITY,USC00417622,0.1
USC00417633,32.0817,-98.9658,497.7,TX,RISING STAR 1S,USC00417633,0.7
USC00417659,33.005,-97.2331,195.4,TX,ROANOKE,USC00417659,0.1
USC00417669,31.8836,-100.5358,583.4,TX,ROBERT LEE 4WSW,USC00417669,0.5
USC00417677,27.7894,-97.6619,25.9,TX,ROBSTOWN,USC00417677,0.2
USC00417704,28.0183,-97.0561,2.4,TX,ROCKPORT,USC00417704,0.3
USC00417706,30.0239,-100.2119,726.0,TX,ROCKSPRINGS,USC00417706,0.2
USC00417707,32.9331,-96.4647,165.5,TX,ROCKWALL,USC00417707,0.2
USC00417743,32.4481,-100.5264,725.4,TX,ROSCOE,USC00417743,2.3
USC00417782,32.8556,-100.4611,608.1,TX,ROTAN,USC00417782,3.5
USC00417836,28.8297,-97.7133,89.9,TX,RUNGE,USC00417836,0.4
USC00417841,31.8092,-95.1428,211.8,TX,RUSK,USC00417841,0.1
USC00417873,29.3278,-99.4653,290.2,TX,SABINAL,USC00417873,0.1
USC00417944,31.3708,-100.4944,576.1,TX,SAN ANGELO WFO,USC00417944,1.3
USC00417947,29.4703,-98.4728,213.4,TX,SAN ANTONIO INCARNATE WORD,USC00417947,0.1
USC00417951,31.5192,-94.1186,89.9,TX,SAN AUGUSTINE,USC00417951,0.2
USC00418022,30.1414,-102.3917,849.8,TX,SANDERSON,USC00418022,0.4
USC00418046,31.5906,-99.2258,432.2,TX,SANTA ANNA 12SSE,USC00418046,0.7
USC00418059,26.2656,-97.8714,15.2,TX,SANTA ROSA 3 WNW,USC00418059,0.1
USC00418081,27.2169,-97.6956,11.6,TX,SARITA 7 E,USC00418081,0.2
USC00418201,32.7131,-102.6597,1016.8,TX,SEMINOLE,USC00418201,4.8
USC00418221,33.6419,-99.2894,399.6,TX,SEYMOUR 3NW,USC00418221,1.8
USC00418232,33.6878,-101.9853,1011.3,TX,SHALLOWATER,USC00418232,7.1
USC00418236,35.215,-100.2503,719.3,TX,SHAMROCK #2,USC00418236,9.1
USC00418252,30.6886,-101.8272,662.9,TX,SHEFFIELD,USC00418252,0.4
USC00418311,30.3703,-94.2019,54.9,TX,SILSBEE 4 N,USC00418311,0.1
USC00418323,34.4722,-101.3006,999.7,TX,SILVERTON,USC00418323,9.2
USC00418326,31.955,-99.5439,612.6,TX,SILVER VALLEY,USC00418326,2.5999999999999996
USC00418354,28.0422,-97.5428,14.6,TX,SINTON,USC00418354,0.4
USC00418358,29.9522,-98.7125,401.4,TX,SISTERDALE 2SE,USC00418358,0.2
USC00418373,33.4367,-101.6472,939.4,TX,SLATON,USC00418373,5.0
USC00418433,32.71,-100.9111,706.8,TX,SNYDER,USC00418433,1.8
USC00418544,29.8653,-98.3797,306.3,TX,SPRING BRANCH 2SE,USC00418544,0.1
USC00418566,33.4792,-100.8761,700.1,TX,SPUR,USC00418566,2.9
USC00418583,32.9403,-99.8036,491.3,TX,STAMFORD 1,USC00418583,3.6
USC00418630,31.8347,-100.9828,694.9,TX,STERLING CITY,USC00418630,1.5
USC00418631,31.9186,-100.8786,826.0,TX,STERLING CITY 8 NE,USC00418631,2.3
USC00418692,36.4414,-102.0775,1098.2,TX,STRATFORD,USC00418692,17.4
USC00418818,33.1714,-101.7981,951.0,TX,TAHOKA,USC00418818,4.6
USC00418845,29.6075,-99.28,397.8,TX,TARPLEY 3S,USC00418845,0.30000000000000004
USC00418862,30.5844,-97.4156,174.0,TX,TAYLOR 1NW,USC00418862,0.2
USC00418863,30.9731,-98.9433,556.3,TX,TAYLOR RCH,USC00418863,0.2
USC00418897,30.3289,-99.9067,524.6,TX,TELEGRAPH,USC00418897,0.1
USC00418929,32.7336,-96.3225,150.9,TX,TERRELL,USC00418929,0.1
USC00418942,33.4367,-94.0772,118.9,TX,TEXARKANA,USC00418942,2.1
USC00418996,29.4822,-95.6314,21.3,TX,THOMPSONS 3 WSW,USC00418996,0.1
USC00419004,31.3917,-96.5656,144.8,TX,THORNTON 1SSE,USC00419004,0.1
USC00419007,28.5817,-98.1444,76.2,TX,THREE RIVERS 8 NE,USC00419007,0.3
USC00419030,28.3125,-98.5817,67.1,TX,TILDEN 10 S,USC00419030,0.5
USC00419031,28.4114,-98.5294,105.2,TX,TILDEN 4 SSE,USC00419031,0.3
USC00419088,31.4028,-106.0581,1074.4,TX,TORNILLO 2 SSE,USC00419088,1.7
USC00419101,30.7931,-94.1819,65.2,TX,TOWN BLUFF DAM,USC00419101,0.1
USC00419122,32.4906,-100.1197,582.2,TX,TRENT,USC00419122,1.5
USC00419163,33.7569,-99.8619,478.8,TX,TRUSCOTT 3 W,USC00419163,1.2
USC00419175,34.5475,-101.7614,1060.7,TX,TULIA,USC00419175,11.1
USC00419191,34.3956,-100.8972,710.2,TX,TURKEY,USC00419191,6.7
USC00419224,34.9578,-102.1044,1141.8,TX,UMBARGER,USC00419224,15.9
USC00419260,29.5972,-99.5183,407.8,TX,UTOPIA,USC00419260,0.2
USC00419270,30.5864,-104.4997,1353.3,TX,VALENTINE,USC00419270,1.5
USC00419275,30.5525,-104.6467,1339.3,TX,VALENTINE 10 WSW,USC00419275,4.0
USC00419295,31.0417,-104.8372,1239.0,TX,VAN HORN,USC00419295,3.3
USC00419313,29.8075,-99.5764,556.3,TX,VANDERPOOL 4N,USC00419313,0.4
USC00419346,34.1517,-99.3256,368.8,TX,VERNON,USC00419346,1.2
USC00419361,28.8608,-97.0181,30.8,TX,VICTORIA FIRE DEPT #5,USC00419361,0.1
USC00419367,28.8439,-96.9214,31.7,TX,VICTORIA RGNL AP,USC00419367,0.3
USC00419380,34.6522,-101.4969,1036.3,TX,VIGO PARK,USC00419380,8.7
USC00419499,31.6725,-100.7283,644.7,TX,WATER VALLEY,USC00419499,1.8
USC00419501,31.8136,-100.6286,748.3,TX,WATER VALLEY 11 NNE,USC00419501,3.3
USC00419504,30.9297,-98.0219,310.3,TX,WATSON,USC00419504,0.4
USC00419565,34.8422,-100.2103,621.8,TX,WELLINGTON,USC00419565,4.0
USC00419662,35.4433,-100.2928,763.2,TX,WHEELER,USC00419662,4.1
USC00419711,33.4561,-101.0925,735.2,TX,WHITE RIVER RESERVOIR,USC00419711,2.9
USC00419717,28.6611,-98.2553,78.6,TX,WHITSETT,USC00419717,0.4
USC00419754,30.5347,-94.4456,61.0,TX,WILDWOOD,USC00419754,0.1
USC00419815,30.0017,-98.1047,275.8,TX,WIMBERLEY 1 NW,USC00419815,0.1
USC00419836,33.025,-95.2411,155.1,TX,WINNSBORO 5 NNE,USC00419836,0.4
USC00419847,32.0444,-100.1078,613.3,TX,WINGATE,USC00419847,1.4000000000000001
USC00419859,33.3675,-96.0675,201.2,TX,WOLFE CITY,USC00419859,0.1
USC00419893,33.0178,-99.0539,378.9,TX,WOODSON,USC00419893,0.39999999999999997
USC00419898,30.7678,-94.4117,86.3,TX,WOODVILLE,USC00419898,0.30000000000000004
USC00419916,33.3039,-94.1583,86.0,TX,WRIGHT PATMAN DM & LK,USC00419916,0.8999999999999999
USC00419952,29.2739,-97.1556,89.9,TX,YOAKUM,USC00419952,0.1
USC00419953,28.9803,-97.5186,79.2,TX,YORKTOWN,USC00419953,0.3
USC00419962,30.9597,-97.7183,224.0,TX,YOUNGSPORT,USC00419962,0.4
USC00419976,26.8706,-99.2536,97.5,TX,ZAPATA 1 S,USC00419976,0.1
USC00420061,40.4644,-111.7708,1554.5,UT,ALPINE,USC00420061,74.4
USC00420072,40.5906,-111.6369,2654.8,UT,ALTA,USC00420072,458.3
USC00420074,40.3669,-110.2986,1967.8,UT,ALTAMONT,USC00420074,38.7
USC00420086,37.4403,-112.4819,2163.5,UT,ALTON,USC00420086,77.5
USC00420168,38.2486,-111.9608,1953.8,UT,ANGLE,USC00420168,20.1
USC00420336,38.6164,-109.6192,1247.5,UT,ARCHES NP HQS,USC00420336,8.1
USC00420527,38.2683,-112.4817,2217.4,UT,BEAVER CANYON PWR HOUSE,USC00420527,120.5
USC00420730,38.7075,-112.9539,1498.4,UT,BLACK ROCK,USC00420730,23.7
USC00420788,37.2825,-109.5575,1316.4,UT,BLUFF,USC00420788,7.4
USC00420819,40.8911,-111.8503,1508.8,UT,BOUNTIFUL BENCH,USC00420819,118.9
USC00420820,40.8547,-111.8903,1383.8,UT,BOUNTIFUL-VAL VERDA,USC00420820,52.4
USC00420849,37.905,-111.42,2026.9,UT,BOULDER,USC00420849,51.6
USC00420928,41.5242,-112.0436,1292.4,UT,BRIGHAM CITY WASTE PLT,USC00420928,38.3
USC00421008,37.6411,-112.1703,2404.9,UT,BRYCE CANYON NP HQRS,USC00421008,86.7
USC00421020,37.5269,-110.7167,1164.9,UT,BULLFROG BASIN,USC00421020,4.0
USC00421144,39.8997,-113.7128,1323.4,UT,CALLAO,USC00421144,12.0
USC00421163,38.46,-109.8214,1789.5,UT,CANYONLANDS-THE NECK,USC00421163,22.8
USC00421168,38.1678,-109.7597,1495.3,UT,CANYONLANDS-THE NEEDLES,USC00421168,11.2
USC00421171,38.2914,-111.2622,1676.4,UT,CAPITOL REEF NP,USC00421171,10.9
USC00421214,39.2078,-111.0128,1715.7,UT,CASTLE DALE,USC00421214,16.6
USC00421216,39.1744,-111.0292,1725.2,UT,CASTLEDALE HUNTER UP&L,USC00421216,11.0
USC00421241,38.6514,-109.3986,1440.2,UT,CASTLE VALLEY,USC00421241,15.100000000000001
USC00421259,37.6658,-113.0836,1856.2,UT,CEDAR CITY,USC00421259,59.599999999999994
USC00421260,37.6564,-112.9917,1970.5,UT,CEDAR CITY 5E,USC00421260,54.7
USC00421432,38.1706,-112.2786,1844.0,UT,CIRCLEVILLE,USC00421432,19.4
USC00421446,40.815,-111.8322,1627.6,UT,CITY CREEK WTP,USC00421446,113.5
USC00421759,40.6189,-111.7836,1519.7,UT,COTTONWOOD WEIR,USC00421759,81.9
USC00421918,41.8331,-112.0578,1307.6,UT,CUTLER DAM,USC00421918,38.5
USC00422057,40.4044,-111.5289,1606.3,UT,DEER CREEK DAM,USC00422057,73.9
USC00422101,39.2872,-112.6519,1399.0,UT,DESERET,USC00422101,19.6
USC00422173,40.4383,-109.3069,1463.6,UT,DINOSAUR NM-QUARRY AREA,USC00422173,12.3
USC00422253,40.1703,-110.3978,1691.9,UT,DUCHESNE,USC00422253,29.1
USC00422257,40.1839,-112.9217,1324.4,UT,DUGWAY,USC00422257,15.0
USC00422385,40.9656,-111.4336,1667.3,UT,ECHO DAM,USC00422385,72.3
USC00422558,37.5764,-113.715,1621.5,UT,ENTERPRISE,USC00422558,25.0
USC00422578,39.3583,-111.5992,1675.8,UT,EPHRAIM,USC00422578,19.799999999999997
USC00422592,37.7686,-111.5978,1770.9,UT,ESCALANTE,USC00422592,25.5
USC00422607,39.1078,-113.9533,1517.9,UT,ESKDALE,USC00422607,17.9
USC00422696,40.2622,-112.0897,1487.4,UT,FAIRFIELD,USC00422696,33.6
USC00422702,39.7483,-111.4164,2057.4,UT,FAIRVIEW 8N,USC00422702,106.2
USC00422726,41.0203,-111.9328,1335.0,UT,FARMINGTON 3 NW,USC00422726,49.6
USC00422798,39.0875,-111.1325,1805.3,UT,FERRON,USC00422798,24.6
USC00422828,38.9603,-112.3239,1562.7,UT,FILLMORE,USC00422828,62.0
USC00422852,39.84,-113.3978,1328.0,UT,FISH SPRINGS NWR,USC00422852,12.0
USC00422864,40.9317,-109.4117,1903.2,UT,FLAMING GORGE,USC00422864,43.7
USC00423012,38.5778,-112.3347,1804.4,UT,FREMONT INDIAN SP,USC00423012,44.8
USC00423097,40.7242,-112.1975,1310.0,UT,GARFIELD,USC00423097,23.0
USC00423348,40.6019,-112.5075,1386.8,UT,GRANTSVILLE 2W,USC00423348,33.1
USC00423418,38.9906,-110.1544,1240.5,UT,GREEN RIVER AVIATION,USC00423418,4.8
USC00423506,37.2806,-113.7283,1252.7,UT,GUNLOCK PH,USC00423506,5.199999999999999
USC00423600,38.2553,-110.18,2011.7,UT,HANS FLAT RS,USC00423600,38.5
USC00423776,37.6522,-112.4361,2101.0,UT,HATCH,USC00423776,52.900000000000006
USC00423809,40.4917,-111.4261,1703.8,UT,HEBER,USC00423809,75.0
USC00424100,37.3858,-109.075,1597.2,UT,HOVENWEEP NM,USC00424100,12.2
USC00424135,41.2403,-111.7131,1566.7,UT,HUNTSVILLE MONASTERY,USC00424135,82.4
USC00424174,40.0378,-113.9886,1609.0,UT,IBAPAH,USC00424174,29.9
USC00424342,40.3611,-109.3464,1443.5,UT,JENSEN,USC00424342,19.0
USC00424362,40.3375,-112.6114,1700.8,UT,JOHNSON PASS,USC00424362,68.3
USC00424467,40.6439,-111.2822,1975.4,UT,KAMAS,USC00424467,96.9
USC00424508,37.0286,-112.5361,1493.5,UT,KANAB,USC00424508,22.1
USC00424527,38.7953,-112.4383,1335.6,UT,KANOSH,USC00424527,79.7
USC00424755,37.5142,-111.9883,1769.4,UT,KODACHROME BASIN PARK,USC00424755,23.700000000000003
USC00424856,41.8253,-111.3206,1822.7,UT,LAKETOWN,USC00424856,83.9
USC00424947,38.3014,-109.2664,2068.7,UT,LA SAL 1SW,USC00424947,50.2
USC00424968,37.2008,-113.2686,973.5,UT,LA VERKIN,USC00424968,1.4
USC00425065,39.5608,-111.8653,1614.8,UT,LEVAN,USC00425065,32.2
USC00425148,38.4058,-111.6433,2154.9,UT,LOA,USC00425148,19.200000000000003
USC00425182,41.735,-111.8564,1364.0,UT,LOGAN RADIO KVNU,USC00425182,44.0
USC00425186,41.7456,-111.8033,1460.0,UT,LOGAN UTAH ST UNIV,USC00425186,61.5
USC00425194,41.6661,-111.8914,1367.9,UT,LOGAN 5 SW EXP FARM,USC00425194,51.599999999999994
USC00425252,37.1431,-114.0214,849.5,UT,LYTLE RCH,USC00425252,1.4
USC00425268,40.5603,-109.6642,1965.4,UT,MAESER 9NW,USC00425268,62.1
USC00425402,39.2583,-111.6308,1749.6,UT,MANTI,USC00425402,52.900000000000006
USC00425582,37.1497,-109.8675,1252.4,UT,MEXICAN HAT,USC00425582,2.3
USC00425733,38.5744,-109.5458,1235.4,UT,MOAB,USC00425733,9.3
USC00425805,37.8736,-109.3075,2078.7,UT,MONTICELLO 2E,USC00425805,64.2
USC00425826,41.0575,-111.6894,1554.5,UT,MORGAN,USC00425826,55.1
USC00426053,37.6094,-109.9772,1983.6,UT,NATURAL BRIDGES NM,USC00426053,32.0
USC00426123,40.4178,-110.0511,1813.6,UT,NEOLA,USC00426123,30.6
USC00426135,39.7119,-111.8319,1568.5,UT,NEPHI,USC00426135,45.4
USC00426181,37.4636,-113.2897,1574.9,UT,NEW HARMONY,USC00426181,38.1
USC00426357,39.3833,-112.3,1553.0,UT,OAK CITY,USC00426357,33.3
USC00426568,40.1344,-109.6436,1424.6,UT,OURAY 4NE,USC00426568,15.5
USC00426601,37.8156,-112.4389,2026.0,UT,PANGUITCH,USC00426601,24.7
USC00426708,39.6308,-113.8858,1456.9,UT,PARTOUN,USC00426708,14.8
USC00426869,41.2578,-111.8378,1505.7,UT,PINEVIEW DAM,USC00426869,107.9
USC00426919,40.3678,-111.7333,1430.1,UT,PLEASANT GROVE,USC00426919,41.400000000000006
USC00426938,41.8739,-112.1486,1362.5,UT,PLYMOUTH,USC00426938,7.5
USC00427026,39.5989,-110.8189,1690.1,UT,PRICE BLM,USC00427026,8.7
USC00427064,40.2458,-111.6508,1392.9,UT,PROVO BYU,USC00427064,44.9
USC00427165,41.6608,-111.1869,1917.2,UT,RANDOLPH,USC00427165,70.8
USC00427260,38.7617,-112.0778,1610.9,UT,RICHFIELD RADIO KSVC,USC00427260,17.8
USC00427271,41.9064,-111.81,1426.5,UT,RICHMOND,USC00427271,62.3
USC00427395,40.2878,-109.9586,1528.3,UT,ROOSEVELT RADIO,USC00427395,16.4
USC00427516,37.1189,-113.6067,870.8,UT,ST GEORGE,USC00427516,1.2
USC00427559,38.9128,-111.4164,2304.3,UT,SALINA 24 E,USC00427559,69.3
USC00427606,40.7708,-111.8964,1304.5,UT,SALT LAKE TRIAD CTR,USC00427606,49.0
USC00427686,39.9578,-111.7794,1572.8,UT,SANTAQUIN CHLORINATOR,USC00427686,55.1
USC00427714,39.2453,-112.1067,1619.7,UT,SCIPIO,USC00427714,29.6
USC00427729,39.6842,-111.2056,2650.8,UT,SCOFIELD-SKYLINE MINE,USC00427729,225.4
USC00427942,40.7039,-111.5367,1976.6,UT,SNYDERVILLE,USC00427942,152.9
USC00428119,40.08,-111.6047,1438.7,UT,SPANISH FK PWR HOUSE,USC00428119,66.0
USC00428771,40.5353,-112.3217,1506.9,UT,TOOELE,USC00428771,75.3
USC00428817,41.7108,-112.1636,1313.7,UT,TREMONTON,USC00428817,40.4
USC00428828,41.9153,-111.9128,1357.9,UT,TRENTON,USC00428828,49.0
USC00428973,40.3603,-111.8972,1373.1,UT,UTAH LAKE LEHI,USC00428973,26.3
USC00428978,41.0497,-112.9367,1353.3,UT,UTAH TEST RANGE,USC00428978,12.9
USC00429111,40.4403,-109.5356,1629.2,UT,VERNAL,USC00429111,20.4
USC00429133,40.0958,-112.4358,1667.6,UT,VERNON,USC00429133,36.4
USC00429136,37.3522,-113.6667,1402.1,UT,VEYO POWERHOUSE,USC00429136,10.8
USC00429165,40.7908,-111.4078,1810.5,UT,WANSHIP DAM,USC00429165,72.2
USC00429346,41.1092,-111.9125,1493.5,UT,WEBER BASIN PUMP PLT 3,USC00429346,22.8
USC00429368,39.5447,-110.6861,1645.9,UT,WELLINGTON 3 E,USC00429368,21.5
USC00429514,37.8747,-111.9731,2298.2,UT,WIDTSOE 3 NNE,USC00429514,47.9
USC00429595,41.525,-111.1494,1924.8,UT,WOODRUFF,USC00429595,50.4
USC00429717,37.2092,-112.9814,1230.8,UT,ZION NP,USC00429717,4.0
USC00430661,43.8833,-72.6344,201.2,VT,BETHEL 4 N,USC00430661,81.1
USC00430940,44.0242,-72.6411,396.2,VT,BROOKFIELD 2 SW,USC00430940,124.2
USC00431213,44.9964,-71.5356,326.1,VT,CANAAN,USC00431213,111.1
USC00431243,43.3847,-72.5989,256.6,VT,CAVENDISH,USC00431243,83.3
USC00431363,44.0108,-72.4833,438.9,VT,CHELSEA 2 NW,USC00431363,88.80000000000001
USC00431433,43.7064,-72.9617,354.5,VT,CHITTENDEN,USC00431433,83.4
USC00431580,43.9572,-73.2106,105.2,VT,CORNWALL,USC00431580,58.6
USC00432769,44.9094,-72.8083,128.0,VT,ENOSBURG FALLS,USC00432769,83.3
USC00432843,44.5078,-73.1153,103.6,VT,ESSEX JUNCTION 1 N,USC00432843,85.9
USC00433341,44.4111,-71.7186,256.0,VT,GILMAN,USC00433341,67.7
USC00434120,44.8128,-71.8903,365.8,VT,ISLAND POND,USC00434120,114.9
USC00434261,44.5842,-72.7869,354.5,VT,JEFFERSONVILLE,USC00434261,139.3
USC00434747,43.3939,-72.7103,385.6,VT,LUDLOW,USC00434747,90.6
USC00435416,44.5247,-72.8153,1204.0,VT,MT MANSFIELD,USC00435416,234.9
USC00435542,44.9489,-72.1911,240.8,VT,NEWPORT,USC00435542,98.6
USC00435733,44.1647,-72.6567,204.2,VT,NORTHFIELD,USC00435733,75.8
USC00436893,43.8578,-72.8045,253.0,VT,ROCHESTER,USC00436893,75.5
USC00436995,43.6253,-72.9781,189.0,VT,RUTLAND,USC00436995,74.6
USC00437032,44.8592,-73.0911,115.8,VT,ST ALBANS RADIO,USC00437032,79.9
USC00437054,44.42,-72.0194,213.4,VT,SAINT JOHNSBURY,USC00437054,87.19999999999999
USC00437098,43.9256,-73.0992,128.0,VT,SALISBURY 2 N,USC00437098,72.7
USC00437607,44.6264,-73.3031,33.5,VT,S HERO,USC00437607,50.1
USC00437612,44.0725,-72.9736,408.7,VT,S LINCOLN,USC00437612,112.5
USC00437646,44.0503,-72.0753,143.3,VT,SOUTH NEWBURY,USC00437646,65.7
USC00438160,43.0908,-73.1244,274.3,VT,SUNDERLAND 2,USC00438160,75.19999999999999
USC00438169,44.6122,-72.0481,457.2,VT,SUTTON,USC00438169,141.7
USC00438172,44.665,-72.0233,304.8,VT,SUTTON 2NE,USC00438172,113.6
USC00438637,44.1872,-72.8781,313.3,VT,WAITSFIELD 2 W,USC00438637,117.7
USC00439591,43.0331,-72.85,429.8,VT,WEST WARDSBORO,USC00439591,130.2
USC00439988,44.3747,-72.5822,414.5,VT,WORCESTER 2 W,USC00439988,125.6
USC00440079,36.94,-77.8981,114.6,VA,ALBERTA 5 N,USC00440079,9.6
USC00440187,37.345,-77.9781,105.2,VA,AMELIA COURTHOUSE,USC00440187,8.3
USC00440243,37.3261,-78.8275,259.1,VA,APPOMATTOX,USC00440243,11.3
USC00440327,37.755,-77.4853,67.1,VA,ASHLAND,USC00440327,14.7
USC00440735,36.8567,-82.7997,446.8,VA,BIG STONE GAP,USC00440735,9.2
USC00440766,37.2039,-80.4144,641.0,VA,BLACKSBURG NWSO,USC00440766,24.7
USC00440792,37.0997,-81.1161,609.6,VA,BLAND,USC00440792,26.9
USC00441082,37.0678,-78.9517,124.4,VA,BROOKNEAL,USC00441082,7.4
USC00441121,37.5247,-79.6817,268.2,VA,BUCHANAN,USC00441121,11.4
USC00441136,37.5083,-78.5333,176.8,VA,BUCKINGHAM,USC00441136,12.3
USC00441159,37.7267,-79.3628,256.0,VA,BUENA VISTA,USC00441159,11.0
USC00441209,37.0908,-81.3364,935.1,VA,BURKES GARDEN,USC00441209,46.9
USC00441322,37.0375,-77.9461,100.6,VA,FT PICKETT,USC00441322,3.3
USC00441585,37.0522,-78.6497,173.4,VA,CHARLOTTE COURT HOUSE,USC00441585,7.7
USC00441593,38.0328,-78.5225,264.0,VA,CHARLOTTESVILLE 2W,USC00441593,17.0
USC00441606,36.7775,-78.4756,155.4,VA,CHASE CITY,USC00441606,5.0
USC00441614,36.8219,-79.4103,197.2,VA,CHATHAM,USC00441614,5.8
USC00441692,37.1278,-80.4033,640.1,VA,CHRISTIANSBURG,USC00441692,21.7
USC00441746,36.6214,-78.5506,100.6,VA,CLARKSVILLE,USC00441746,3.7
USC00441825,37.1456,-82.4908,477.3,VA,CLINTWOOD 1W,USC00441825,38.4
USC00441955,37.2819,-78.9592,248.4,VA,CONCORD 4 SSW,USC00441955,10.9
USC00441999,37.0817,-80.135,867.5,VA,COPPER HILL,USC00441999,18.4
USC00442009,38.2022,-77.3747,67.1,VA,CORBIN,USC00442009,11.5
USC00442044,37.8111,-79.9883,379.2,VA,COVINGTON FLTR PLT,USC00442044,10.1
USC00442064,38.0517,-79.3858,535.8,VA,CRAIGSVILLE 2 S,USC00442064,22.3
USC00442142,37.6664,-77.8769,106.7,VA,CROZIER,USC00442142,10.2
USC00442208,38.4547,-78.9353,413.9,VA,DALE ENTERPRISE,USC00442208,19.4
USC00442245,36.5628,-79.3633,119.5,VA,DANVILLE 2 SE,USC00442245,4.6
USC00442663,38.8025,-78.5853,282.9,VA,EDINBURG,USC00442663,21.0
USC00442790,36.6983,-77.5597,30.5,VA,EMPORIA 1 WNW,USC00442790,1.4
USC00442941,37.3264,-78.3864,137.2,VA,FARMVILLE 2 N,USC00442941,6.1
USC00443204,38.2875,-77.4508,18.3,VA,FREDERICKSBURG SEWAGE,USC00443204,11.3
USC00443213,38.0908,-78.5894,179.8,VA,FREE UNION,USC00443213,10.9
USC00443229,38.9039,-78.1822,283.5,VA,FRONT ROYAL,USC00443229,21.1
USC00443267,36.6633,-80.9139,726.9,VA,GALAX RADIO WBRF,USC00443267,16.599999999999998
USC00443310,37.9458,-79.9542,539.5,VA,GATHRIGHT DAM,USC00443310,18.3
USC00443375,37.6183,-79.4358,224.6,VA,GLASGOW 1 SE,USC00443375,16.3
USC00443470,37.9839,-79.5008,411.5,VA,GOSHEN,USC00443470,18.5
USC00443640,37.2822,-82.0886,352.7,VA,GRUNDY,USC00443640,16.0
USC00444039,37.5442,-79.4031,274.3,VA,BIG IS,USC00444039,15.5
USC00444044,36.6831,-76.7683,24.4,VA,HOLLAND 1 E,USC00444044,4.1
USC00444101,37.2992,-77.2775,12.2,VA,HOPEWELL,USC00444101,3.5
USC00444128,37.9994,-79.8322,684.0,VA,HOT SPRINGS,USC00444128,25.3
USC00444148,37.1258,-79.525,273.4,VA,HUDDLESTON 4 SW,USC00444148,5.9
USC00444565,37.8706,-79.5689,457.2,VA,KERRS CREEK 6 WNW,USC00444565,21.1
USC00444568,37.0178,-78.48,190.5,VA,KEYSVILLE 2 S,USC00444568,4.5
USC00444676,37.2392,-80.1994,402.3,VA,LAFAYETTE 1 NE,USC00444676,18.4
USC00444777,36.9028,-82.0383,582.8,VA,LEBANON,USC00444777,12.4
USC00444876,37.7767,-79.4386,334.4,VA,LEXINGTON,USC00444876,13.5
USC00445050,38.0422,-78.0061,128.0,VA,LOUISA,USC00445050,15.799999999999999
USC00445096,38.6661,-78.3728,426.7,VA,LURAY 5 E,USC00445096,18.6
USC00445117,37.3817,-79.2331,224.3,VA,LYNCHBURG #2,USC00445117,12.4
USC00445300,36.7047,-79.8653,237.7,VA,MARTINSVILLE FLTR PLT,USC00445300,9.399999999999999
USC00445453,36.6667,-80.4481,678.2,VA,MEADOWS OF DAN 5 SW,USC00445453,7.1
USC00445595,38.3064,-79.7197,737.9,VA,MILL GAP,USC00445595,33.699999999999996
USC00445700,38.0111,-78.4494,231.0,VA,MONTICELLO,USC00445700,15.600000000000001
USC00445880,38.3144,-79.6589,721.5,VA,MUSTOE 1 SW,USC00445880,39.1
USC00446125,37.0153,-82.3197,810.2,VA,NORA 4 SSE,USC00446125,38.3
USC00446161,37.4339,-76.4414,1.2,VA,N,USC00446161,8.5
USC00446475,37.5844,-75.8217,9.1,VA,PAINTER 2 W,USC00446475,6.6
USC00446491,37.8142,-78.2644,125.0,VA,PALMYRA 3S,USC00446491,12.3
USC00446593,37.6694,-79.2775,312.1,VA,PEDLAR DAM,USC00446593,15.7
USC00446626,36.7586,-83.0106,414.5,VA,PENNINGTON GAP,USC00446626,9.3
USC00446712,38.2322,-78.1203,158.5,VA,PIEDMONT RSCH STN,USC00446712,16.4
USC00446955,37.0558,-80.7842,634.0,VA,PULASKI 2 E,USC00446955,15.8
USC00447174,37.0925,-81.7936,582.2,VA,RICHLANDS,USC00447174,17.6
USC00447278,37.3622,-79.9586,352.7,VA,ROANOKE 8 N,USC00447278,11.4
USC00447338,36.9769,-79.8961,400.8,VA,ROCKY MT,USC00447338,12.6
USC00447506,36.8894,-81.7711,528.2,VA,SALTVILLE 1N,USC00447506,10.3
USC00447904,38.2456,-78.2703,155.4,VA,SOMERSET,USC00447904,15.5
USC00447925,36.6953,-78.8808,100.3,VA,S BOSTON,USC00447925,5.5
USC00447985,38.6553,-78.2272,228.6,VA,SPERRYVILLE,USC00447985,21.0
USC00448022,37.2786,-80.6889,511.5,VA,PEARISBURG 4 SSE,USC00448022,22.7
USC00448046,39.0858,-78.4442,289.6,VA,STAR TANNERY,USC00448046,25.1
USC00448062,38.1692,-79.0844,51.5,VA,STAUNTON WTP,USC00448062,21.6
USC00448129,36.9742,-77.4042,32.0,VA,STONY CREEK 2 N,USC00448129,4.3
USC00448170,36.6364,-80.2544,419.1,VA,STUART,USC00448170,6.4
USC00448192,36.7297,-76.6014,6.7,VA,SUFFOLK LAKE KILBY,USC00448192,5.8
USC00448396,38.8947,-77.7547,161.5,VA,THE PLAINS 2 NNE,USC00448396,19.8
USC00448547,36.6542,-81.4061,865.3,VA,TROUT DALE 3 SSE,USC00448547,8.5
USC00448737,38.8922,-77.2892,127.4,VA,VIENNA,USC00448737,18.5
USC00448800,36.9839,-77.0078,34.4,VA,WAKEFIELD 1NW,USC00448800,6.4
USC00448829,37.7433,-77.04,15.2,VA,WALKERTON 2 NW,USC00448829,7.8
USC00448894,37.9881,-76.7769,42.7,VA,WARSAW 2 NW,USC00448894,11.5
USC00449025,37.5656,-76.8,6.1,VA,W PT 2 NW,USC00449025,9.6
USC00449151,37.3017,-76.7039,21.3,VA,WILLIAMSBURG 2 N,USC00449151,4.3
USC00449169,36.9136,-80.5075,856.5,VA,WILLIS,USC00449169,21.8
USC00449181,39.1881,-78.1517,219.5,VA,WINCHESTER,USC00449181,23.1
USC00449213,37.3247,-77.6436,97.5,VA,WINTERPOCK,USC00449213,9.799999999999999
USC00449215,36.9725,-82.5578,781.5,VA,WISE 1SE,USC00449215,47.1
USC00449263,38.8969,-78.4678,205.7,VA,WOODSTOCK 2 NE,USC00449263,23.7
USC00449272,36.7736,-80.2622,385.0,VA,WOOLWINE 1 SE,USC00449272,8.7
USC00449301,36.9617,-81.0869,749.2,VA,WYTHEVILLE,USC00449301,18.4
USC00450008,46.9658,-123.8292,3.0,WA,ABERDEEN,USC00450008,0.5
USC00450257,48.2006,-122.1281,30.5,WA,ARLINGTON,USC00450257,4.300000000000001
USC00450294,46.2039,-117.2472,1037.2,WA,ASOTIN 14 SW,USC00450294,10.5
USC00450456,47.7722,-121.4819,234.7,WA,BARING,USC00450456,44.3
USC00450482,45.7717,-122.5286,86.6,WA,BATTLE GROUND,USC00450482,1.4
USC00450587,48.7178,-122.5114,4.6,WA,BELLINGHAM 3 SSW,USC00450587,3.4
USC00450668,45.9981,-120.3006,919.0,WA,BICKLETON,USC00450668,30.599999999999998
USC00450729,48.9775,-122.7928,18.3,WA,BLAINE,USC00450729,9.3
USC00450844,48.9947,-117.3544,559.9,WA,BOUNDARY DAM,USC00450844,54.8
USC00450872,47.5689,-122.6828,33.5,WA,BREMERTON,USC00450872,3.0
USC00450945,47.1694,-122.0036,208.8,WA,BUCKLEY 1 NE,USC00450945,4.3
USC00451160,45.8678,-121.9733,345.6,WA,CARSON FISH HATCHERY,USC00451160,55.0
USC00451205,46.2253,-123.3289,54.9,WA,CATHLAMET 6NE,USC00451205,3.2
USC00451233,47.4144,-121.7561,475.5,WA,CEDAR LAKE,USC00451233,42.0
USC00451350,47.8344,-120.0006,363.9,WA,CHELAN,USC00451350,20.5
USC00451400,47.9967,-119.6483,254.2,WA,CHIEF JOSEPH DAM,USC00451400,27.9
USC00451484,48.9672,-122.3292,19.5,WA,CLEARBROOK,USC00451484,10.8
USC00451630,48.5678,-117.9356,473.7,WA,COLVILLE,USC00451630,43.4
USC00451679,48.5397,-121.7422,59.4,WA,CONCRETE PPL FISH STN,USC00451679,16.3
USC00451760,46.0625,-122.2044,200.9,WA,COUGAR 6 E,USC00451760,16.2
USC00451783,48.2072,-122.6914,15.2,WA,COUPEVILLE 1 S,USC00451783,2.5
USC00451939,47.3706,-123.16,6.4,WA,CUSHMAN POWERHOUSE #2,USC00451939,4.4
USC00452007,47.6575,-118.1614,722.1,WA,DAVENPORT,USC00452007,30.3
USC00452030,46.3153,-118.0022,474.6,WA,DAYTON 1 WSW,USC00452030,15.8
USC00452157,48.7142,-121.1431,271.6,WA,DIABLO DAM,USC00452157,45.7
USC00452220,46.6297,-123.2106,79.2,WA,DOTY 3 E,USC00452220,3.7
USC00452548,48.0164,-123.5906,109.7,WA,ELWHA RS,USC00452548,2.0
USC00452563,47.6983,-120.3228,313.0,WA,ENTIAT FISH HATCHERY,USC00452563,39.5
USC00452914,47.9558,-124.3539,106.7,WA,FORKS 1 E,USC00452914,7.9
USC00453184,46.0089,-121.2633,579.7,WA,GLENWOOD #2,USC00453184,65.3
USC00453222,45.8081,-120.8428,499.9,WA,GOLDENDALE,USC00453222,26.6
USC00453333,46.3872,-123.5603,30.5,WA,GRAYS RVR HATCHERY,USC00453333,2.1
USC00453515,47.4828,-118.2519,658.1,WA,HARRINGTON,USC00453515,23.5
USC00453546,46.7225,-118.6525,458.7,WA,HATTON 9 SE,USC00453546,13.5
USC00453730,48.1989,-120.7736,980.8,WA,HOLDEN VILLAGE,USC00453730,273.7
USC00453826,47.2336,-123.9897,42.7,WA,HUMPTULIPS SALMON HATCHERY,USC00453826,1.0
USC00453883,46.2447,-118.8786,112.2,WA,ICE HARBOR DAM,USC00453883,2.0
USC00454338,46.8167,-117.8831,449.9,WA,LACROSSE,USC00454338,17.1
USC00454572,47.5586,-120.675,343.8,WA,LEAVENWORTH 3 S,USC00454572,80.2
USC00454679,47.0022,-118.5658,496.8,WA,LIND 3 NE,USC00454679,14.600000000000001
USC00454764,46.7492,-121.812,841.9,WA,LONGMIRE RAINIER NPS,USC00454764,143.0
USC00455086,47.1456,-123.4006,33.5,WA,MATLOCK 8 S,USC00455086,1.9
USC00455110,46.5044,-122.5939,85.3,WA,MAYFIELD PWR PLT,USC00455110,3.4000000000000004
USC00455133,48.6008,-120.4275,652.6,WA,MAZAMA,USC00455133,123.1
USC00455224,47.1358,-122.2558,176.5,WA,MCMILLIN RSVR,USC00455224,5.6
USC00455305,45.9547,-122.5639,68.3,WA,MERWIN DAM,USC00455305,3.0
USC00455387,46.0758,-118.2728,359.1,WA,MILL CREEK DAM,USC00455387,9.0
USC00455525,47.8453,-121.9944,36.6,WA,MONROE,USC00455525,3.0000000000000004
USC00455688,46.5053,-120.1678,472.4,WA,MOXEE CITY 10 E,USC00455688,9.9
USC00455774,46.3725,-123.7531,15.2,WA,NASELLE 2 ENE,USC00455774,1.7
USC00455840,48.6758,-121.2419,160.0,WA,NEWHALEM,USC00455840,29.5
USC00455946,48.8994,-117.8289,456.3,WA,NORTHPORT,USC00455946,46.6
USC00456039,47.3331,-118.6961,470.3,WA,ODESSA,USC00456039,13.9
USC00456096,48.6117,-122.8064,24.4,WA,OLGA 2 SE,USC00456096,5.8
USC00456262,46.6092,-121.6744,323.1,WA,PACKWOOD,USC00456262,31.5
USC00456295,47.3058,-121.8514,280.4,WA,PALMER 3 ESE,USC00456295,17.5
USC00456534,47.785,-120.6456,590.1,WA,PLAIN,USC00456534,117.3
USC00456610,46.4672,-117.5883,589.5,WA,POMEROY,USC00456610,8.4
USC00456624,48.1139,-123.4317,27.4,WA,PORT ANGELES,USC00456624,0.4
USC00456678,48.1161,-122.7586,30.5,WA,PORT TOWNSEND,USC00456678,0.6000000000000001
USC00456789,46.7603,-117.1861,766.6,WA,PULLMAN 2 NW,USC00456789,32.7
USC00456914,46.6533,-123.73,9.1,WA,RAYMOND 2 S,USC00456914,1.1
USC00456974,48.6461,-118.7369,778.8,WA,REPUBLIC,USC00456974,52.5
USC00457059,47.1175,-118.3714,568.1,WA,RITZVILLE 1 SSE,USC00457059,15.7
USC00457180,47.2347,-117.3636,737.6,WA,ROSALIA,USC00457180,26.200000000000003
USC00457185,48.7272,-121.0722,376.7,WA,ROSS DAM,USC00457185,66.7
USC00457267,47.0933,-117.5878,595.0,WA,ST JOHN,USC00457267,26.6
USC00457507,48.4958,-122.2355,18.3,WA,SEDRO-WOOLLEY,USC00457507,5.7
USC00457544,48.085,-123.0639,15.2,WA,SEQUIM 2 E,USC00457544,1.4
USC00457696,45.6219,-122.2178,132.6,WA,SKAMANIA FISH HATCHERY,USC00457696,6.2
USC00457773,47.5414,-121.8361,134.1,WA,SNOQUALMIE FALLS,USC00457773,3.6
USC00457941,47.6811,-117.6267,729.1,WA,SPOKANE WFO,USC00457941,48.2
USC00458059,48.3508,-120.7264,383.1,WA,STEHEKIN 4 NW,USC00458059,129.7
USC00458508,47.7,-121.6908,609.6,WA,TOLT S FK RSVR,USC00458508,55.2
USC00458715,48.6525,-121.6931,210.3,WA,UPPER BAKER DAM,USC00458715,42.4
USC00458773,45.6778,-122.6511,64.0,WA,VANCOUVER 4 NNE,USC00458773,0.8
USC00458959,46.4353,-120.4203,256.3,WA,WAPATO,USC00458959,20.4
USC00459021,47.3725,-122.7028,5.2,WA,WAUNA 3 W,USC00459021,0.3
USC00459074,47.4289,-120.31,190.8,WA,WENATCHEE,USC00459074,16.5
USC00459376,48.4742,-120.1886,533.1,WA,WINTHROP 1 WSW,USC00459376,59.400000000000006
USC00460102,37.7272,-80.6583,473.0,WV,ALDERSON,USC00460102,12.2
USC00460509,38.5311,-79.7714,922.0,WV,BARTOW 1S,USC00460509,67.4
USC00460527,39.2728,-79.3683,735.2,WV,BAYARD,USC00460527,117.80000000000001
USC00460580,37.7647,-81.1942,710.2,WV,BECKLEY VA HOSPITAL,USC00460580,38.4
USC00460633,39.0231,-79.9331,539.2,WV,BELINGTON,USC00460633,57.2
USC00460925,37.2556,-81.2264,874.8,WV,BLUEFIELD,USC00460925,39.7
USC00460939,37.6414,-80.8833,423.7,WV,BLUESTONE LAKE,USC00460939,18.8
USC00461075,38.2347,-82.2033,182.9,WV,BRANCHLAND 1 N,USC00461075,23.1
USC00461215,38.1872,-80.1336,647.1,WV,BUCKEYE,USC00461215,37.4
USC00461220,38.9803,-80.22,443.5,WV,BUCKHANNON,USC00461220,39.400000000000006
USC00461282,38.8458,-80.62,249.6,WV,BURNSVILLE LAKE,USC00461282,18.5
USC00461677,39.2683,-80.3522,301.8,WV,CLARKSBURG 1,USC00461677,23.8
USC00461723,38.4933,-81.3483,213.4,WV,CLENDENIN,USC00461723,17.9
USC00462151,38.7825,-79.8911,609.6,WV,DAILEY 1 SE,USC00462151,75.2
USC00462211,39.0981,-79.4322,1132.3,WV,DAVIS 3SE,USC00462211,170.2
USC00462522,37.9494,-82.4047,339.2,WV,DUNLOW 1 SW,USC00462522,17.4
USC00463215,38.6756,-79.3092,579.1,WV,FRANKLIN 2 NE,USC00463215,26.7
USC00463251,38.2869,-79.8181,885.4,WV,FROST 3NE,USC00463251,51.1
USC00463361,38.665,-80.7672,258.5,WV,GASSAWAY,USC00463361,17.3
USC00463464,38.8072,-79.7172,865.6,WV,GLADY 1 N,USC00463464,102.7
USC00463544,38.9339,-80.8317,224.9,WV,GLENVILLE,USC00463544,22.1
USC00463798,38.6194,-80.3822,482.2,WV,HACKER VALLEY,USC00463798,70.8
USC00463846,38.2794,-82.1114,207.3,WV,HAMLIN,USC00463846,18.5
USC00464397,38.4014,-82.5267,158.5,WV,HUNTINGTON SWG PL,USC00464397,10.2
USC00464840,39.4214,-79.005,294.1,WV,KEYSER 2 SSW,USC00464840,33.5
USC00465002,39.7203,-79.8561,274.3,WV,LAKE LYNN,USC00465002,14.4
USC00465224,37.8567,-80.4042,701.0,WV,LEWISBURG 3 N,USC00465224,29.5
USC00465563,38.1025,-81.8464,210.0,WV,MADISON 3NNW,USC00465563,17.3
USC00465600,37.7447,-81.8872,218.5,WV,MAN,USC00465600,14.8
USC00465672,38.2175,-80.0914,655.3,WV,MARLINTON,USC00465672,42.5
USC00465963,39.47,-80.8569,237.4,WV,MIDDLEBOURNE 3 ESE,USC00465963,27.3
USC00466163,39.0461,-78.9664,271.3,WV,MOOREFIELD 1 SSE,USC00466163,21.4
USC00466248,39.9056,-80.755,189.0,WV,MOUNDSVILLE,USC00466248,15.8
USC00466284,38.1878,-80.8483,595.3,WV,MT NEBO 1 S,USC00466284,67.60000000000001
USC00466600,37.6761,-81.6214,402.3,WV,OCEANA 2 SE,USC00466600,20.9
USC00466867,39.0736,-79.6339,541.0,WV,PARSONS 3 SE,USC00466867,55.3
USC00466912,38.4197,-82.2989,178.0,WV,PEA RIDGE PSD,USC00466912,9.6
USC00466982,39.1461,-80.0411,396.2,WV,PHILIPPI,USC00466982,46.5
USC00467018,40.1478,-80.7014,195.1,WV,PIKE ISLAND(LOCK & DAM),USC00467018,15.2
USC00467029,37.5742,-81.5356,402.3,WV,PINEVILLE,USC00467029,20.0
USC00467207,37.3853,-81.0822,725.7,WV,PRINCETON,USC00467207,23.9
USC00467455,37.9914,-80.3644,634.0,WV,RENICK 3,USC00467455,32.1
USC00467513,38.2061,-80.5206,941.8,WV,RICHWOOD 1SSE,USC00467513,100.0
USC00467552,38.8172,-81.7117,185.3,WV,RIPLEY,USC00467552,11.6
USC00467649,38.8561,-80.3075,533.1,WV,ROCK CAVE 2 NE,USC00467649,55.4
USC00467730,39.3389,-78.7711,219.5,WV,ROMNEY 1 SW,USC00467730,29.099999999999998
USC00467743,38.7778,-80.9636,228.6,WV,ROSEDALE 3 NNW,USC00467743,28.2
USC00467785,39.3419,-79.6697,433.7,WV,ROWLESBURG 1,USC00467785,56.9
USC00467918,38.9817,-81.5658,203.6,WV,SANDYVILLE 9 NE,USC00467918,24.2
USC00468308,38.3989,-79.9947,1477.4,WV,SNOWSHOE,USC00468308,144.7
USC00468384,38.8008,-81.3583,296.3,WV,SPENCER,USC00468384,24.2
USC00468522,39.0047,-80.4742,318.5,WV,STONEWALL JACKSON DAM,USC00468522,24.3
USC00468777,39.4467,-79.5469,801.6,WV,TERRA ALTA #1,USC00468777,171.1
USC00468986,39.3133,-80.0297,376.4,WV,TYGART DAM,USC00468986,25.5
USC00469011,37.5436,-80.5336,643.1,WV,UNION 3 SSE,USC00469011,24.0
USC00469336,38.5358,-80.4169,563.9,WV,WEBSTER SPRINGS 8 N,USC00469336,91.1
USC00469458,39.2906,-80.7686,245.7,WV,W UNION 2,USC00469458,23.2
USC00469522,37.7883,-80.3083,584.9,WV,WHITE SULPHUR SPRINGS,USC00469522,18.1
USC00469610,37.6731,-82.2761,231.6,WV,WILLIAMSON,USC00469610,13.100000000000001
USC00469683,38.5278,-81.9153,189.3,WV,WINFIELD LOCKS,USC00469683,10.7
USC00470045,42.6375,-89.0642,232.3,WI,AFTON - JANESVILLE WWTP,USC00470045,36.6
USC00470124,44.3269,-91.9194,204.2,WI,ALMA DAM 4,USC00470124,37.4
USC00470239,45.1606,-89.1131,463.0,WI,ANTIGO,USC00470239,53.599999999999994
USC00470265,44.2769,-88.4378,241.4,WI,APPLETON,USC00470265,49.4
USC00470287,42.6994,-89.8694,242.3,WI,ARGYLE WWTP,USC00470287,39.2
USC00470308,43.3042,-89.3453,320.6,WI,ARLINGTON,USC00470308,42.599999999999994
USC00470486,44.9633,-92.3906,335.3,WI,BALDWIN,USC00470486,43.400000000000006
USC00470516,43.4583,-89.7269,250.9,WI,BARABOO,USC00470516,42.7
USC00470603,46.8833,-90.8167,249.9,WI,BAYFIELD 6 N,USC00470603,106.3
USC00470645,43.4428,-88.8453,262.4,WI,BEAVER DAM WWTP,USC00470645,43.3
USC00470696,42.5039,-89.0311,240.2,WI,BELOIT,USC00470696,35.6
USC00470855,44.2903,-90.8539,246.9,WI,BLACK RVR FALLS SEWAGE,USC00470855,41.2
USC00470882,44.2906,-91.23,260.6,WI,BLAIR,USC00470882,41.1
USC00470892,42.8122,-89.8622,253.9,WI,BLANCHARDVILLE #2,USC00470892,31.2
USC00470904,45.0908,-91.4864,301.8,WI,BLOOMER,USC00470904,41.8
USC00471064,44.1614,-88.0803,246.9,WI,BRILLION,USC00471064,43.2
USC00471078,42.6181,-89.3867,237.7,WI,BRODHEAD WWTP,USC00471078,37.3
USC00471205,42.6508,-88.2544,228.9,WI,BURLINGTON,USC00471205,37.7
USC00471280,43.7447,-90.7783,417.6,WI,CASHTON,USC00471280,54.5
USC00471416,43.0597,-89.4819,318.8,WI,CHARMANY FARM,USC00471416,38.5
USC00471568,44.0328,-88.1469,256.0,WI,CHILTON,USC00471568,43.5
USC00471667,42.5492,-88.8756,281.6,WI,CLINTON WWTP,USC00471667,37.9
USC00471676,44.6228,-88.7483,244.4,WI,CLINTONVILLE,USC00471676,44.3
USC00471847,45.8003,-91.4594,396.2,WI,COUDERAY 7 W,USC00471847,67.2
USC00471897,45.3581,-88.1922,289.6,WI,CRIVITZ HIGH FALLS,USC00471897,58.3
USC00471913,42.6,-90.4236,296.6,WI,CUBA CITY,USC00471913,39.6
USC00471923,45.5331,-92.0225,378.0,WI,CUMBERLAND,USC00471923,55.599999999999994
USC00471970,43.6561,-89.2028,262.1,WI,DALTON,USC00471970,45.5
USC00471978,46.0086,-92.3736,289.6,WI,DANBURY,USC00471978,52.6
USC00472001,42.6783,-90.1064,260.3,WI,DARLINGTON WWTP,USC00472001,35.7
USC00472055,44.3514,-87.812,247.2,WI,DENMARK WWTP,USC00472055,52.5
USC00472165,44.1331,-91.5511,208.8,WI,DODGE,USC00472165,42.4
USC00472173,42.9608,-90.1161,340.8,WI,DODGEVILLE WWTP,USC00472173,41.1
USC00472240,46.3333,-91.2667,408.4,WI,DRUMMOND,USC00472240,74.2
USC00472314,45.9169,-89.2564,494.7,WI,EAGLE RVR,USC00472314,76.5
USC00472425,44.7878,-91.5164,268.2,WI,EAU CLAIRE 3SW,USC00472425,54.0
USC00472447,44.7722,-89.7675,356.6,WI,EAU PLEINE RSVR,USC00472447,54.0
USC00472626,45.1708,-87.1539,223.4,WI,EPHRAIM 1NE-WWTP,USC00472626,61.6
USC00472826,45.9336,-88.2583,396.2,WI,FLORENCE,USC00472826,65.6
USC00472839,43.7953,-88.4533,228.6,WI,FOND DU LAC WWTP,USC00472839,38.0
USC00472851,44.6997,-87.3969,210.3,WI,FORESTVILLE-4E,USC00472851,52.7
USC00472869,42.905,-88.8589,243.8,WI,FT ATKINSON,USC00472869,36.4
USC00472973,43.975,-89.8308,288.0,WI,FRIENDSHIP,USC00472973,52.0
USC00472996,44.0744,-91.3872,234.1,WI,GALESVILLE 2WSW,USC00472996,38.6
USC00473022,43.3144,-90.8486,210.0,WI,GAYS MILLS,USC00473022,37.8
USC00473038,43.5706,-91.2294,194.8,WI,GENOA DAM 8,USC00473038,34.8
USC00473058,43.2389,-88.1222,259.1,WI,GERMANTOWN,USC00473058,54.3
USC00473182,45.1489,-90.0667,423.7,WI,GOODRICH 1 E,USC00473182,50.9
USC00473186,46.245,-91.8047,317.0,WI,GORDON,USC00473186,59.7
USC00473268,44.4983,-88.1119,207.9,WI,GREEN BAY WFO,USC00473268,61.3
USC00473332,46.4858,-90.4372,355.1,WI,SAXON 1WSW,USC00473332,134.4
USC00473405,44.1186,-89.5358,332.8,WI,HANCOCK EXP FARM,USC00473405,43.1
USC00473453,43.3317,-88.4117,292.9,WI,HARTFORD WWTP,USC00473453,36.3
USC00473511,46.0003,-91.5075,365.8,WI,HAYWARD RS,USC00473511,59.400000000000006
USC00473636,45.6733,-88.9042,509.9,WI,ARGONNE 1.5-NW,USC00473636,74.7
USC00473654,43.6542,-90.3339,286.5,WI,HILLSBORO,USC00473654,38.7
USC00473661,43.6408,-87.9097,232.6,WI,HINGHAM WWTP,USC00473661,48.599999999999994
USC00473756,43.4389,-88.6314,268.5,WI,HORICON WWTP,USC00473756,40.8
USC00473800,46.4625,-90.1956,440.1,WI,HURLEY,USC00473800,155.0
USC00474080,45.3497,-90.7483,385.6,WI,JUMP RVR 3E,USC00474080,70.4
USC00474174,42.5608,-87.8156,182.9,WI,KENOSHA,USC00474174,36.2
USC00474195,44.4628,-87.505,180.7,WI,KEWAUNEE,USC00474195,48.1
USC00474366,43.8669,-91.2725,201.2,WI,LA CROSSE 4NNW,USC00474366,42.9
USC00474373,43.8225,-91.1914,398.4,WI,LA CROSSE WFO,USC00474373,54.2
USC00474383,46.1211,-89.0758,536.4,WI,LAC VIEUX DESERT,USC00474383,125.7
USC00474391,45.465,-91.1236,344.4,WI,LADYSMITH 3W,USC00474391,52.099999999999994
USC00474404,43.5733,-90.6319,243.5,WI,LA FARGE,USC00474404,46.2
USC00474457,42.6006,-88.4253,257.9,WI,LAKE GENEVA WWTP,USC00474457,40.1
USC00474482,43.0803,-88.8967,247.2,WI,LAKE MILLS WWTP,USC00474482,42.3
USC00474523,45.3333,-88.4981,364.5,WI,LAKEWOOD 3 NE,USC00474523,61.099999999999994
USC00474546,42.8278,-90.7889,317.0,WI,LANCASTER 4 WSW,USC00474546,37.4
USC00474582,45.5119,-88.7594,516.6,WI,LAONA 6 SW,USC00474582,80.1
USC00474894,45.5733,-92.4853,371.9,WI,LUCK,USC00474894,61.2
USC00474937,43.2117,-91.0986,192.9,WI,LYNXVILLE DAM 9,USC00474937,35.5
USC00474953,46.7781,-90.7653,201.2,WI,MADELINE ISLAND,USC00474953,73.5
USC00475017,44.0869,-87.6522,178.0,WI,MANITOWOC,USC00475017,34.6
USC00475091,45.0983,-87.6236,179.5,WI,MARINETTE,USC00475091,43.8
USC00475120,44.6411,-90.1333,377.0,WI,MARSHFIELD EXP FARM,USC00475120,57.1
USC00475164,44.1747,-90.3483,298.1,WI,MATHER 3 NW,USC00475164,47.900000000000006
USC00475178,43.79,-90.0597,263.7,WI,MAUSTON 1 SE,USC00475178,46.6
USC00475189,43.1706,-89.8197,232.9,WI,MAZOMANIE WWTP,USC00475189,30.0
USC00475255,45.1308,-90.3439,448.1,WI,MEDFORD,USC00475255,57.0
USC00475286,46.3689,-90.6417,396.2,WI,MELLEN 4 NE,USC00475286,102.60000000000001
USC00475335,44.8742,-91.9364,237.7,WI,MENOMONIE,USC00475335,40.9
USC00475364,45.1786,-89.6617,381.0,WI,MERRILL,USC00475364,54.3
USC00475474,43.0722,-88.0294,217.9,WI,MT MARY COLLEGE,USC00475474,39.5
USC00475516,45.8864,-89.7322,488.0,WI,MINOCQUA,USC00475516,98.69999999999999
USC00475563,44.5647,-91.6719,253.0,WI,MONDOVI,USC00475563,53.2
USC00475573,42.5992,-89.6669,302.1,WI,MONROE WWTP,USC00475573,41.5
USC00475581,43.7806,-89.3169,239.6,WI,MONTELLO,USC00475581,42.0
USC00475786,44.0261,-90.0814,281.0,WI,NECEDAH,USC00475786,34.1
USC00475808,44.5378,-90.535,329.2,WI,NEILLSVILLE 3ESE,USC00475808,43.6
USC00475932,44.3586,-88.7189,243.8,WI,NEW LONDON,USC00475932,45.9
USC00476200,43.1003,-88.5036,261.5,WI,OCONOMOWOC WWTP,USC00476200,39.6
USC00476208,44.8919,-87.955,201.2,WI,OCONTO 4 W,USC00476208,51.5
USC00476280,43.7194,-90.53,292.6,WI,ONTARIO 3E,USC00476280,41.1
USC00476330,44.0206,-88.5578,228.6,WI,OSHKOSH,USC00476330,39.2
USC00476357,44.9461,-90.5517,377.3,WI,OWEN 1E,USC00476357,51.0
USC00476510,45.0281,-87.7358,182.9,WI,PESHTIGO,USC00476510,48.9
USC00476518,46.0664,-89.0753,542.5,WI,PHELPS,USC00476518,94.0
USC00476646,42.7489,-90.4656,301.8,WI,PLATTEVILLE,USC00476646,42.8
USC00476678,43.73,-87.9714,252.4,WI,PLYMOUTH WWTP,USC00476678,44.7
USC00476718,43.5306,-89.4369,239.3,WI,PORTAGE WWTP,USC00476718,39.3
USC00476764,43.3944,-87.8636,181.1,WI,PORT WASHINGTON,USC00476764,42.3
USC00476827,43.0514,-91.135,200.6,WI,PRAIRIE DU CHIEN,USC00476827,33.8
USC00476874,44.6775,-88.2275,240.5,WI,PULASKI WWTP,USC00476874,50.4
USC00476922,42.7022,-87.7861,181.4,WI,RACINE,USC00476922,41.0
USC00477052,43.5231,-90.0003,282.2,WI,REEDSBURG,USC00477052,43.900000000000006
USC00477092,46.1222,-89.8772,491.3,WI,REST LAKE,USC00477092,75.2
USC00477113,45.5986,-89.4508,479.1,WI,RHINELANDER,USC00477113,62.2
USC00477115,45.6528,-89.3075,483.4,WI,RHINELANDER 4NE,USC00477115,70.3
USC00477118,45.6222,-89.41,490.4,WI,RHINELANDER WJFW TV-12,USC00477118,81.6
USC00477132,45.4167,-91.7725,336.2,WI,RICE LAKE,USC00477132,52.5
USC00477158,43.3314,-90.3889,221.9,WI,RICHLAND CTR,USC00477158,40.4
USC00477174,45.2142,-91.8875,329.2,WI,RIDGELAND 1NNE,USC00477174,51.0
USC00477209,43.8864,-88.7444,283.5,WI,RIPON 5 NE,USC00477209,37.6
USC00477230,44.9708,-92.562,298.7,WI,ROBERTS WWTP,USC00477230,49.7
USC00477464,45.4117,-92.6467,228.6,WI,ST CROIX FALLS,USC00477464,42.6
USC00477480,45.9156,-89.4894,500.8,WI,ST GERMAIN,USC00477480,73.7
USC00477708,44.7631,-88.6183,245.7,WI,SHAWANO 2SSW,USC00477708,47.900000000000006
USC00477745,45.3064,-90.9606,341.4,WI,SHELDON,USC00477745,42.1
USC00477761,44.4389,-88.5839,234.7,WI,SHIOCTON,USC00477761,57.5
USC00478018,45.4567,-89.9692,453.8,WI,SPIRIT FALLS,USC00478018,61.5
USC00478027,45.8236,-91.8761,335.3,WI,SPOONER AG RES STN,USC00478027,55.7
USC00478110,44.9528,-90.9269,329.2,WI,STANLEY WWTP,USC00478110,52.0
USC00478164,43.1342,-90.8372,309.4,WI,STEUBEN 4 SE,USC00478164,36.3
USC00478171,44.5114,-89.5853,328.9,WI,STEVENS PT,USC00478171,48.7
USC00478229,42.9108,-89.2133,256.0,WI,STOUGHTON,USC00478229,35.5
USC00478241,44.8175,-90.09,375.2,WI,STRATFORD 1 NW,USC00478241,44.8
USC00478267,44.88,-87.3358,213.1,WI,STURGEON BAY EXP FARM,USC00478267,57.4
USC00478316,42.9675,-88.5497,284.4,WI,SULLIVAN 3SE,USC00478316,50.7
USC00478324,45.3789,-89.1942,527.9,WI,SUMMIT LAKE,USC00478324,65.4
USC00478349,46.7269,-92.0719,185.0,WI,SUPERIOR,USC00478349,56.0
USC00478376,44.9958,-88.3786,241.4,WI,SURING,USC00478376,56.6
USC00478589,43.9994,-91.4378,201.2,WI,TREMPEALEAU DAM 6,USC00478589,36.2
USC00478672,44.1431,-87.5678,179.5,WI,TWO RIVERS,USC00478672,46.1
USC00478723,42.6903,-88.0336,222.5,WI,UNION GROVE,USC00478723,40.5
USC00478750,46.3678,-90.4122,456.3,WI,UPSON,USC00478750,139.6
USC00478827,43.5594,-90.8761,382.5,WI,VIROQUA,USC00478827,47.2
USC00478905,45.3583,-86.8911,209.1,WI,WASHINGTON IS,USC00478905,58.8
USC00478919,43.1742,-88.7364,251.5,WI,WATERTOWN WWTP,USC00478919,37.0
USC00478937,43.0064,-88.2492,240.5,WI,WAUKESHA WWTP,USC00478937,36.9
USC00478951,44.3547,-89.0594,255.1,WI,WAUPACA,USC00478951,49.3
USC00478969,44.9464,-89.6222,364.8,WI,WAUSAU WSAW TV,USC00478969,63.4
USC00478987,44.0411,-89.2433,264.9,WI,WAUTOMA-SILVER LAKE SAN DIST,USC00478987,46.400000000000006
USC00479046,43.0175,-88.0017,220.4,WI,WEST ALLIS,USC00479046,52.3
USC00479062,43.675,-90.8078,390.8,WI,WESTBY 3ENE,USC00479062,43.0
USC00479144,45.4425,-91.4181,364.2,WI,WEYERHAEUSER 1N,USC00479144,49.4
USC00479176,45.1453,-88.7417,392.9,WI,WHITE LAKE 1 SE,USC00479176,55.4
USC00479190,42.8508,-88.7247,266.7,WI,WHITEWATER,USC00479190,33.9
USC00479236,45.7086,-89.8483,467.0,WI,WILLOW RSVR,USC00479236,54.900000000000006
USC00479304,45.7992,-90.9947,413.0,WI,WINTER,USC00479304,57.3
USC00479319,43.6089,-89.7667,254.5,WI,WISCONSIN DELLS,USC00479319,40.7
USC00479345,44.3994,-89.8306,310.9,WI,WIS RAPIDS GRAND AV B,USC00479345,47.8
USC00480027,42.7331,-110.9217,1904.4,WY,AFTON,USC00480027,87.8
USC00480080,41.4,-104.1017,1629.2,WY,ALBIN,USC00480080,68.69999999999999
USC00480140,43.7728,-111.0339,1962.9,WY,ALTA 1 NNW,USC00480140,113.4
USC00480270,41.1517,-104.6575,1831.8,WY,ARCHER,USC00480270,47.099999999999994
USC00480484,41.0383,-107.6578,1926.0,WY,BAGGS,USC00480484,30.5
USC00480540,44.3797,-108.035,1170.4,WY,BASIN,USC00480540,20.1
USC00480552,42.6233,-106.3567,1841.6,WY,BATES CREEK #2,USC00480552,69.0
USC00480680,44.6828,-107.0089,1282.6,WY,BIG HORN,USC00480680,81.4
USC00480740,44.1242,-106.7319,1516.4,WY,BILLY CREEK,USC00480740,35.7
USC00480778,43.6561,-107.7375,1717.5,WY,BLACK MTN,USC00480778,72.6
USC00480865,43.2094,-110.4033,2040.0,WY,BONDURANT,USC00480865,141.1
USC00480951,42.7156,-109.6894,2115.3,WY,BOULDER REARING STN,USC00480951,42.1
USC00481000,43.4053,-108.1633,1485.9,WY,BOYSEN DAM,USC00481000,16.1
USC00481131,41.2467,-109.5967,1853.2,WY,BUCKBOARD MARINA,USC00481131,29.7
USC00481165,44.3544,-106.6994,1414.0,WY,BUFFALO,USC00481165,42.7
USC00481175,44.5075,-109.1675,1572.8,WY,BUFFALO BILL DAM,USC00481175,12.299999999999999
USC00481284,43.3656,-109.2756,1866.9,WY,BURRIS,USC00481284,33.2
USC00481547,41.0844,-104.3789,1657.2,WY,CARPENTER 3N,USC00481547,34.5
USC00481676,41.1517,-104.8061,1865.1,WY,CHEYENNE WFO,USC00481676,65.6
USC00481730,41.7594,-104.8222,1616.7,WY,CHUGWATER,USC00481730,69.8
USC00481736,41.3975,-110.0883,2157.7,WY,CHURCH BUTTES GAS PLT,USC00481736,30.8
USC00481775,44.9364,-109.1372,1254.9,WY,CLARK 3NE,USC00481775,21.1
USC00481840,44.5022,-109.1111,1609.3,WY,CODY,USC00481840,45.0
USC00481850,44.4139,-108.9006,1599.6,WY,CODY 12SE,USC00481850,23.5
USC00481855,44.3367,-109.3914,1780.0,WY,CODY 21 SW,USC00481855,45.1
USC00481905,44.8711,-104.1533,1060.7,WY,COLONY,USC00481905,25.3
USC00482242,42.9281,-110.1272,2237.5,WY,DANIEL FISH HATCHERY,USC00482242,64.0
USC00482375,43.4128,-110.1633,2496.3,WY,DARWIN RCH,USC00482375,108.6
USC00482399,44.8767,-107.2631,1194.8,WY,DAYTON,USC00482399,68.3
USC00482415,44.8919,-108.5928,1251.2,WY,DEAVER,USC00482415,12.2
USC00482466,44.5833,-104.7147,1177.1,WY,DEVILS TWR #2,USC00482466,48.8
USC00482580,44.0992,-105.1175,1313.7,WY,DILLINGER,USC00482580,37.4
USC00482595,43.2336,-108.9133,1700.2,WY,DIVERSION DAM,USC00482595,28.8
USC00482680,42.1794,-105.4017,1865.4,WY,DOUBLE FOUR RCH,USC00482680,65.8
USC00482685,42.7467,-105.3603,1484.4,WY,DOUGLAS 1 SE,USC00482685,59.0
USC00482715,43.5397,-109.6553,2119.9,WY,DUBOIS,USC00482715,55.3
USC00482725,43.4117,-104.9614,1345.7,WY,DULL CTR 1SE,USC00482725,46.8
USC00482995,41.6878,-106.4136,2214.4,WY,ELK MTN,USC00482995,93.3
USC00483031,44.4972,-108.3906,1355.8,WY,EMBLEM,USC00483031,16.3
USC00483170,42.1397,-109.4308,2017.8,WY,FARSON 2NNE,USC00483170,28.4
USC00483396,41.9861,-110.0611,1976.6,WY,FONTENELLE DAM,USC00483396,26.5
USC00483855,44.2667,-105.4489,1414.3,WY,GILLETTE 4SE,USC00483855,55.7
USC00483936,42.5283,-104.9153,1444.4,WY,GLENDO 6NE,USC00483936,43.8
USC00484065,41.5167,-109.4703,1877.6,WY,GREEN RVR,USC00484065,38.5
USC00484080,44.4894,-108.0536,1154.3,WY,GREYBULL,USC00484080,19.2
USC00484411,44.7053,-108.9558,1460.0,WY,HEART MTN,USC00484411,44.2
USC00484442,41.15,-105.1667,2039.1,WY,HECLA 1E,USC00484442,69.5
USC00484760,44.6856,-104.6028,1145.4,WY,HULETT,USC00484760,49.2
USC00484910,43.4864,-110.7617,1892.8,WY,JACKSON,USC00484910,78.2
USC00484925,42.4942,-107.8292,1926.0,WY,JEFFREY CITY,USC00484925,60.2
USC00485055,43.7144,-106.6378,1420.4,WY,KAYCEE,USC00485055,40.7
USC00485105,41.8181,-110.5333,2114.4,WY,KEMMERER 2N,USC00485105,49.7
USC00485252,42.2644,-110.195,2011.1,WY,LA BARGE,USC00485252,33.8
USC00485260,41.6378,-104.1669,1399.0,WY,LA GRANGE,USC00485260,53.4
USC00485345,44.5622,-110.3986,2405.5,WY,LAKE YELLOWSTONE,USC00485345,199.39999999999998
USC00485374,43.1828,-104.6036,1281.4,WY,LANCE CREEK 11NNE,USC00485374,41.2
USC00485392,42.845,-108.7372,1621.5,WY,LANDER 1N,USC00485392,66.6
USC00485417,41.2847,-105.5319,2252.5,WY,LARAMIE 4SE,USC00485417,64.10000000000001
USC00485506,44.85,-106.2889,1268.0,WY,LEITER 9N,USC00485506,53.4
USC00485525,42.1953,-106.8556,1839.5,WY,LEO 6 SW,USC00485525,49.8
USC00485770,44.8378,-108.4039,1172.6,WY,LOVELL,USC00485770,13.3
USC00485833,42.9367,-104.0669,1260.7,WY,LUSK 25NE,USC00485833,48.7
USC00486120,41.8969,-106.2061,2022.3,WY,MEDICINE BOW,USC00486120,51.7
USC00486195,43.4131,-106.2772,1481.3,WY,MIDWEST,USC00486195,45.9
USC00486428,43.6536,-110.7169,1964.1,WY,MOOSE,USC00486428,165.9
USC00486440,43.8567,-110.5889,2074.2,WY,MORAN 5WNW,USC00486440,174.9
USC00486555,41.2658,-110.3375,2072.6,WY,MTN VIEW,USC00486555,63.8
USC00486660,43.8497,-104.1886,1345.7,WY,NEWCASTLE,USC00486660,38.9
USC00486845,44.4569,-110.8328,2240.6,WY,OLD FAITHFUL,USC00486845,197.0
USC00486852,42.2058,-104.5561,1295.4,WY,OLD FT LARAMIE,USC00486852,27.5
USC00487031,44.5028,-109.9642,2039.7,WY,PAHASKA,USC00487031,180.5
USC00487115,43.2458,-108.6942,1670.3,WY,PAVILLION,USC00487115,28.4
USC00487200,41.6264,-104.4936,1518.5,WY,PHILLIPS,USC00487200,52.5
USC00487240,41.1722,-104.1583,1578.9,WY,PINE BLUFFS 5W,USC00487240,41.4
USC00487260,42.8744,-109.8581,2197.6,WY,PINEDALE,USC00487260,76.1
USC00487388,44.7764,-108.7592,1332.6,WY,POWELL FLD STN,USC00487388,11.200000000000001
USC00487473,44.1786,-107.9381,1225.3,WY,RAIRDEN 2WSW,USC00487473,21.2
USC00487555,43.245,-104.2881,1185.7,WY,REDBIRD,USC00487555,56.7
USC00487760,43.0306,-108.3744,1510.3,WY,RIVERTON,USC00487760,44.3
USC00487847,41.5778,-109.2394,1911.1,WY,ROCK SPRINGS FIRE DEPT,USC00487847,31.299999999999997
USC00488124,44.5353,-107.7775,1293.0,WY,SHELL,USC00488124,28.2
USC00488160,44.8406,-106.8383,1143.0,WY,SHERIDAN FLD STN,USC00488160,33.2
USC00488209,43.2372,-108.1097,1474.3,WY,SHOSHONI,USC00488209,17.5
USC00488315,44.1364,-110.6664,2097.6,WY,SNAKE RVR,USC00488315,293.6
USC00488626,44.5767,-106.9061,1575.2,WY,STORY,USC00488626,138.3
USC00488705,44.4122,-104.3567,1431.0,WY,SUNDANCE,USC00488705,81.3
USC00488758,44.0758,-108.9547,1897.1,WY,SUNSHINE 3NE,USC00488758,72.1
USC00488808,41.7644,-105.375,1855.0,WY,SYBILLE RSCH UNIT,USC00488808,70.0
USC00488852,44.0647,-107.3819,1447.2,WY,TENSLEEP 4NE,USC00488852,51.6
USC00488858,43.8111,-107.3653,1426.5,WY,TENSLEEP 16SSE,USC00488858,62.7
USC00488875,43.6483,-108.2036,1317.0,WY,THERMOPOLIS,USC00488875,27.4
USC00488884,43.7533,-108.1431,1305.2,WY,THERMOPOLIS 9NE,USC00488884,50.8
USC00488995,42.0803,-104.2236,1249.1,WY,TORRINGTON EXP FARM,USC00488995,31.2
USC00488997,42.4881,-104.1564,1481.3,WY,TORRINGTON 29N,USC00488997,53.1
USC00489025,44.9167,-110.4203,1912.6,WY,TOWER FALLS,USC00489025,94.0
USC00489205,44.0928,-104.6114,1316.7,WY,UPTON,USC00489205,46.4
USC00489459,41.6717,-107.9783,2054.4,WY,WAMSUTTER,USC00489459,50.8
USC00489467,44.4594,-109.4164,1694.1,WY,WAPITI 1WSW,USC00489467,30.6
USC00489580,44.6403,-105.3008,1139.3,WY,WESTON 1 E,USC00489580,41.4
USC00489615,42.1106,-104.9492,1413.7,WY,WHEATLAND 4 N,USC00489615,39.9
USC00489805,43.7472,-105.7331,1530.1,WY,WRIGHT 12W,USC00489805,58.0
USC00489905,44.9767,-110.6964,1888.2,WY,YELLOWSTONE PARK MAMMOTH,USC00489905,71.5
USC00489925,41.9131,-104.3881,1319.8,WY,YODER 5 W,USC00489925,47.1
USC00500243,60.9583,-149.1108,82.9,AK,ALYESKA,USC00500243,214.5
USC00500275,61.1561,-149.9847,39.9,AK,ANCHORAGE FORECAST OFFICE,USC00500275,76.9
USC00500302,61.6244,-149.3397,139.6,AK,ANDERSON LAKE,USC00500302,62.0
USC00500464,58.3814,-134.645,13.4,AK,AUKE BAY,USC00500464,80.7
USC00500490,64.8553,-147.7217,135.0,AK,AURORA,USC00500490,57.8
USC00501240,61.0183,-147.5147,25.9,AK,CANNERY CREEK,USC00501240,151.4
USC00501684,64.0917,-141.9211,548.6,AK,CHICKEN,USC00501684,36.6
USC00502107,64.8603,-147.8483,182.0,AK,COLLEGE OBSY,USC00502107,64.3
USC00502112,64.925,-147.8803,298.1,AK,COLLEGE 5 NW,USC00502112,61.5
USC00502126,70.4322,-150.4094,1.5,AK,COLVILLE VILLAGE,USC00502126,57.6
USC00502173,60.5561,-145.7531,7.6,AK,CORDOVA N,USC00502173,99.2
USC00502339,64.1172,-145.7511,322.8,AK,DELTA 6 N,USC00502339,42.8
USC00502350,64.0839,-145.6136,323.1,AK,DELTA 5 NE,USC00502350,45.0
USC00502352,63.9647,-145.105,342.9,AK,DELTA JUNCTION 20 SE,USC00502352,42.2
USC00502568,63.6747,-144.6042,413.0,AK,DRY CREEK,USC00502568,57.4
USC00502587,53.895,-166.5433,3.0,AK,DUTCH HARBOR,USC00502587,81.6
USC00502607,64.7856,-141.2036,259.1,AK,EAGLE,USC00502607,61.8
USC00502645,61.3192,-149.5436,172.8,AK,EAGLE RVR GAKONA CIRCLE,USC00502645,70.5
USC00502656,61.2967,-149.44,151.8,AK,EAGLE RVR 5 SE,USC00502656,59.3
USC00502707,64.6667,-147.1,166.7,AK,EIELSON FLD,USC00502707,67.7
USC00502785,58.1917,-136.3436,6.1,AK,ELFIN COVE,USC00502785,110.0
USC00502965,64.8172,-147.8739,130.1,AK,FAIRBANKS AP #2,USC00502965,59.6
USC00502970,64.8342,-147.7911,134.1,AK,FAIRBANKS MIDTOWN,USC00502970,51.5
USC00503163,61.2272,-149.6503,143.3,AK,FT RICHARDSON WTP,USC00503163,59.4
USC00503181,64.9592,-147.6261,236.2,AK,FOX 2 SE,USC00503181,54.800000000000004
USC00503212,64.7408,-156.8756,46.3,AK,GALENA,USC00503212,77.2
USC00503275,64.9767,-147.5211,288.0,AK,GILMORE CREEK,USC00503275,53.1
USC00503299,61.1,-149.6936,671.2,AK,GLEN ALPS,USC00503299,161.9
USC00503502,59.2381,-135.4494,29.0,AK,HAINES #2,USC00503502,163.9
USC00503504,59.4503,-136.3614,249.9,AK,HAINES 40NW,USC00503504,245.1
USC00503672,59.7444,-151.6347,329.2,AK,HOMER 8 NW,USC00503672,100.6
USC00503682,59.7161,-151.3256,156.1,AK,HOMER 9 E,USC00503682,83.7
USC00503695,58.1072,-135.4278,39.6,AK,HOONAH,USC00503695,90.0
USC00504107,58.3869,-134.7658,10.7,AK,JUNEAU LENA PT,USC00504107,77.4
USC00504621,64.9156,-148.2711,487.7,AK,KEYSTONE RIDGE,USC00504621,77.8
USC00504812,58.1914,-152.3722,18.3,AK,KITOI BAY,USC00504812,36.8
USC00504991,57.8047,-152.3561,16.5,AK,KODIAK WWTP,USC00504991,42.9
USC00505136,70.3289,-149.6114,19.5,AK,KUPARUK,USC00505136,35.5
USC00505397,62.4528,-146.6789,723.9,AK,LAKE SUSITNA,USC00505397,54.5
USC00505464,61.6267,-149.0364,223.4,AK,LAZY MTN,USC00505464,82.5
USC00505519,56.3831,-134.6497,4.3,AK,LITTLE PORT WALTER,USC00505519,101.80000000000001
USC00505604,60.5181,-148.093,17.4,AK,MAIN BAY,USC00505604,261.8
USC00505733,61.5664,-149.2542,52.4,AK,MATANUSKA EXP FARM,USC00505733,49.5
USC00505757,61.4181,-142.9961,381.0,AK,MCCARTHY 3 SW,USC00505757,66.5
USC00505778,63.7175,-148.9692,630.9,AK,MCKINLEY PARK,USC00505778,76.7
USC00505881,63.9033,-152.2817,312.4,AK,MINCHUMINA,USC00505881,53.9
USC00506581,64.7581,-147.3253,144.8,AK,N POLE,USC00506581,54.0
USC00507513,62.6211,-141.0061,576.7,AK,PORT ALCAN,USC00507513,27.4
USC00507557,56.2472,-134.6447,3.7,AK,PORT ALEXANDER,USC00507557,56.0
USC00507570,60.2036,-154.3164,79.2,AK,PORT ALSWORTH,USC00507570,87.9
USC00507783,62.0911,-152.735,566.3,AK,PUNTILLA,USC00507783,96.3
USC00508377,60.3539,-149.3483,157.9,AK,SEWARD 19N,USC00508377,90.1
USC00508470,61.5175,-144.1914,365.8,AK,SILVER LAKE,USC00508470,48.4
USC00508525,59.4547,-135.3136,10.7,AK,SKAGWAY,USC00508525,44.9
USC00509313,63.3336,-143.0372,495.3,AK,TOK,USC00509313,37.6
USC00509385,61.6511,-145.1703,481.3,AK,TONSINA,USC00509385,71.8
USC00509489,64.8656,-146.9542,184.4,AK,TWO RIVERS,USC00509489,61.4
USC00509641,64.8569,-147.8611,144.8,AK,UNIVERSITY EXP STN,USC00509641,60.900000000000006
USC00509793,64.1539,-145.8894,303.3,AK,WHITESTONE FARMS,USC00509793,41.5
USC00509829,60.7764,-148.6858,18.3,AK,WHITTIER,USC00509829,268.2
USC00509891,64.76,-147.34,151.2,AK,N POLE 1N,USC00509891,53.1
USW00003103,35.1442,-111.6664,2134.5,AZ,FLAGSTAFF PULLIAM AP,USW00003103,90.1
USW00003160,36.6206,-116.0278,984.5,NV,MERCURY DESERT ROCK AP,USW00003160,1.0
USW00003812,35.4319,-82.5375,645.3,NC,ASHEVILLE RGNL AP,USW00003812,10.3
USW00003816,37.0683,-88.7719,119.5,KY,PADUCAH,USW00003816,8.9
USW00003820,33.3644,-81.9633,40.2,GA,AUGUSTA BUSH FLD AP,USW00003820,0.8
USW00003841,36.0028,-84.2486,275.8,TN,OAK RIDGE ATDD,USW00003841,4.4
USW00003856,34.6439,-86.7861,190.2,AL,HUNTSVILLE INTL AP,USW00003856,2.4
USW00003859,37.2958,-81.2078,874.8,WV,BLUEFIELD MERCER CO AP,USW00003859,34.6
USW00003860,38.365,-82.555,251.2,WV,HUNTINGTON TRI STATE AP,USW00003860,19.8
USW00003870,34.8831,-82.2203,286.5,SC,GREER,USW00003870,3.9
USW00003872,37.7836,-81.1231,766.3,WV,BECKLEY RALEIGH CO AP,USW00003872,55.9
USW00003881,32.8661,-87.2383,137.2,AL,CENTREVILLE 6 SW,USW00003881,0.7
USW00003889,37.5908,-83.3131,415.7,KY,JACKSON,USW00003889,23.4
USW00003927,32.8978,-97.0189,170.7,TX,DALLAS FT WORTH AP,USW00003927,1.6
USW00003928,37.6544,-97.4425,406.9,KS,WICHITA,USW00003928,12.700000000000001
USW00003940,32.3206,-90.0778,100.6,MS,JACKSON INTL AP,USW00003940,0.6000000000000001
USW00003945,38.8169,-92.2183,272.2,MO,COLUMBIA RGNL AP,USW00003945,16.5
USW00003947,39.2972,-94.7306,306.3,MO,KANSAS CITY INTL AP,USW00003947,18.2
USW00003951,32.35,-94.65,124.1,TX,LONGVIEW WSMO,USW00003951,0.4
USW00003952,34.8364,-92.2619,173.1,AR,LITTLE ROCK,USW00003952,3.8
USW00003957,37.2839,-98.5528,467.9,KS,MEDICINE LODGE,USW00003957,9.4
USW00003959,36.7683,-96.0261,217.9,OK,BARTLESVILLE F P FLD,USW00003959,8.2
USW00003969,32.2314,-98.2319,393.2,TX,STEPHENVILLE,USW00003969,0.7
USW00004725,42.1997,-75.985,489.5,NY,BINGHAMTON,USW00004725,86.5
USW00004781,40.7939,-73.1017,25.6,NY,ISLIP LI MACARTHUR AP,USW00004781,31.8
USW00012921,29.5442,-98.4839,240.5,TX,SAN ANTONIO INTL AP,USW00012921,0.2
USW00012923,29.2733,-94.8592,1.5,TX,GALVESTON SCHOLES FLD,USW00012923,0.1
USW00012924,27.7839,-97.5108,13.7,TX,CORPUS CHRISTI,USW00012924,0.2
USW00012960,29.98,-95.36,29.0,TX,HOUSTON INTERCONT AP,USW00012960,0.1
USW00013702,37.0833,-76.35,3.0,VA,LANGLEY AFB,USW00013702,2.6999999999999997
USW00013713,35.3444,-77.9647,33.2,NC,GOLDSBORO 4 SE,USW00013713,2.0
USW00013721,38.3,-76.4167,11.9,MD,PATUXENT RIVER NAS,USW00013721,12.5
USW00013722,35.8922,-78.7819,126.8,NC,RALEIGH DURHAM INTL AP,USW00013722,5.2
USW00013723,36.0969,-79.9433,271.3,NC,PIEDMONT TRIAD INTL AP,USW00013723,7.1
USW00013728,36.5728,-79.3361,174.0,VA,DANVILLE RGNL AP,USW00013728,7.6
USW00013729,38.8853,-79.8528,603.2,WV,ELKINS RANDOLPH CO AP,USW00013729,68.9
USW00013733,37.3208,-79.2067,286.5,VA,LYNCHBURG RGNL AP,USW00013733,11.6
USW00013737,36.9033,-76.1922,9.1,VA,NORFOLK INTL AP,USW00013737,6.2
USW00013739,39.8683,-75.2311,3.0,PA,PHILADELPHIA INTL AP,USW00013739,23.1
USW00013740,37.505,-77.3203,50.0,VA,RICHMOND INTL AP,USW00013740,8.8
USW00013741,37.3169,-79.9742,358.1,VA,ROANOKE RGNL AP,USW00013741,14.8
USW00013743,38.8483,-77.0342,3.0,VA,WASHINGTON REAGAN AP,USW00013743,13.700000000000001
USW00013748,34.2675,-77.8997,10.1,NC,WILMINGTON INTL AP,USW00013748,0.8999999999999999
USW00013750,36.95,-76.2833,5.2,VA,NORFOLK NAS,USW00013750,3.0
USW00013754,34.9,-76.8833,8.8,NC,CHERRY POINT MCAS,USW00013754,0.8
USW00013766,35.9172,-75.7,4.0,NC,MANTEO AP,USW00013766,1.1
USW00013769,36.8167,-76.0333,7.0,VA,OCEANA NAS,USW00013769,3.4000000000000004
USW00013773,38.5,-77.3,3.0,VA,QUANTICO MCAS,USW00013773,12.4
USW00013781,39.6728,-75.6008,24.1,DE,WILMINGTON NEW CASTLE CO AP,USW00013781,20.2
USW00013802,38.52,-89.8467,137.2,IL,BELLEVILLE SIU RSCH,USW00013802,11.2
USW00013865,32.3347,-88.7442,89.6,MS,MERIDIAN KEY FLD,USW00013865,0.6
USW00013866,38.3794,-81.59,277.4,WV,CHARLESTON YEAGER AP,USW00013866,31.5
USW00013867,39.2811,-81.5572,189.0,WV,PARKERSBURG,USW00013867,11.3
USW00013870,31.5358,-82.5067,58.8,GA,ALMA BACON CO AP,USW00013870,0.1
USW00013872,35.5953,-82.5567,682.1,NC,ASHEVILLE,USW00013872,11.5
USW00013874,33.63,-84.4417,307.8,GA,ATLANTA HARTSFIELD INTL AP,USW00013874,2.2
USW00013876,33.5656,-86.745,187.5,AL,BIRMINGHAM AP,USW00013876,1.4
USW00013877,36.4731,-82.4044,457.2,TN,BRISTOL TRI CITY AP,USW00013877,9.2
USW00013880,32.8986,-80.0403,12.2,SC,CHARLESTON INTL AP,USW00013880,0.30000000000000004
USW00013881,35.2236,-80.9553,221.9,NC,CHARLOTTE DOUGLAS AP,USW00013881,3.5
USW00013882,35.0311,-85.2014,204.5,TN,CHATTANOOGA LOVELL AP,USW00013882,3.6
USW00013883,33.9486,-81.1186,70.4,SC,COLUMBIA,USW00013883,1.2
USW00013891,35.8181,-83.9858,293.2,TN,KNOXVILLE MCGHEE TYSON AP,USW00013891,4.6
USW00013893,35.0564,-89.9864,77.4,TN,MEMPHIS INTL AP,USW00013893,2.7
USW00013894,30.6794,-88.2397,63.4,AL,MOBILE,USW00013894,0.2
USW00013897,36.1189,-86.6892,182.9,TN,NASHVILLE INTL AP,USW00013897,4.7
USW00013904,30.1831,-97.68,146.3,TX,AUSTIN BERGSTROM AP,USW00013904,0.2
USW00013957,32.4506,-93.8411,83.2,LA,SHREVEPORT,USW00013957,0.9
USW00013958,30.3208,-97.7603,204.2,TX,AUSTIN-CAMP MABRY,USW00013958,0.2
USW00013959,31.6189,-97.2283,152.4,TX,WACO RGNL AP,USW00013959,0.7000000000000001
USW00013960,32.8519,-96.8556,134.1,TX,DALLAS LOVE FLD,USW00013960,1.7
USW00013962,32.4106,-99.6822,545.6,TX,ABILENE RGNL AP,USW00013962,3.7
USW00013963,34.7272,-92.2389,78.6,AR,LITTLE ROCK AP ADAMS FLD,USW00013963,3.8000000000000003
USW00013964,35.3331,-94.3625,136.9,AR,FT SMITH RGNL AP,USW00013964,2.9
USW00013966,33.9786,-98.4928,310.0,TX,WICHITA FALLS MUNI AP,USW00013966,3.1
USW00013967,35.3889,-97.6006,391.7,OK,OKLAHOMA CITY WILL ROGERS AP,USW00013967,6.7
USW00013968,36.1994,-95.8872,198.1,OK,TULSA INTL AP,USW00013968,8.7
USW00013970,30.5372,-91.1469,19.5,LA,BATON ROUGE RYAN AP,USW00013970,0.2
USW00013980,37.155,-98.0283,408.4,KS,ANTHONY,USW00013980,11.1
USW00013984,39.5514,-97.6508,447.8,KS,CONCORDIA MUNI AP,USW00013984,19.3
USW00013985,37.7608,-99.9683,789.4,KS,DODGE CITY,USW00013985,19.1
USW00013988,39.1208,-94.5969,226.2,MO,KANSAS CITY DOWNTOWN AP,USW00013988,11.0
USW00013991,39.1342,-93.2225,240.8,MO,MARSHALL,USW00013991,8.1
USW00013994,38.7525,-90.3736,161.8,MO,ST LOUIS LAMBERT INTL AP,USW00013994,16.6
USW00013995,37.2353,-93.4003,389.5,MO,SPRINGFIELD,USW00013995,13.7
USW00013996,39.0725,-95.6261,267.0,KS,TOPEKA MUNI AP,USW00013996,17.1
USW00014606,44.7978,-68.8186,45.1,ME,BANGOR INTL AP,USW00014606,74.6
USW00014607,46.8706,-68.0172,190.2,ME,CARIBOU MUNI AP,USW00014607,118.2
USW00014611,43.9,-69.9333,21.3,ME,BRUNSWICK NAS,USW00014611,66.8
USW00014711,40.1936,-76.7633,95.1,PA,MIDDLETOWN HARRISBURG INTL AP,USW00014711,29.9
USW00014732,40.7794,-73.8803,3.4,NY,NEW YORK LAGUARDIA AP,USW00014732,29.8
USW00014733,42.9486,-78.7369,211.2,NY,BUFFALO,USW00014733,95.4
USW00014734,40.6825,-74.1694,2.1,NJ,NEWARK INTL AP,USW00014734,31.5
USW00014735,42.7431,-73.8092,95.1,NY,ALBANY AP,USW00014735,59.2
USW00014737,40.6508,-75.4492,118.9,PA,ALLENTOWN INTL AP,USW00014737,33.1
USW00014739,42.3606,-71.0106,3.7,MA,BOSTON LOGAN INTL AP,USW00014739,49.2
USW00014740,41.9381,-72.6825,57.9,CT,HARTFORD BRADLEY INTL AP,USW00014740,51.7
USW00014742,44.4683,-73.15,100.6,VT,BURLINGTON INTL AP,USW00014742,87.5
USW00014743,44.5772,-75.1097,136.6,NY,CANTON 4 SE,USW00014743,77.3
USW00014745,43.1953,-71.5011,105.5,NH,CONCORD MUNI AP,USW00014745,67.7
USW00014753,42.2122,-71.1136,190.5,MA,BLUE HILL,USW00014753,69.3
USW00014755,44.2667,-71.2994,1910.2,NH,MT WASHINGTON,USW00014755,281.8
USW00014764,43.6497,-70.3003,13.7,ME,PORTLAND INTL JETPORT,USW00014764,68.7
USW00014765,41.7219,-71.4325,18.3,RI,PROVIDENCE T F GREEN AP,USW00014765,36.6
USW00014768,43.1167,-77.6767,162.5,NY,ROCHESTER GTR INTL AP,USW00014768,102.0
USW00014771,43.1111,-76.1039,125.9,NY,SYRACUSE HANCOCK INTL AP,USW00014771,127.80000000000001
USW00014777,41.3336,-75.7269,283.5,PA,WILKES-BARRE INTL AP,USW00014777,45.1
USW00014778,41.2433,-76.9217,158.5,PA,WILLIAMSPORT,USW00014778,35.8
USW00014804,42.6083,-82.8183,176.8,MI,MT CLEMENS ANG BASE,USW00014804,32.2
USW00014814,45.0606,-83.4281,179.8,MI,ALPENA WWTP,USW00014814,59.400000000000006
USW00014820,41.4131,-81.86,232.6,OH,CLEVELAND,USW00014820,63.8
USW00014821,39.9914,-82.8808,246.9,OH,COLUMBUS PORT COLUMBUS INTL AP,USW00014821,28.2
USW00014824,45.7181,-87.0939,179.8,MI,ESCANABA,USW00014824,46.9
USW00014826,42.9667,-83.7494,234.7,MI,FLINT BISHOP INTL AP,USW00014826,52.1
USW00014827,40.9706,-85.2064,241.1,IN,FT WAYNE INTL AP,USW00014827,33.6
USW00014828,43.9758,-84.4908,236.2,MI,GLADWIN,USW00014828,48.5
USW00014836,42.7803,-84.5789,256.3,MI,LANSING CAPITAL CITY AP,USW00014836,50.2
USW00014837,43.1406,-89.3453,264.0,WI,MADISON DANE RGNL AP,USW00014837,51.8
USW00014838,46.5458,-87.3794,202.7,MI,MARQUETTE,USW00014838,102.0
USW00014839,42.955,-87.9044,204.2,WI,MILWAUKEE MITCHELL AP,USW00014839,48.7
USW00014840,43.1711,-86.2367,190.5,MI,MUSKEGON CO AP,USW00014840,87.2
USW00014842,40.6675,-89.6839,198.1,IL,PEORIA GTR PEORIA AP,USW00014842,26.200000000000003
USW00014845,43.5331,-84.0797,201.2,MI,SAGINAW MBS INTL AP,USW00014845,49.0
USW00014847,46.4794,-84.3572,220.1,MI,SAULT STE MARIE SANDERSON FLD,USW00014847,120.1
USW00014848,41.7072,-86.3164,235.6,IN,SOUTH BEND MICHIANA RGNL AP,USW00014848,64.5
USW00014852,41.2544,-80.6739,359.7,OH,YOUNGSTOWN RGNL AP,USW00014852,67.8
USW00014860,42.08,-80.1825,222.5,PA,ERIE INTL AP,USW00014860,104.3
USW00014891,40.8203,-82.5178,394.7,OH,MANSFIELD LAHM MUNI AP,USW00014891,49.199999999999996
USW00014895,40.9167,-81.4333,368.2,OH,AKRON CANTON RGNL AP,USW00014895,47.2
USW00014897,44.9258,-89.6256,360.0,WI,WAUSAU DWTN AP,USW00014897,64.3
USW00014898,44.4983,-88.1111,207.9,WI,GREEN BAY,USW00014898,55.6
USW00014913,46.8369,-92.2097,435.3,MN,DULUTH,USW00014913,90.2
USW00014914,46.9253,-96.8111,274.3,ND,FARGO HECTOR INTL AP,USW00014914,51.4
USW00014916,47.9428,-97.1839,256.6,ND,GRAND FORKS INTL AP,USW00014916,48.4
USW00014918,48.5614,-93.3981,360.6,MN,INTL FALLS INTL AP,USW00014918,73.0
USW00014920,43.8789,-91.2528,198.7,WI,LA CROSSE MUNI AP,USW00014920,46.3
USW00014922,44.8831,-93.2289,265.8,MN,MINNEAPOLIS/ST PAUL AP,USW00014922,51.2
USW00014923,41.4653,-90.5233,180.4,IL,MOLINE QUAD CITY INTL AP,USW00014923,36.1
USW00014925,43.9042,-92.4917,397.5,MN,ROCHESTER INTL AP,USW00014925,53.099999999999994
USW00014926,45.5433,-94.0514,310.3,MN,ST CLOUD RGNL AP,USW00014926,47.900000000000006
USW00014929,45.4558,-98.4131,396.8,SD,ABERDEEN,USW00014929,42.7
USW00014933,41.5339,-93.6531,291.7,IA,DES MOINES INTL AP,USW00014933,36.5
USW00014935,40.9611,-98.3136,560.8,NE,GRAND ISLAND AP,USW00014935,27.7
USW00014936,44.3981,-98.2231,390.1,SD,HURON RGNL AP,USW00014936,44.4
USW00014939,40.8508,-96.7475,362.7,NE,LINCOLN MUNI AP,USW00014939,26.0
USW00014940,43.1544,-93.3269,373.4,IA,MASON CITY MUNI AP,USW00014940,44.400000000000006
USW00014941,41.9856,-97.4353,472.7,NE,NORFOLK KARL STEFAN AP,USW00014941,29.9
USW00014942,41.3103,-95.8992,299.3,NE,OMAHA EPPLEY AIRFIELD,USW00014942,27.1
USW00014943,42.3914,-96.3792,333.8,IA,SIOUX CITY GATEWAY AP,USW00014943,36.0
USW00014944,43.5878,-96.7289,435.9,SD,SIOUX FALLS,USW00014944,45.3
USW00014946,44.9047,-97.1494,532.8,SD,WATERTOWN RGNL AP,USW00014946,41.1
USW00014950,41.1078,-92.4467,256.6,IA,OTTUMWA INDUSTRIAL AP,USW00014950,23.6
USW00014991,44.8664,-91.4878,269.7,WI,EAU CLAIRE RGNL AP,USW00014991,55.4
USW00014995,45.7728,-92.6886,301.8,WI,GRANTSBURG,USW00014995,52.2
USW00023007,34.4272,-100.2831,594.7,TX,CHILDRESS MUNI AP,USW00023007,5.5
USW00023009,33.3075,-104.5083,1112.2,NM,ROSWELL IND AIR PK,USW00023009,9.6
USW00023023,31.9433,-102.1889,874.2,TX,MIDLAND ODESSA,USW00023023,4.3
USW00023041,32.2442,-101.4536,765.0,TX,BIG SPRING,USW00023041,2.0
USW00023042,33.6542,-101.8136,993.3,TX,LUBBOCK,USW00023042,7.0
USW00023044,31.8111,-106.3758,1194.2,TX,EL PASO INTL AP,USW00023044,2.8
USW00023047,35.2333,-101.7089,1093.3,TX,AMARILLO,USW00023047,17.2
USW00023050,35.0419,-106.6156,1618.5,NM,ALBUQUERQUE INTL AP,USW00023050,7.8999999999999995
USW00023051,36.4486,-103.1539,1511.8,NM,CLAYTON MUNI AIR PK,USW00023051,22.3
USW00023058,31.8297,-107.6389,1239.0,NM,COLUMBUS,USW00023058,0.2
USW00023062,39.7633,-104.8694,1611.2,CO,DENVER-STAPLETON,USW00023062,49.0
USW00023065,39.3669,-101.7,1112.8,KS,GOODLAND,USW00023065,30.0
USW00023066,39.1342,-108.54,1480.7,CO,GRAND JUNCTION WALKER FLD,USW00023066,17.7
USW00023072,34.9325,-100.8903,823.0,TX,CLARENDON,USW00023072,3.5
USW00023081,35.5144,-108.7939,1972.4,NM,GALLUP MUNI AP,USW00023081,33.8
USW00023154,39.2953,-114.8467,1908.7,NV,ELY YELLAND FLD AP,USW00023154,54.1
USW00023155,35.4344,-119.0542,149.0,CA,BAKERSFIELD AP,USW00023155,0.1
USW00023160,32.1314,-110.9553,776.9,AZ,TUCSON INTL AP,USW00023160,0.1
USW00023161,34.8536,-116.7858,584.3,CA,BARSTOW DAGGETT AP,USW00023161,0.2
USW00023162,39.3375,-112.5858,1408.2,UT,DELTA,USW00023162,25.3
USW00023169,36.0719,-115.1633,649.5,NV,LAS VEGAS MCCARRAN AP,USW00023169,0.2
USW00023170,38.3706,-110.7153,1313.1,UT,HANKSVILLE,USW00023170,7.3
USW00023185,39.4839,-119.7711,1344.2,NV,RENO TAHOE INTL AP,USW00023185,20.9
USW00024011,46.7708,-100.7603,505.4,ND,BISMARCK,USW00024011,50.5
USW00024013,48.2553,-101.2733,507.5,ND,MINOT INTL AP,USW00024013,45.1
USW00024018,41.1519,-104.8061,1867.8,WY,CHEYENNE,USW00024018,62.900000000000006
USW00024020,40.5233,-101.0344,928.1,NE,HAYES CENTER 1NW,USW00024020,30.2
USW00024021,42.8153,-108.7261,1704.4,WY,LANDER HUNT FLD AP,USW00024021,87.6
USW00024023,41.1214,-100.6694,846.7,NE,NORTH PLATTE RGNL AP,USW00024023,29.6
USW00024025,44.3814,-100.2856,531.0,SD,PIERRE RGNL AP,USW00024025,37.2
USW00024027,41.5944,-109.0528,2054.7,WY,ROCK SPRINGS AP,USW00024027,54.0
USW00024028,41.8706,-103.5931,1202.4,NE,SCOTTSBLUFF HEILIG AP,USW00024028,42.5
USW00024032,42.8783,-100.55,789.4,NE,VALENTINE MILLER FLD,USW00024032,34.2
USW00024033,45.8069,-108.5422,1091.5,MT,BILLINGS LOGAN INTL AP,USW00024033,57.4
USW00024089,42.8975,-106.4636,1627.0,WY,CASPER NATRONA CO AP,USW00024089,71.8
USW00024090,44.0433,-103.0536,963.2,SD,RAPID CITY RGNL AP,USW00024090,48.5
USW00024119,40.6117,-116.8917,1373.1,NV,BATTLE MOUNTAIN 4SE,USW00024119,20.8
USW00024120,40.9139,-111.3983,1691.6,UT,COALVILLE,USW00024120,70.1
USW00024121,40.8289,-115.7886,1533.1,NV,ELKO RGNL AP,USW00024121,41.2
USW00024127,40.7781,-111.9694,1287.8,UT,SALT LAKE CITY INTL AP,USW00024127,51.9
USW00024128,40.9017,-117.8081,1309.4,NV,WINNEMUCCA MUNI AP,USW00024128,22.0
USW00024131,43.5667,-116.2406,857.7,ID,BOISE AIR TERMINAL,USW00024131,17.6
USW00024139,46.6383,-113.1761,1219.2,MT,DRUMMOND AVIATION,USW00024139,30.5
USW00024143,47.4733,-111.3822,1116.8,MT,GREAT FALLS INTL AP,USW00024143,66.1
USW00024144,46.6056,-111.9636,1166.8,MT,HELENA RGNL AP,USW00024144,37.2
USW00024149,46.3747,-117.0156,437.7,ID,LEWISTON NEZ PERCE CO AP,USW00024149,12.7
USW00024152,45.5114,-118.4247,1134.8,OR,MEACHAM,USW00024152,113.2
USW00024153,46.9208,-114.0925,972.9,MT,MISSOULA INTL AP,USW00024153,43.0
USW00024155,45.6906,-118.8528,461.8,OR,PENDLETON,USW00024155,15.7
USW00024156,42.9203,-112.5711,1364.9,ID,POCATELLO RGNL AP,USW00024156,38.5
USW00024157,47.6217,-117.5281,717.2,WA,SPOKANE INTL AP,USW00024157,45.400000000000006
USW00024160,46.0947,-118.2869,355.4,WA,WALLA WALLA RGNL AP,USW00024160,6.5
USW00024225,42.3811,-122.8722,395.3,OR,MEDFORD ROGUE VLY AP,USW00024225,3.4
USW00024227,46.9733,-122.9033,57.3,WA,OLYMPIA AP,USW00024227,3.9
USW00024233,47.4444,-122.3139,112.8,WA,SEATTLE TACOMA INTL AP,USW00024233,6.3
USW00024243,46.5683,-120.5428,324.3,WA,YAKIMA AIR TERMINAL,USW00024243,20.3
USW00024255,48.35,-122.6667,14.3,WA,WHIDBEY ISLAND NAS,USW00024255,5.4
USW00024257,40.5175,-122.2986,151.5,CA,REDDING MUNI AP,USW00024257,2.6
USW00024284,43.4133,-124.2436,5.2,OR,NORTH BEND RGNL AP,USW00024284,0.2
USW00024285,44.6431,-124.0556,37.2,OR,NEWPORT,USW00024285,0.1
USW00025308,55.0389,-131.5786,33.2,AK,ANNETTE ISLAND AP,USW00025308,34.8
USW00025309,58.3567,-134.5639,4.9,AK,JUNEAU INTL AP,USW00025309,87.6
USW00025322,58.4111,-135.7089,12.2,AK,GUSTAVUS,USW00025322,72.30000000000001
USW00025329,56.8056,-132.9372,32.6,AK,PETERSBURG 1,USW00025329,85.6
USW00025339,59.5119,-139.6711,10.1,AK,YAKUTAT STATE AP,USW00025339,147.3
USW00025501,57.7511,-152.4856,24.4,AK,KODIAK AP,USW00025501,70.3
USW00025503,58.6794,-156.6294,19.2,AK,KING SALMON,USW00025503,47.4
USW00025624,55.2208,-162.7325,23.8,AK,COLD BAY AP,USW00025624,67.3
USW00025713,57.1553,-170.2222,10.7,AK,ST PAUL ISLAND AP,USW00025713,64.3
USW00026411,64.8039,-147.8761,131.7,AK,FAIRBANKS INTL AP,USW00026411,64.6
USW00026412,62.9614,-141.9292,522.1,AK,NORTHWAY AP,USW00026412,42.9
USW00026442,61.1303,-146.3517,29.0,AK,VALDEZ WSO,USW00026442,325.29999999999995
USW00026451,61.1689,-150.0278,36.6,AK,ANCHORAGE INTL AP,USW00026451,77.9
USW00026510,62.9575,-155.6103,101.5,AK,MCGRATH AP,USW00026510,86.5
USW00026529,65.1744,-152.1069,69.2,AK,TANANA CALHOUN MEM AP,USW00026529,50.0
USW00026533,66.9161,-151.5089,195.7,AK,BETTLES AP,USW00026533,97.9
USW00026615,60.785,-161.8292,31.1,AK,BETHEL AP,USW00026615,64.0
USW00026616,66.8667,-162.6333,9.1,AK,KOTZEBUE RALPH WEIN AP,USW00026616,64.2
USW00026617,64.5111,-165.44,4.0,AK,NOME MUNI AP,USW00026617,80.8
USW00027502,71.2833,-156.7814,9.4,AK,BARROW POST ROGERS AP,USW00027502,45.8
USW00053917,30.0494,-90.0289,2.7,LA,NEW ORLEANS LAKEFRONT AP,USW00053917,0.1
USW00053919,33.6361,-91.7556,88.4,AR,MONTICELLO MUNI AP,USW00053919,0.7
USW00093009,39.2292,-106.3169,3027.3,CO,LEADVILLE LAKE CO AP,USW00093009,156.9
USW00093037,38.81,-104.6883,1884.0,CO,COLORADO SPRINGS MUNI AP,USW00093037,32.5
USW00093042,36.0167,-102.55,1216.2,TX,DALHART MUNI AP,USW00093042,20.3
USW00093044,35.0706,-108.8389,1923.6,NM,ZUNI,USW00093044,10.0
USW00093058,38.29,-104.4983,1438.7,CO,PUEBLO MEM AP,USW00093058,28.3
USW00093139,34.2325,-111.3447,1478.3,AZ,PAYSON,USW00093139,18.5
USW00093720,38.3406,-75.5103,14.6,MD,SALISBURY WICOMICO RGNL AP,USW00093720,8.0
USW00093721,39.1667,-76.6833,47.5,MD,BALTIMORE WASH INTL AP,USW00093721,19.3
USW00093727,34.7,-77.3833,7.9,NC,NEW RIVER MCAF,USW00093727,0.6000000000000001
USW00093730,39.4494,-74.5672,18.3,NJ,ATLANTIC CITY INTL AP,USW00093730,17.400000000000002
USW00093738,38.9408,-77.4636,88.4,VA,WASHINGTON DC DULLES AP,USW00093738,21.0
USW00093739,37.9406,-75.4631,11.6,VA,WALLOPS ISLAND FLIGHT FAC,USW00093739,8.4
USW00093814,39.0431,-84.6717,264.9,KY,CINCINNATI NORTHERN KY AP,USW00093814,23.3
USW00093815,39.9061,-84.2186,304.8,OH,DAYTON INTL AP,USW00093815,25.0
USW00093817,38.0442,-87.5206,121.9,IN,EVANSVILLE REGIONAL AP,USW00093817,10.8
USW00093819,39.7075,-86.2803,240.8,IN,INDIANAPOLIS,USW00093819,25.5
USW00093820,38.0408,-84.6058,298.7,KY,LEXINGTON BLUEGRASS AP,USW00093820,14.5
USW00093821,38.1811,-85.7392,148.7,KY,LOUISVILLE INTL AP,USW00093821,13.4
USW00093822,39.8447,-89.6839,181.1,IL,SPRINGFIELD CAPITAL AP,USW00093822,21.8
USW00093842,32.5161,-84.9422,119.5,GA,COLUMBUS METRO AP,USW00093842,0.5
USW00093862,34.2622,-88.7714,110.0,MS,TUPELO RGNL AP,USW00093862,1.5
USW00093914,31.7831,-95.6039,141.7,TX,PALESTINE 2 NE,USW00093914,0.1
USW00093919,31.1828,-90.4708,125.9,MS,MCCOMB/PIKE CO/JOHN E LEWIS AP,USW00093919,0.2
USW00093993,36.0097,-94.1694,381.3,AR,FAYETTEVILLE DRAKE FLD,USW00093993,6.5
USW00094008,48.2138,-106.6213,696.5,MT,GLASGOW INTL AP,USW00094008,40.7
USW00094012,48.5428,-109.7633,787.9,MT,HAVRE CITY CO AP,USW00094012,41.0
USW00094014,48.1739,-103.6367,579.7,ND,WILLISTON SLOULIN INTL AP,USW00094014,48.2
USW00094052,45.5464,-100.4078,522.7,SD,MOBRIDGE MUNI AP,USW00094052,31.0
USW00094143,43.5317,-112.9422,1505.1,ID,IDAHO FALLS 46 W,USW00094143,24.8
USW00094290,47.6872,-122.2553,18.3,WA,SEATTLE SAND PT WSFO,USW00094290,3.8
USW00094702,41.1583,-73.1289,1.5,CT,BRIDGEPORT SIKORSKY MEM AP,USW00094702,33.6
USW00094728,40.7789,-73.9692,39.6,NY,NEW YORK CNTRL PK TWR,USW00094728,29.8
USW00094746,42.2706,-71.8731,304.8,MA,WORCESTER RGNL AP,USW00094746,72.9
USW00094789,40.6386,-73.7622,3.4,NY,NEW YORK JFK INTL AP,USW00094789,25.9
USW00094814,44.3592,-84.6739,350.8,MI,HOUGHTON LK ROSCOMMON AP,USW00094814,65.9
USW00094822,42.1928,-89.0931,222.5,IL,ROCKFORD GTR ROCKFORD AP,USW00094822,37.1
USW00094823,40.4847,-80.2144,366.7,PA,PITTSBURGH INTL AP,USW00094823,44.1
USW00094830,41.5886,-83.8014,203.9,OH,TOLEDO EXPRESS AP,USW00094830,37.4
USW00094846,41.995,-87.9336,200.6,IL,CHICAGO OHARE INTL AP,USW00094846,38.4
USW00094847,42.2314,-83.3308,192.3,MI,DETROIT METRO AP,USW00094847,45.0
USW00094849,45.0717,-83.5644,208.5,MI,ALPENA CO RGNL AP,USW00094849,77.6
USW00094850,46.5311,-87.5483,430.1,MI,MARQUETTE,USW00094850,196.8
USW00094860,42.8939,-85.5447,237.1,MI,GRAND RAPIDS,USW00094860,77.6
USW00094908,42.3978,-90.7036,321.9,IA,DUBUQUE RGNL AP,USW00094908,42.5
USW00094910,42.5544,-92.4011,264.6,IA,WATERLOO MUNI AP,USW00094910,39.1
USW00094911,42.8783,-97.3633,359.7,SD,YANKTON 2 E,USW00094911,38.1
USW00094993,45.6689,-96.9914,353.9,SD,SISSETON MUNI AP,USW00094993,36.3
